"age","channel","prior_purchases","satisfaction","response_time"
59,"web",2,8,43.2
36,"phone",11,10,47
48,"in-person",2,7,35.5
45,"in-person",1,9,40.4
56,"email",5,8,33.5
19,"phone",8,10,14.9
32,"email",10,10,14.1
43,"phone",11,10,13.9
71,"in-person",9,4,44.9
25,"web",12,9,21.9
73,"phone",13,7,51
20,"email",3,4,29
41,"in-person",3,6,25.8
57,"web",2,1,62.6
39,"in-person",1,7,31.7
64,"email",15,9,38.6
25,"phone",4,1,40.7
76,"phone",2,5,60.3
43,"email",12,4,34.8
29,"email",8,1,38.4
68,"web",5,2,65.7
37,"web",6,9,24.3
57,"phone",1,1,60.7
67,"in-person",14,3,65.8
48,"in-person",8,2,47.7
32,"in-person",5,4,52.2
23,"in-person",3,6,22.6
33,"phone",0,2,45.6
39,"in-person",12,3,36.4
76,"web",2,10,30.9
38,"web",6,2,35.5
21,"email",6,9,12.1
28,"phone",3,8,25
55,"phone",15,3,62.2
43,"in-person",13,4,34.1
40,"in-person",13,10,32.2
19,"email",5,4,34.2
53,"in-person",4,1,70
55,"phone",2,3,64.6
73,"phone",0,7,45.5
60,"email",4,4,45.9
25,"phone",12,6,27.1
77,"email",13,3,57.1
34,"in-person",0,5,38.1
76,"phone",4,9,56.9
31,"email",15,2,23.3
53,"in-person",2,7,37
74,"in-person",8,10,35.4
20,"email",4,6,16.8
62,"web",12,3,31.3
70,"in-person",14,6,54
41,"phone",14,9,36.8
58,"web",2,1,40.5
70,"phone",11,10,45.9
39,"web",14,3,39.3
25,"phone",7,2,39.8
62,"email",4,9,33.6
64,"web",3,4,47.8
58,"web",1,10,13.5
48,"phone",2,2,59.3
51,"web",5,2,63.8
49,"in-person",12,5,50.6
29,"phone",6,3,54.5
38,"phone",6,5,35.1
25,"web",3,2,46
75,"in-person",3,5,58.4
80,"in-person",5,10,40.4
41,"web",2,10,20.5
27,"web",15,2,40
63,"phone",9,8,31.2
75,"email",2,4,40.7
57,"web",6,10,24.9
76,"phone",10,6,54
65,"email",5,3,46.3
67,"email",6,9,26.7
40,"in-person",7,9,30.3
22,"email",8,2,41.9
49,"email",15,2,45.6
55,"in-person",3,7,34.7
20,"in-person",9,10,15.8
70,"in-person",8,9,54.5
58,"phone",7,3,68.7
33,"web",10,8,38.8
79,"web",9,10,36.5
72,"phone",14,10,60.8
25,"web",11,5,22.8
45,"phone",5,1,61
33,"web",8,5,20.9
67,"web",15,10,29.5
35,"web",0,1,49.1
57,"phone",15,5,41.9
46,"phone",2,8,38.4
55,"email",2,4,34
27,"web",15,5,34.3
62,"email",8,1,41.6
47,"in-person",8,2,40.5
73,"web",4,3,54.4
56,"phone",15,9,28.9
74,"phone",0,6,44.2
74,"phone",2,7,38.4
73,"phone",3,4,54.8
39,"phone",15,1,53.8
61,"in-person",4,2,57.6
23,"in-person",13,4,33.6
21,"in-person",3,8,22.1
65,"web",14,5,26.3
66,"in-person",5,2,54.6
60,"phone",2,5,52.4
30,"email",6,4,27.7
61,"phone",8,7,48.8
72,"in-person",13,8,49.8
77,"phone",14,5,61.4
72,"web",2,1,45.2
35,"web",4,10,21.8
50,"phone",8,9,24.1
34,"web",3,4,36
50,"phone",1,9,40.8
61,"web",2,9,40.8
28,"in-person",1,3,45
49,"email",8,3,43.5
65,"web",4,9,35.5
51,"in-person",0,7,42.8
58,"email",12,1,50.5
75,"in-person",1,8,49.4
66,"email",8,2,38.4
25,"web",0,1,53
26,"web",1,5,28
76,"in-person",6,3,70.6
26,"web",4,2,27.3
39,"phone",14,10,41.5
69,"in-person",3,1,66.2
31,"web",6,9,13.7
60,"in-person",3,9,29.1
41,"email",12,9,25.4
69,"phone",11,8,55.8
78,"in-person",15,10,35.7
45,"web",14,1,36.5
71,"web",8,7,38.2
41,"web",13,6,21.2
57,"in-person",0,4,46.7
42,"in-person",4,8,17.7
35,"email",8,9,29.6
52,"web",15,10,34.7
35,"email",13,9,22.2
62,"phone",3,2,74.4
48,"web",5,3,18
67,"in-person",5,1,48.7
38,"in-person",2,6,24.4
60,"phone",3,9,38.2
40,"web",6,4,32.8
48,"phone",11,1,48.6
51,"web",6,5,49.1
48,"email",0,2,35.7
69,"phone",3,5,68.9
51,"email",8,10,19.5
35,"web",3,10,7.5
25,"web",9,7,26.1
54,"email",8,9,23.7
34,"phone",10,5,36.2
38,"email",11,8,25.7
65,"web",13,5,42.3
26,"email",15,2,29.8
77,"email",3,7,41.5
32,"email",8,1,31.1
39,"web",8,6,17.9
60,"in-person",6,7,50.2
25,"in-person",11,6,20.6
28,"phone",14,1,50.7
62,"email",3,7,36.2
48,"email",2,8,31.7
43,"phone",3,10,44.6
29,"in-person",12,5,32.7
47,"phone",5,7,36.6
78,"in-person",15,8,34.3
51,"phone",7,10,28.8
69,"in-person",9,9,40.3
18,"in-person",13,8,17.3
71,"phone",4,5,67.9
30,"in-person",7,10,35.8
53,"web",9,2,52.3
27,"phone",2,6,31.9
56,"in-person",1,7,39.6
48,"phone",8,8,46.3
61,"in-person",13,5,45.9
30,"web",4,10,15.8
56,"email",6,1,44.4
45,"phone",0,10,34.8
75,"in-person",15,10,43.9
36,"phone",3,6,49.8
21,"email",10,3,31.5
27,"email",15,9,16.6
34,"web",14,9,28.6
76,"web",6,6,51.8
55,"email",7,4,57.5
75,"web",1,8,37.4
61,"email",12,2,40.4
31,"web",0,5,33.7
75,"email",11,4,46.2
78,"phone",2,6,57.4
75,"email",4,3,51.5
60,"web",2,8,31.7
58,"web",8,8,23.3
25,"in-person",6,8,33
18,"phone",3,9,16.6
60,"in-person",5,10,27.9
27,"web",4,7,12.3
35,"in-person",14,3,47.7
61,"email",12,5,48.1
52,"email",8,9,21.5
41,"web",7,6,18.2
49,"in-person",11,7,41.3
32,"phone",14,5,23.8
54,"in-person",2,1,44.4
67,"web",15,10,38.1
40,"in-person",3,9,30.7
77,"email",15,3,51.3
19,"in-person",3,7,30.9
18,"in-person",12,8,4.3
28,"phone",10,8,26.9
24,"in-person",15,7,29.4
19,"email",3,6,10.1
38,"phone",6,2,51
18,"email",12,4,23.5
23,"web",2,5,4.3
31,"in-person",12,5,30.7
45,"web",13,7,24.7
57,"phone",14,7,45.4
32,"phone",12,3,40.9
49,"in-person",6,8,43.1
64,"phone",14,1,64.3
19,"in-person",12,4,29.8
72,"email",13,2,54.2
77,"phone",14,9,44.4
32,"web",5,6,48.1
28,"phone",7,7,43
45,"email",12,4,33.8
71,"phone",10,6,63.1
46,"email",12,10,26
21,"phone",14,8,34.7
42,"email",2,4,26.2
52,"in-person",13,6,43.2
51,"in-person",12,1,51.9
41,"in-person",5,6,39.7
70,"phone",7,6,52.8
52,"phone",13,4,43.2
48,"in-person",3,3,41
67,"phone",10,5,56.6
74,"phone",13,3,64.8
74,"phone",11,5,51.7
45,"in-person",14,6,34.2
47,"phone",2,6,29.8
57,"phone",2,9,43.6
62,"in-person",9,8,48.7
70,"in-person",13,8,45.3
35,"phone",7,2,67.6
33,"phone",9,1,43.1
55,"phone",3,2,74.7
25,"web",0,9,20
49,"web",12,3,40.8
64,"web",11,9,37.2
69,"in-person",5,7,51.5
28,"web",9,2,42
26,"email",15,9,9.5
26,"email",0,1,36.8
56,"phone",8,9,40.2
62,"email",15,5,43.7
21,"email",0,8,22
74,"phone",2,7,55.2
25,"phone",5,6,35.9
20,"web",6,8,14.2
73,"phone",14,9,55.7
71,"phone",3,9,40.2
38,"email",5,10,21.1
74,"phone",12,9,43.8
31,"email",6,1,42.2
43,"in-person",4,3,45.3
78,"in-person",14,3,80.2
61,"email",0,4,45.3
63,"email",11,9,39.1
45,"web",9,6,47.3
22,"phone",14,10,30.1
30,"in-person",1,5,25.2
78,"email",6,1,50.4
20,"email",9,7,7.2
36,"phone",8,9,39.8
60,"email",0,8,24.9
32,"in-person",2,2,43.2
66,"email",13,4,57
42,"web",11,8,30.5
50,"phone",11,4,43.2
38,"email",5,10,6.4
80,"email",12,8,53.2
40,"email",2,7,17.1
47,"in-person",7,4,49
46,"in-person",3,5,50.1
42,"web",6,5,35.8
36,"email",4,8,20.1
62,"email",0,8,37.7
76,"web",7,7,53.6
48,"in-person",9,7,33.1
48,"web",2,10,9
60,"phone",4,5,62.6
55,"in-person",6,5,52.7
72,"web",10,9,41.9
59,"in-person",15,2,57.1
44,"web",7,2,42.4
76,"email",3,4,48.6
56,"email",2,4,45.7
33,"phone",15,7,32.2
23,"web",6,1,45.2
19,"email",7,6,37.6
31,"phone",0,5,33.6
78,"in-person",9,6,54.8
56,"email",14,1,46.6
46,"web",3,1,42.8
52,"phone",6,3,58.6
48,"email",12,6,36.4
43,"phone",5,7,42.9
46,"in-person",12,1,51.2
44,"web",13,10,10.1
40,"web",3,7,32
67,"web",14,6,37.6
72,"web",15,9,44.8
59,"phone",4,2,55
38,"email",1,4,44.1
67,"in-person",6,6,50.2
61,"in-person",13,9,34.3
64,"phone",14,1,60.3
22,"email",11,5,35.7
53,"in-person",6,2,37.9
47,"web",13,1,40.2
45,"phone",9,1,48.2
31,"email",4,2,38.6
57,"in-person",2,1,68
69,"web",11,5,59.6
44,"web",7,2,31.2
66,"in-person",13,5,51.4
73,"phone",15,5,40
72,"web",13,3,40.2
65,"web",12,3,53.5
72,"in-person",2,9,43.4
63,"email",7,3,51.2
43,"in-person",10,6,42.2
70,"phone",1,6,33.6
51,"in-person",15,9,34.6
69,"phone",7,7,44.7
47,"email",12,6,33.1
20,"email",7,4,36.6
20,"web",8,7,24.7
45,"phone",15,3,64.3
20,"in-person",5,3,42.2
19,"email",1,5,20.3
75,"phone",14,9,40.8
21,"web",4,3,18.6
39,"in-person",0,2,36.4
25,"email",3,10,2.7
49,"phone",4,2,61.5
32,"web",15,5,35.4
67,"phone",12,6,60.6
57,"in-person",2,1,58.6
63,"in-person",3,4,49.1
49,"web",6,7,28.2
49,"in-person",4,1,45.8
51,"web",9,4,40.6
77,"in-person",6,3,66.8
80,"in-person",14,4,72.3
65,"email",4,10,34.9
34,"in-person",11,7,32.6
78,"web",1,4,47.7
34,"email",5,5,20.2
20,"web",6,6,33.1
31,"web",15,10,7.5
34,"email",10,2,21
39,"phone",5,8,33.7
39,"in-person",3,2,40.8
39,"email",11,3,28.1
22,"phone",0,5,34.8
23,"phone",2,1,44.8
31,"web",15,8,29.1
49,"phone",13,6,60.7
31,"in-person",11,9,30.3
73,"web",0,6,41.1
41,"web",11,2,35
38,"email",5,6,34.5
27,"email",0,5,52.1
69,"email",13,9,26.7
79,"in-person",0,6,46.2
39,"email",0,7,29.6
77,"web",3,1,60.5
73,"phone",14,2,75.6
27,"web",11,1,26
40,"in-person",10,2,53.9
27,"email",0,9,14.6
18,"in-person",14,2,44.4
52,"in-person",0,8,29
79,"in-person",0,2,70.2
70,"in-person",8,5,51.1
26,"email",15,4,19.1
32,"in-person",6,2,48.2
70,"email",13,6,32
18,"email",5,5,28.7
42,"phone",3,6,48.9
76,"phone",11,8,47.8
44,"phone",5,6,31.3
52,"web",2,8,38.4
54,"phone",15,4,51.4
56,"web",11,4,35.3
60,"web",4,2,60.3
27,"phone",8,8,33
39,"in-person",11,8,37.8
52,"email",14,5,41.1
70,"phone",10,3,55.8
32,"in-person",8,3,41.7
50,"web",2,7,44
58,"in-person",6,3,42.9
39,"in-person",4,8,31
36,"in-person",1,7,30.5
67,"email",7,5,42.6
42,"web",6,2,42.9
78,"phone",8,9,46.7
72,"email",2,10,37.7
48,"email",10,1,40.7
27,"phone",10,9,23.7
79,"in-person",0,1,55.6
45,"web",3,6,27.7
47,"in-person",6,1,52.2
65,"in-person",14,6,39.5
24,"email",8,10,1
48,"web",14,8,29.2
27,"email",14,5,14.7
68,"in-person",8,3,66.2
75,"phone",5,7,66.1
18,"web",7,5,8.8
26,"web",14,2,28.5
78,"web",13,7,47
44,"in-person",8,8,38.6
47,"email",9,6,18.3
56,"in-person",1,8,38
53,"in-person",5,4,60.5
66,"email",13,9,30.5
39,"web",9,5,28.3
23,"phone",11,3,50.4
53,"in-person",14,2,60.9
22,"email",0,1,33.4
77,"email",2,4,66.1
38,"web",0,8,27.7
53,"in-person",15,10,31.4
67,"in-person",9,2,57.1
79,"email",9,2,58.2
42,"phone",8,1,62.5
47,"in-person",1,3,62.7
33,"email",4,6,19.3
64,"phone",5,8,48.6
58,"email",12,3,46.1
19,"in-person",12,7,19.7
49,"in-person",15,1,47.7
37,"email",11,4,42.9
77,"in-person",6,7,47
79,"email",14,10,35.2
78,"web",11,2,75
75,"in-person",13,8,55.7
56,"in-person",2,1,46.8
74,"in-person",11,4,66.6
50,"phone",4,8,51.1
41,"phone",11,1,66.8
18,"email",7,7,25
45,"phone",1,1,59.1
33,"web",11,4,18.7
69,"in-person",3,6,48.2
19,"web",1,4,38.2
45,"in-person",15,1,63
49,"in-person",9,3,45.3
58,"email",3,10,27.7
27,"email",11,7,20.4
45,"email",14,8,31.3
66,"web",3,5,52.9
37,"in-person",10,2,35.8
28,"email",12,3,33.4
26,"phone",9,2,56.9
43,"in-person",6,4,54.3
66,"in-person",13,10,32.5
66,"web",8,7,36.8
57,"web",3,2,50.1
29,"phone",4,1,52.9
53,"phone",14,3,52.9
49,"in-person",14,9,28.8
30,"email",7,8,36.3
45,"email",8,6,38.7
59,"phone",9,9,48.7
43,"email",10,6,40.9
36,"phone",3,8,31.6
51,"email",5,7,45.5
52,"phone",2,2,69.6
70,"web",0,7,63.3
76,"phone",7,9,44.1
45,"web",10,10,16
27,"phone",13,8,36.8
50,"web",10,2,48.1
32,"in-person",12,3,27.7
38,"phone",1,8,31.7
38,"web",1,7,16.1
60,"in-person",4,6,38
47,"phone",0,6,43.5
75,"phone",13,2,61.5
29,"web",9,7,25.7
71,"email",15,10,31.1
22,"web",5,9,16.7
51,"phone",10,6,35.8
72,"email",1,9,31.8
59,"web",11,4,50.7
45,"web",11,1,51.7
32,"phone",15,5,47.1
20,"phone",0,3,37.8
29,"phone",5,9,27.7
46,"phone",7,9,31.3
65,"phone",8,6,61.5
27,"web",4,9,16.9
21,"email",1,8,33
51,"email",14,6,32.3
78,"phone",2,4,61.7
72,"phone",0,4,59.5
18,"email",4,5,22.2
71,"email",9,3,34.2
42,"web",14,8,10.2
35,"phone",10,1,56.3
30,"web",8,3,25
37,"email",2,9,22.7
78,"web",7,3,48
38,"email",14,10,13.3
30,"web",3,3,33.9
48,"phone",14,3,62.9
79,"email",9,3,48.4
30,"web",5,6,21.1
59,"email",3,7,38.2
31,"phone",4,2,58.5
30,"email",8,4,30.3
53,"phone",4,5,60.3
78,"phone",13,4,67.2
28,"in-person",15,7,21.8
60,"in-person",13,7,42.3
61,"in-person",4,2,60.4
68,"web",2,8,38.2
48,"phone",6,10,31.8
30,"in-person",14,5,33.7
24,"email",10,8,19.6
78,"phone",9,4,74.3
46,"phone",3,6,51.4
74,"phone",5,2,49.1
69,"in-person",14,2,51.8
44,"email",7,2,43
60,"web",15,5,34.7
64,"in-person",4,4,40.2
21,"in-person",3,5,33.4
26,"web",10,8,30.6
59,"email",1,6,28.4
24,"in-person",6,3,46.9
48,"phone",14,9,25.5
50,"email",8,1,44.8
59,"web",8,6,30.9
66,"web",2,4,27.4
38,"email",0,9,29.6
40,"in-person",11,10,30.3
36,"web",13,8,31.9
74,"phone",2,6,63.4
51,"in-person",9,7,38.4
64,"email",12,3,47.7
78,"phone",8,5,60.8
45,"web",14,1,46.6
52,"email",12,9,33.2
73,"phone",8,1,83.3
47,"in-person",5,2,52.6
78,"web",1,6,38
63,"phone",12,4,67.3
47,"in-person",5,10,31.4
71,"email",11,6,53.5
21,"in-person",3,5,35.5
74,"email",1,3,54.7
25,"phone",10,5,33.9
61,"in-person",12,2,54.5
25,"web",5,1,25.7
72,"phone",1,6,55.9
39,"phone",10,2,62.8
74,"web",6,6,50.4
70,"phone",5,6,61.4
54,"email",10,6,46.1
47,"web",10,5,32.5
70,"in-person",3,3,52.6
24,"in-person",13,5,29.7
55,"in-person",10,8,31.5
32,"web",6,5,35.9
39,"email",9,7,33.3
33,"web",1,9,9.2
36,"email",0,9,27.6
33,"in-person",14,2,45
58,"phone",3,4,45.9
24,"email",10,8,17.5
26,"web",7,2,25.5
67,"phone",0,5,66.7
77,"email",6,4,56.4
39,"in-person",4,6,57.1
31,"email",9,7,43.2
36,"in-person",13,7,22.3
58,"web",7,3,54.4
46,"phone",1,8,41
69,"email",15,2,43
24,"email",14,5,12.6
74,"in-person",8,6,43.1
75,"web",0,4,45.9
51,"email",8,4,42.9
37,"web",12,3,45.5
69,"web",2,4,43.7
21,"in-person",0,1,45.3
29,"in-person",4,6,27
53,"phone",8,5,50.1
47,"web",3,1,44.5
74,"web",4,9,35.3
66,"in-person",10,7,44.1
27,"phone",6,5,42
53,"web",6,5,31.4
33,"web",15,4,26.3
61,"in-person",2,2,61.2
64,"email",10,2,43.8
61,"phone",15,6,43.5
31,"email",5,4,41.9
43,"phone",7,4,59.7
20,"web",14,9,17.2
27,"web",5,6,21.6
62,"phone",11,10,28.3
38,"email",11,1,40.1
73,"email",6,5,42.4
18,"web",7,6,20.8
42,"web",0,7,36.2
77,"in-person",9,9,43.6
24,"in-person",10,7,25.5
57,"in-person",14,3,55.5
18,"phone",2,6,40
62,"email",3,10,26.8
59,"web",2,2,49.1
79,"email",4,7,44.9
75,"in-person",8,5,62.5
54,"email",15,3,36.1
67,"email",0,9,37.5
23,"phone",9,1,55.7
37,"email",4,3,38.7
66,"email",15,4,36.6
41,"web",14,7,30.5
77,"web",1,10,41
21,"phone",3,8,45.2
77,"phone",5,8,46.1
60,"phone",3,7,54.9
59,"email",7,1,50.5
43,"web",8,9,28.4
51,"email",7,5,30.3
80,"in-person",6,6,56
28,"email",0,9,26.6
35,"in-person",12,10,16.4
22,"email",0,5,24.3
79,"web",1,8,38.5
58,"web",3,8,29.4
41,"email",9,3,26.9
67,"in-person",11,7,38.5
66,"in-person",8,4,51.5
78,"phone",1,6,57.2
28,"phone",2,3,48
34,"phone",1,6,48.6
43,"in-person",2,3,51.7
60,"email",5,7,38
34,"web",4,4,50.4
26,"in-person",11,5,38.3
79,"web",7,2,59.6
67,"in-person",9,1,61.2
80,"email",5,9,35.1
72,"web",1,2,64.2
25,"in-person",0,4,38.2
58,"email",1,3,58.3
49,"in-person",0,1,71.5
22,"email",15,8,16.4
30,"web",12,4,25.4
34,"in-person",8,9,40.9
74,"in-person",3,10,58.8
35,"in-person",9,2,38.1
50,"in-person",15,7,40.4
30,"email",11,2,40.8
23,"web",12,6,24.6
50,"phone",9,8,49
65,"web",1,6,42.9
18,"web",6,4,32.1
46,"phone",0,10,24.4
78,"phone",15,5,60.8
19,"phone",13,2,25.4
24,"email",4,6,22.3
49,"in-person",10,2,55.3
49,"phone",5,3,57.7
20,"email",5,4,19.4
78,"web",14,1,59.1
54,"in-person",15,7,37.4
71,"web",8,4,64.7
79,"email",6,3,53.5
50,"web",0,8,10
35,"phone",2,8,41.9
73,"in-person",1,3,34
50,"phone",15,3,57.6
45,"phone",3,7,29.8
36,"email",1,6,23.4
31,"phone",15,2,43.7
77,"phone",14,6,64.4
23,"email",5,7,20.2
21,"in-person",14,3,28.5
72,"web",9,10,36.9
51,"in-person",15,2,53.7
61,"in-person",11,6,46.5
29,"in-person",2,5,30.8
31,"email",15,10,19.2
78,"in-person",7,4,53.6
33,"phone",9,10,51.7
21,"phone",11,5,28.2
65,"phone",9,2,63
66,"phone",3,5,37
74,"in-person",11,1,64.8
49,"web",9,6,22.8
59,"in-person",13,1,55.8
49,"in-person",12,8,32.3
72,"phone",15,3,68.2
47,"in-person",14,10,23.6
76,"phone",7,9,50.4
28,"email",4,9,19.8
50,"email",5,9,20
49,"web",3,9,38.7
65,"phone",12,2,71.1
35,"web",4,9,24
19,"phone",0,6,38.6
38,"web",15,5,52.2
30,"phone",5,4,46.8
34,"web",12,6,28.7
77,"email",1,9,46.3
63,"phone",10,2,65.2
34,"in-person",4,10,29.5
58,"phone",7,5,58.7
44,"email",6,5,25.5
56,"in-person",5,1,41
38,"email",8,2,47.4
64,"web",7,9,38.6
46,"email",4,4,23.4
51,"web",2,1,49.6
20,"phone",11,1,44.4
54,"web",12,3,51.4
21,"web",6,9,29.6
70,"phone",7,8,44.8
33,"web",12,7,20.6
19,"web",3,3,23.5
62,"in-person",4,5,45.1
63,"in-person",14,7,34.9
75,"email",15,9,31.2
28,"email",14,2,37.3
54,"email",15,8,48.5
69,"in-person",3,10,42.1
44,"in-person",5,8,32
21,"email",15,5,21.2
55,"web",7,9,22.6
40,"email",10,4,37.5
69,"web",4,8,45.4
54,"in-person",14,9,15.8
38,"email",1,10,15.4
37,"email",10,7,25.6
28,"web",2,1,34.6
66,"in-person",15,6,63.4
63,"phone",14,5,52.2
63,"email",13,8,30.2
48,"email",6,9,20.2
18,"in-person",15,6,14.8
32,"email",12,6,15.3
58,"in-person",9,10,32.5
30,"email",4,10,19.7
31,"in-person",11,9,34.5
49,"email",13,4,31.1
18,"in-person",9,8,32.6
42,"in-person",14,9,24
18,"email",2,4,25.5
27,"email",8,4,13.1
38,"in-person",7,7,40.2
23,"phone",12,1,48.8
62,"email",10,3,45.3
74,"phone",1,6,55.8
45,"email",4,1,44.2
43,"email",4,2,30.4
41,"web",8,4,45.7
39,"web",9,9,16.2
18,"web",9,5,16.1
57,"email",15,10,20.9
57,"web",3,3,49.4
47,"web",0,4,50.1
47,"phone",8,5,54.9
55,"in-person",8,10,35.7
80,"in-person",11,2,54.3
22,"in-person",12,7,26.2
55,"in-person",10,10,34
48,"in-person",3,6,41.5
80,"phone",10,7,62.6
48,"web",15,6,28.8
70,"phone",5,8,57.2
38,"in-person",8,1,56.3
35,"web",9,4,39.4
57,"web",5,6,43.4
34,"web",4,10,29.7
26,"web",8,3,35.5
70,"web",8,2,54
69,"email",13,8,49.5
78,"phone",9,6,69.9
71,"web",7,10,30.2
77,"web",2,1,46.3
40,"web",2,8,41.9
68,"in-person",2,5,50.7
75,"email",15,10,38.9
18,"phone",9,7,14.9
51,"email",9,2,48.1
52,"in-person",6,9,47.9
62,"web",11,10,32.4
51,"email",15,7,51.1
38,"in-person",6,6,16.3
38,"phone",9,9,38.1
26,"phone",6,3,53.3
64,"email",3,6,41.7
45,"in-person",1,3,54.6
52,"in-person",2,3,53.8
27,"phone",13,6,36.2
61,"in-person",13,2,51.1
66,"in-person",6,4,33.1
28,"web",3,3,40.5
48,"email",11,7,23.5
21,"email",12,7,17.7
21,"in-person",9,6,31
51,"web",6,6,39.4
28,"email",7,2,27
33,"web",1,1,51.3
42,"in-person",8,8,47.8
76,"email",8,5,42.2
59,"phone",3,4,61.5
75,"in-person",11,2,63.9
64,"web",9,2,56
74,"in-person",11,8,51
59,"web",1,3,27.2
53,"email",11,10,17.7
45,"email",0,2,42.9
23,"web",8,2,26.6
67,"email",12,7,53.1
71,"phone",9,3,58.6
68,"web",13,4,38.6
37,"web",4,7,44.1
68,"phone",13,8,49.3
29,"in-person",3,5,31.8
52,"phone",2,4,60.2
20,"email",5,5,29.2
73,"in-person",14,3,59.7
67,"web",3,4,46.4
28,"in-person",11,7,24.5
80,"web",2,9,33.2
48,"web",7,6,52.8
75,"phone",5,5,66.3
44,"web",4,3,39.9
23,"web",9,10,34.5
30,"email",9,8,18.5
32,"in-person",8,10,17
20,"in-person",10,9,28.7
26,"in-person",15,8,16.5
58,"email",14,4,44
31,"in-person",8,8,36.5
62,"phone",6,5,55
30,"phone",5,2,43.1
67,"phone",9,8,53.5
30,"phone",9,7,30.9
37,"email",11,7,19.3
23,"in-person",6,7,34.7
71,"in-person",15,6,58.3
77,"in-person",9,10,28.9
29,"in-person",12,10,28.9
32,"email",13,9,23.7
42,"email",1,9,17.3
57,"web",1,5,41.9
79,"phone",7,5,60.9
67,"web",0,7,37
28,"web",11,8,29.2
55,"in-person",13,8,39.5
21,"phone",0,1,53.5
56,"phone",7,2,62.7
68,"phone",8,2,61.6
51,"web",2,4,36.5
52,"in-person",5,1,55.3
79,"email",7,2,48.4
20,"phone",13,8,37
25,"web",8,6,22.5
24,"web",5,9,19.5
45,"in-person",14,5,41.1
79,"in-person",11,9,42.7
35,"in-person",8,7,47.2
39,"in-person",12,1,49.4
60,"in-person",2,4,45.9
34,"email",14,2,38.9
38,"email",4,8,18.5
46,"web",5,9,34.3
53,"phone",1,5,41.3
20,"phone",7,2,52.9
69,"web",5,2,51.6
49,"phone",11,8,38.6
68,"in-person",9,3,55.1
20,"email",5,10,16.9
41,"email",0,5,44.8
78,"in-person",5,7,39.6
68,"web",6,5,54.5
51,"in-person",11,4,47.4
64,"web",13,8,31.3
71,"web",13,10,21.2
22,"email",9,9,20.6
42,"web",3,3,39.1
47,"in-person",0,10,44.5
75,"phone",7,3,65.1
62,"phone",4,4,55.9
19,"email",2,9,1
23,"phone",13,8,37.6
69,"in-person",7,5,65.6
41,"in-person",1,1,58.8
40,"in-person",7,10,25.8
65,"in-person",1,6,50
65,"phone",1,7,34.2
21,"web",0,5,27.9
69,"email",3,2,59.7
57,"phone",11,5,37.8
24,"web",11,2,26.2
55,"in-person",10,7,40.3
27,"email",2,6,33.7
66,"email",7,4,37.6
53,"phone",2,7,50.9
56,"in-person",1,3,47
39,"in-person",9,6,42.2
67,"phone",7,9,33.3
78,"phone",3,9,47.6
79,"phone",10,6,50.3
31,"web",10,3,46.8
44,"email",10,4,48.6
44,"email",15,6,38.7
59,"web",14,8,32.5
28,"web",15,5,38.5
23,"web",1,8,23.3
35,"in-person",12,5,39.7
35,"web",15,5,26.7
34,"phone",0,3,21.8
42,"email",1,9,29
18,"email",7,2,28.9
36,"email",3,6,27.6
72,"phone",9,6,54.1
68,"in-person",2,3,60.6
45,"email",1,9,28.5
74,"in-person",1,7,51.2
29,"in-person",2,5,35.9
62,"web",2,10,21.9
59,"phone",8,4,66.6
61,"phone",6,5,74.9
36,"phone",4,5,45.7
28,"in-person",12,2,45.6
29,"email",6,4,44.4
19,"in-person",4,8,19.8
26,"web",11,9,19.6
59,"in-person",4,2,55.3
45,"in-person",11,8,50.6
21,"in-person",3,6,25.7
33,"web",7,8,17
64,"in-person",7,10,29.4
21,"phone",3,10,26.3
60,"email",9,8,38.3
18,"phone",1,5,24.5
35,"email",1,1,43
50,"in-person",3,1,48.8
60,"in-person",3,6,32.5
66,"phone",15,7,39.8
30,"email",0,2,26.4
35,"phone",12,9,18.2
57,"web",9,1,39.9
49,"in-person",14,4,50.2
22,"web",14,10,9.4
68,"phone",14,1,79.6
72,"email",11,8,38.9
61,"in-person",0,8,44.6
51,"phone",3,10,33.5
62,"phone",1,4,62.9
67,"email",6,9,37.9
36,"in-person",2,8,30.7
50,"phone",12,10,45.2
70,"email",4,1,58.6
45,"web",3,8,28.4
45,"web",6,5,35.6
44,"in-person",2,2,61
51,"email",9,1,50.4
46,"in-person",14,7,45.5
24,"in-person",15,10,11.9
64,"email",15,7,57.3
73,"in-person",5,2,52.7
27,"phone",8,8,35.9
80,"in-person",5,4,51.5
59,"in-person",9,10,36.7
41,"email",3,1,43.5
79,"phone",3,10,54.3
57,"phone",1,2,62.7
52,"email",11,7,25.9
54,"web",6,4,31.8
38,"web",1,10,18.1
27,"phone",14,6,39.6
29,"in-person",11,8,11.4
32,"web",2,4,29.6
46,"email",5,9,2.5
51,"in-person",10,5,33.1
71,"phone",2,8,57.5
56,"in-person",2,4,49.6
52,"web",3,6,42.4
19,"email",6,10,12.4
37,"email",10,6,26.6
26,"in-person",2,4,38.1
62,"in-person",11,3,48.7
34,"web",10,5,39.3
18,"email",11,7,27.6
32,"in-person",3,9,19
50,"in-person",9,7,39.3
70,"web",2,2,61.1
57,"email",14,7,45.1
67,"web",15,6,32.4
36,"in-person",0,10,27.8
25,"web",11,5,22.4
66,"web",5,2,42.3
35,"email",7,8,36.9
55,"in-person",9,7,43.5
47,"in-person",0,4,67.2
34,"in-person",0,7,32.5
77,"phone",10,3,65.9
40,"web",14,10,15.2
78,"in-person",13,1,58.5
33,"email",7,7,21.7
65,"phone",10,1,73.5
35,"email",3,3,41.9
24,"email",5,6,47
34,"email",10,10,27.9
45,"in-person",7,5,25
75,"web",13,6,45.6
23,"phone",5,7,46
71,"phone",9,2,69.5
40,"in-person",11,9,27.3
69,"web",3,5,37.4
32,"email",14,9,20.1
44,"web",5,3,38.4
31,"email",14,10,25.5
36,"in-person",2,9,45.3
34,"web",12,6,27.8
56,"phone",0,7,45.6
22,"phone",12,7,35.9
73,"web",15,9,43.8
40,"email",12,1,66.9
61,"phone",2,7,40.5
20,"in-person",5,10,23.1
71,"web",6,4,49
69,"web",8,9,46.1
77,"in-person",15,5,51
46,"email",4,7,36.8
38,"email",4,2,45.7
30,"in-person",2,1,36.6
25,"email",15,6,21.8
20,"phone",3,10,29.6
60,"phone",0,8,41.8
51,"phone",1,5,40.6
75,"in-person",11,10,43
47,"email",12,5,48.1
48,"web",10,7,24.7
27,"in-person",3,3,42.8
60,"email",15,2,62.4
63,"web",1,3,55.1
62,"phone",9,5,47.9
70,"in-person",4,6,59.8
55,"in-person",11,8,51.4
29,"in-person",0,1,38.2
24,"phone",15,8,30.4
80,"web",0,7,39.2
31,"web",4,7,21.9
79,"email",2,6,48.6
74,"phone",4,9,30.8
30,"phone",8,3,35.3
76,"phone",12,10,54.3
69,"in-person",12,1,53
37,"web",2,9,23.4
37,"phone",11,10,32.3
62,"phone",2,7,50.2
75,"web",0,8,46.7
29,"in-person",1,5,36.7
41,"in-person",11,4,40.9
63,"web",8,2,41.7
61,"in-person",9,3,32.6
66,"phone",4,7,55.1
63,"phone",6,3,53
52,"phone",12,3,52.1
62,"web",2,10,28.1
39,"web",14,7,24.6
44,"web",10,2,36.2
64,"web",9,6,29.5
78,"email",4,7,54.1
30,"email",11,1,31.2
24,"web",14,8,14.7
38,"email",6,9,37.8
71,"phone",4,9,51.4
44,"phone",14,8,38.2
46,"phone",7,9,36.6
51,"in-person",12,8,20.2
54,"web",7,3,34.9
46,"email",5,2,43.3
78,"email",14,8,29.2
72,"phone",7,6,52
56,"email",10,7,37.6
72,"phone",15,3,63.1
65,"in-person",14,9,44.1
35,"web",1,9,22.5
31,"phone",8,1,69
57,"web",12,3,43.5
31,"web",15,8,33.7
67,"email",6,5,27.5
59,"email",14,1,47.8
18,"email",0,7,4.1
47,"phone",5,6,45.6
63,"web",15,9,17
28,"in-person",9,6,31.7
57,"email",4,4,43.1
18,"web",14,4,22.2
62,"in-person",15,3,43.1
29,"in-person",10,5,33.7
71,"in-person",6,7,30.4
78,"phone",2,6,67.1
60,"web",14,5,41.8
29,"in-person",4,3,45.7
26,"in-person",2,4,22.8
50,"email",1,9,33.7
19,"email",10,7,36.4
61,"in-person",14,7,31.2
20,"web",10,9,14.5
42,"in-person",9,8,20.8
21,"email",1,7,27.9
69,"web",9,5,50.2
23,"phone",9,2,41.8
26,"phone",3,4,40.2
69,"email",0,9,39.9
70,"web",10,5,41.7
43,"web",11,1,47.9
42,"email",5,2,42.3
69,"phone",14,3,71.8
61,"email",3,9,31.7
20,"email",0,10,1
57,"email",14,2,47.5
55,"phone",13,4,59.8
19,"phone",4,6,34.2
35,"phone",11,4,34.3
73,"email",13,4,35.7
69,"in-person",5,5,48
45,"email",15,3,44.2
23,"in-person",12,4,42.9
24,"web",0,6,17.1
21,"in-person",0,10,20.4
28,"email",9,3,33.8
68,"in-person",6,10,44.5
71,"phone",0,6,68.6
47,"phone",15,10,46.1
65,"email",3,10,44.5
18,"web",15,5,25.7
68,"in-person",2,4,47.3
61,"phone",8,6,53.9
51,"in-person",1,6,43.9
78,"phone",12,2,73.9
44,"email",11,3,44.5
60,"phone",2,3,66
51,"email",11,9,20.8
22,"email",1,6,16.5
25,"email",6,6,35.7
37,"email",15,8,40.6
48,"in-person",3,8,44.6
53,"web",9,3,43.6
35,"in-person",2,2,56.6
54,"email",10,3,44
46,"in-person",7,2,60.1
72,"phone",12,2,63.5
21,"email",12,5,27.4
64,"web",8,10,35.6
34,"phone",2,9,33.4
64,"web",8,4,41.4
75,"in-person",3,1,62.5
42,"web",15,4,35
33,"phone",6,7,38.9
59,"phone",8,8,51.6
55,"in-person",8,5,54.1
59,"email",8,4,49
78,"email",6,8,52.3
43,"phone",4,2,33.4
35,"phone",1,2,53.5
62,"web",7,2,58.8
68,"web",0,10,29.2
77,"phone",0,4,67.7
76,"in-person",9,7,38.5
69,"email",4,8,44.1
65,"email",6,1,51.6
46,"phone",0,2,50.9
22,"phone",14,7,31.4
73,"phone",3,9,49.1
24,"email",10,10,1
49,"in-person",15,8,25.6
80,"email",5,1,69
34,"email",0,3,50.3
29,"phone",11,1,41.9
74,"web",13,8,32.1
30,"phone",3,4,48.7
49,"web",1,4,36.2
33,"email",6,3,29.5
32,"email",6,6,14.9
68,"in-person",14,9,44.3
72,"email",8,8,41.5
39,"phone",6,2,44.3
43,"web",15,4,42.6
52,"in-person",13,10,24.9
70,"phone",3,2,62.2
28,"web",9,9,19.4
62,"email",3,5,47.6
60,"email",1,3,52.1
56,"web",13,10,36.1
39,"email",3,3,35.7
27,"phone",10,6,38.5
39,"web",2,6,42.9
56,"phone",8,3,53
80,"web",7,4,40.2
34,"email",7,3,41.9
61,"in-person",15,10,33
26,"phone",5,2,54.3
69,"email",8,7,50.3
50,"email",6,2,28.2
27,"in-person",8,8,10.4
33,"web",13,10,4.1
36,"email",4,8,19.1
78,"web",12,1,67.3
53,"phone",13,3,40.4
53,"in-person",1,7,36.9
58,"web",4,4,28.9
60,"email",4,6,55
59,"web",2,3,26.7
56,"web",5,5,41.2
24,"email",9,7,15
46,"web",9,1,50
19,"in-person",13,4,35.2
63,"in-person",14,9,34.6
33,"phone",13,9,20
24,"in-person",14,2,45.2
61,"in-person",2,9,47.1
30,"email",1,6,19.1
40,"in-person",0,7,21.5
65,"web",5,3,46
30,"email",15,6,27.8
43,"phone",2,5,40.8
28,"email",1,4,29.5
69,"web",11,4,47.2
33,"email",9,7,34.8
51,"phone",6,2,53.1
59,"phone",5,10,31.7
38,"email",0,5,33.2
33,"phone",0,3,34
68,"web",14,2,49.5
32,"web",10,2,33.7
53,"email",2,7,41.3
63,"phone",14,1,61.8
67,"phone",7,10,35.6
36,"phone",2,7,39
57,"email",0,5,53.8
69,"phone",6,7,56
29,"phone",1,7,26.9
29,"phone",14,10,39.6
46,"web",3,8,15.4
67,"in-person",14,9,43.8
63,"phone",5,3,59.8
41,"email",6,4,33.3
48,"email",8,2,45.2
56,"web",15,6,30.3
20,"web",13,10,8.9
54,"email",7,7,28.9
39,"phone",14,5,39.8
25,"phone",7,9,17.6
46,"in-person",13,8,27.9
20,"email",6,7,21
75,"in-person",12,9,30.8
38,"web",3,3,52.2
47,"phone",10,3,51.2
34,"web",1,5,32.7
60,"phone",10,3,60.6
71,"web",11,9,24.3
20,"in-person",5,1,26.7
39,"email",13,8,16
40,"in-person",4,3,51.4
62,"in-person",5,2,48.6
60,"phone",9,6,52.7
38,"email",1,9,26.3
47,"web",13,9,33.7
33,"web",1,9,20.4
74,"email",7,7,52.8
78,"email",13,4,47.7
62,"phone",7,8,35.2
78,"email",12,1,54.8
24,"web",6,8,25.1
36,"phone",12,8,27.8
34,"web",8,1,37.1
42,"web",9,8,33.1
59,"web",1,6,29.5
69,"in-person",7,5,47.9
62,"web",2,2,58
40,"phone",1,5,47.2
41,"in-person",9,10,19.1
54,"web",11,4,38.7
46,"web",13,9,17.4
44,"email",8,9,17.5
26,"web",6,8,23.9
77,"email",3,2,52
28,"web",6,10,36.5
48,"phone",11,8,43.5
78,"in-person",14,4,59.2
59,"email",2,7,49.4
38,"phone",8,3,54.2
38,"in-person",15,9,33
31,"email",4,5,25.7
36,"in-person",4,9,24.7
78,"phone",12,4,61.5
23,"email",3,10,19
55,"phone",7,3,53.5
20,"phone",10,1,46.6
56,"phone",15,2,53.3
44,"email",15,8,24.5
47,"phone",12,5,52.1
75,"email",12,7,34.6
53,"email",6,6,37
29,"in-person",11,3,54.2
41,"email",3,10,26.4
50,"in-person",3,8,33.4
22,"email",12,4,23.2
71,"in-person",14,6,41.8
47,"in-person",6,7,46
19,"phone",11,4,46.2
55,"email",0,6,34
41,"web",7,7,30.1
75,"email",12,10,27.1
42,"web",12,4,32.4
47,"email",13,5,38
53,"in-person",3,10,40.7
28,"web",3,2,27.1
72,"in-person",13,6,49.4
25,"in-person",12,8,20.3
36,"email",1,8,25.4
31,"in-person",14,3,35.6
71,"email",3,2,49.3
49,"in-person",1,8,19.8
47,"in-person",2,4,28.2
76,"email",2,7,50.4
70,"web",1,9,42
33,"phone",15,10,38.7
48,"web",2,3,38.5
61,"email",8,10,29.8
22,"email",4,10,20.7
65,"phone",12,10,39.9
60,"web",6,4,45
74,"in-person",0,8,41.3
65,"in-person",0,3,51.1
69,"in-person",9,9,21.3
40,"in-person",1,3,42.2
66,"in-person",6,2,74.6
21,"phone",5,7,22.6
37,"web",3,4,45.9
21,"in-person",12,10,15.1
51,"in-person",1,8,35.8
33,"web",10,4,30.9
57,"email",8,7,39.7
69,"web",5,7,39.3
49,"email",10,9,25.7
67,"phone",3,5,67.5
67,"phone",10,2,49.2
57,"phone",15,8,60.5
44,"phone",3,3,50.5
32,"web",5,6,20.6
27,"phone",4,4,37.2
23,"in-person",9,8,26.3
32,"email",7,7,29.7
49,"phone",2,2,58.9
62,"phone",0,6,62.8
65,"phone",14,1,64.5
59,"in-person",15,6,39.2
65,"in-person",4,8,38.6
32,"email",0,5,21.8
21,"web",5,1,34.7
61,"email",11,2,66.7
30,"phone",7,4,33.6
47,"in-person",5,2,44.8
52,"phone",1,3,43.9
73,"web",14,9,36.5
73,"phone",15,9,64
29,"web",14,8,1
49,"email",2,8,34.8
40,"in-person",11,7,42.4
37,"email",10,9,36.2
35,"email",4,8,5.8
30,"phone",4,3,37.6
65,"email",5,9,23.6
37,"email",10,9,38
42,"phone",6,4,52.3
50,"phone",1,7,36.2
32,"email",4,5,39.5
51,"in-person",11,5,33.4
58,"web",2,2,48.4
46,"in-person",3,8,15.6
46,"phone",13,4,36.7
66,"in-person",9,5,53.2
60,"email",15,8,35
38,"email",2,7,30.5
71,"in-person",6,9,40.6
33,"in-person",0,5,35.2
18,"web",1,4,31.3
70,"web",12,9,23.8
39,"phone",9,1,59.1
80,"email",13,5,46.6
57,"phone",4,7,31.1
40,"web",2,7,41.8
72,"phone",6,8,50.6
30,"web",2,10,21.4
56,"email",8,6,43.9
61,"web",7,3,54.9
67,"in-person",0,7,38.9
80,"email",7,4,57.1
46,"web",7,5,49.3
61,"web",10,10,21.9
23,"phone",6,2,45.3
51,"email",7,7,32
51,"phone",10,3,58.5
36,"email",3,7,31.4
21,"in-person",8,10,21.1
59,"web",15,9,37.5
50,"web",3,10,23.4
76,"email",6,6,55.1
73,"in-person",2,2,61.8
72,"email",8,3,41.7
37,"phone",5,7,41.8
66,"in-person",8,1,57.4
28,"phone",6,4,43.1
54,"web",14,1,52
78,"web",9,2,60.5
43,"web",8,5,34.5
50,"email",7,3,38.5
44,"web",11,5,28
36,"in-person",13,7,32.7
72,"email",14,8,36.7
54,"in-person",1,2,45.9
74,"in-person",7,10,45.2
64,"email",15,9,32
60,"phone",8,7,61.5
58,"email",12,10,32.2
18,"email",15,4,29.9
33,"in-person",15,2,36
22,"phone",10,6,30.3
39,"email",6,6,42.4
69,"in-person",14,5,46.3
60,"phone",2,3,73.9
40,"in-person",2,6,25.9
27,"in-person",0,9,27.1
60,"in-person",3,3,41
74,"email",2,4,56.3
32,"email",11,8,34.8
34,"web",8,4,43.4
32,"in-person",1,2,47.7
45,"email",1,5,41
40,"web",2,8,27.6
57,"email",0,9,22.7
31,"email",1,6,19.2
45,"in-person",4,4,40.6
23,"web",0,7,30.1
78,"in-person",7,1,58
33,"web",12,7,12.4
20,"web",12,5,29
29,"web",2,3,39.6
35,"web",1,4,28
61,"email",4,5,32.2
32,"email",2,10,5.6
56,"in-person",7,2,47.2
68,"in-person",4,4,62.3
52,"email",4,10,17.4
52,"in-person",11,4,49.3
34,"web",8,9,1
38,"web",10,6,26
48,"phone",5,6,34.5
47,"phone",10,1,50.9
45,"phone",11,9,32.6
30,"web",13,3,39.4
29,"web",8,8,29.1
71,"email",6,7,38.3
36,"in-person",11,7,35.9
27,"in-person",15,8,24.7
72,"web",10,2,61.5
68,"web",6,2,64.4
56,"web",4,8,20.5
46,"in-person",4,7,42.9
40,"in-person",2,9,33.7
39,"web",12,3,18.9
78,"email",3,9,41
45,"email",10,7,33.9
26,"web",14,7,17.3
44,"phone",8,2,49.8
55,"web",9,10,28
21,"email",4,8,6.5
22,"in-person",1,8,24
19,"web",9,6,16
59,"phone",10,2,59.7
43,"email",13,8,48.1
40,"phone",3,3,52.1
41,"email",8,6,34.9
20,"phone",13,6,35.2
71,"web",13,7,35.6
29,"in-person",6,1,59.1
35,"in-person",12,4,25.6
43,"in-person",5,10,16.1
50,"web",10,5,41.3
33,"email",1,10,20
37,"in-person",15,6,29.7
47,"web",11,4,31.1
65,"email",0,10,39.5
73,"in-person",5,3,58.7
42,"web",6,7,32.2
50,"web",7,3,37.1
31,"phone",0,8,24.7
59,"in-person",14,3,44.3
55,"web",12,1,55.8
57,"in-person",15,3,70.3
32,"web",4,10,6.5
65,"in-person",8,8,48.8
63,"email",9,10,32
79,"email",8,7,44.8
44,"web",2,5,38.6
69,"web",7,5,35.4
74,"web",8,4,59.9
25,"web",6,10,12.8
32,"phone",10,8,41.2
46,"email",12,3,33.5
45,"in-person",15,5,37.1
71,"web",8,3,44.3
65,"phone",13,8,47.6
31,"web",9,8,15.1
19,"email",7,4,20.4
51,"email",14,8,24.9
39,"email",13,6,20.1
48,"phone",14,8,37.7
30,"web",4,1,50.4
65,"web",5,2,65.5
68,"web",12,2,50.4
72,"web",0,10,37.9
59,"web",1,2,58.7
36,"email",12,2,33.1
55,"email",10,3,43.5
54,"web",1,3,50.8
47,"email",3,5,41.6
72,"phone",3,3,65.2
20,"email",6,5,20.6
53,"in-person",4,7,46.2
31,"in-person",4,4,38.2
23,"phone",10,9,39.8
49,"phone",5,6,50
39,"web",8,4,30.7
51,"email",4,5,41.4
31,"phone",13,5,55.4
33,"phone",12,1,59.7
49,"web",10,9,32
72,"web",4,4,39.6
78,"web",3,10,37.2
53,"web",7,3,45.2
39,"phone",14,1,50.5
69,"web",13,1,55.5
51,"in-person",12,1,51
23,"web",2,6,31.2
28,"email",7,3,21.1
73,"phone",7,9,57.6
35,"in-person",3,1,53.2
21,"in-person",6,5,24.5
27,"phone",0,4,56.6
26,"phone",2,8,40.3
46,"in-person",2,2,64.2
45,"phone",12,8,66.3
36,"phone",12,4,36
30,"in-person",5,7,32
76,"in-person",6,7,58.9
72,"email",10,6,43.1
49,"in-person",5,10,33
39,"web",7,2,46.1
25,"web",7,9,13
78,"in-person",10,9,55.7
72,"phone",3,10,43.7
45,"phone",11,5,43
36,"email",3,1,40
26,"email",8,3,48.8
18,"in-person",14,2,38
68,"in-person",4,9,43.4
30,"web",5,1,42.6
54,"in-person",4,8,41.6
28,"web",6,10,19.7
34,"in-person",3,3,37
41,"web",9,10,9
61,"in-person",5,6,37
52,"phone",5,9,41.6
79,"email",13,8,48.8
38,"phone",6,9,37.6
52,"email",3,4,48
38,"email",6,3,37.3
44,"web",8,8,23.2
67,"in-person",1,10,36.1
25,"web",13,4,29.7
60,"in-person",1,10,17.7
26,"web",10,3,37.6
29,"web",8,2,45.4
41,"in-person",12,5,38.2
35,"web",10,3,25.6
19,"in-person",4,6,13.7
52,"in-person",13,1,58.4
75,"email",1,3,50.7
32,"in-person",0,3,37.2
29,"web",12,7,22.9
36,"email",11,10,1
69,"web",1,7,34.2
45,"in-person",2,1,49.4
39,"in-person",11,5,37.1
65,"web",11,1,62.4
80,"email",15,6,41.8
34,"phone",11,6,43.3
67,"in-person",0,5,50.7
18,"phone",7,4,22.3
24,"email",3,8,23.8
25,"email",15,8,43.6
60,"in-person",12,6,35
35,"phone",4,4,38.1
48,"web",13,6,33.6
50,"email",11,4,35.4
53,"email",7,8,34
63,"in-person",12,1,68.4
22,"phone",6,3,52.7
49,"phone",8,1,52.4
26,"web",8,4,30.1
69,"phone",6,2,68.3
79,"web",10,6,49.7
64,"in-person",11,9,32.4
62,"email",10,9,38
34,"web",7,2,36.2
26,"web",5,1,44.4
72,"web",3,2,43.7
25,"email",14,6,28.6
49,"email",6,9,12.2
62,"email",13,6,30.3
45,"phone",8,10,38.1
72,"phone",11,1,52.5
74,"phone",14,5,57.4
71,"in-person",15,9,49.1
38,"phone",8,8,33.6
58,"web",11,7,22.8
66,"in-person",12,3,55.4
64,"in-person",1,7,41.2
44,"in-person",6,6,38.3
61,"in-person",15,9,38.4
55,"in-person",4,3,38.7
56,"email",8,8,21.8
19,"email",5,9,24.8
73,"web",14,9,38
27,"web",10,2,27.9
75,"phone",9,4,66.8
70,"in-person",3,3,41.2
31,"phone",12,9,24.7
19,"email",8,10,2.9
39,"web",11,7,46
75,"in-person",8,1,59.4
69,"in-person",4,1,67.8
46,"phone",9,1,76.1
63,"phone",6,7,42.6
35,"email",1,3,41.3
20,"in-person",4,1,40.1
27,"web",3,5,34.4
70,"phone",15,6,62.6
58,"web",9,5,33.4
66,"email",12,1,50.9
18,"in-person",8,7,26.7
48,"in-person",7,9,32.1
59,"email",15,8,28.2
27,"web",6,5,19.4
53,"email",13,7,27.5
24,"in-person",1,8,17
58,"web",13,8,28.8
22,"in-person",5,4,39.6
36,"in-person",0,10,22.8
69,"web",12,7,35.1
51,"email",8,4,58.5
71,"in-person",7,3,39.1
72,"email",1,4,43.1
57,"in-person",15,5,42
69,"in-person",15,10,45.9
73,"email",5,7,35.8
72,"phone",7,6,65.2
38,"in-person",3,2,57.6
33,"phone",5,5,45.4
33,"phone",11,1,62.8
51,"email",12,5,35.8
24,"web",13,5,32.8
68,"phone",13,10,55.9
33,"email",2,10,17.2
28,"phone",6,6,28.6
46,"web",1,1,47.1
19,"web",6,6,32.7
56,"in-person",12,3,49.5
67,"phone",12,1,58.6
72,"email",6,1,58
29,"in-person",14,5,27.5
55,"email",3,1,56
51,"web",6,8,45.2
42,"email",13,7,45
32,"in-person",14,2,36.7
68,"email",14,9,47.7
33,"phone",9,4,35.6
57,"in-person",8,3,48.9
72,"email",6,6,27.1
51,"phone",9,9,44.2
62,"web",2,5,39.9
75,"phone",2,10,56.1
53,"phone",7,8,35.8
48,"in-person",5,9,30.8
72,"in-person",1,2,68.5
40,"email",5,6,45.1
49,"phone",0,3,47.4
54,"web",0,2,36.1
54,"in-person",12,3,54.3
60,"web",9,7,34.4
29,"phone",8,8,26.8
55,"phone",11,5,45.9
71,"email",2,5,38.5
26,"phone",13,6,37.1
46,"email",15,9,35.7
22,"web",15,5,24.7
48,"web",1,4,38.2
68,"phone",1,8,60.1
44,"in-person",11,2,59.8
50,"web",3,2,54.6
33,"email",15,6,36.7
25,"in-person",11,7,32.3
71,"phone",2,8,47.9
74,"web",9,10,29.5
59,"phone",13,8,43.7
18,"phone",0,6,27.9
33,"phone",0,4,44.5
67,"web",15,4,43.3
34,"email",13,10,21.5
22,"phone",15,7,31.8
69,"phone",6,4,58.6
67,"web",2,6,62.2
24,"web",4,8,25.2
37,"in-person",9,3,38.2
21,"in-person",7,4,29.6
74,"in-person",1,2,43.9
27,"email",2,8,21.1
25,"web",0,9,17.7
77,"in-person",5,4,47.9
64,"in-person",10,3,59.4
54,"in-person",5,8,37.8
29,"phone",7,7,32
50,"phone",2,7,49.7
31,"phone",12,8,34.5
57,"in-person",14,3,40.8
26,"email",0,7,8.9
50,"phone",5,6,35
22,"in-person",2,10,19.2
37,"web",0,6,30.7
57,"web",8,4,41.7
49,"web",7,9,15
27,"phone",7,1,69.1
23,"email",12,3,50.1
46,"web",10,5,52.5
32,"web",15,4,36.6
26,"phone",11,9,36.1
26,"phone",13,10,29.7
77,"web",4,3,48.7
42,"email",6,2,37
25,"web",10,6,29.3
33,"in-person",9,9,24.9
65,"email",3,1,56.3
62,"phone",1,4,43.8
20,"email",10,6,13.9
40,"web",3,10,33.1
54,"in-person",1,3,53.2
52,"web",3,1,56.1
18,"email",2,2,38
67,"email",12,2,45.5
27,"email",0,10,7.2
46,"web",15,6,39.6
38,"web",7,10,2.3
25,"email",12,1,40.1
43,"web",11,4,37.3
35,"email",4,8,21.5
44,"email",5,9,21.9
64,"email",3,10,26.6
24,"phone",6,3,49.8
43,"in-person",10,4,27.2
72,"web",9,8,47.4
31,"web",6,6,35.4
23,"in-person",13,1,48.7
49,"web",3,5,34.6
26,"phone",1,1,37.1
80,"email",2,2,66
72,"email",4,7,42.1
60,"in-person",11,3,54
80,"in-person",10,6,40.6
65,"web",13,5,47.7
72,"email",5,10,27
45,"email",13,3,45.2
70,"phone",7,5,51.9
73,"in-person",14,2,57.3
27,"email",2,7,32.8
39,"email",13,3,30.8
21,"email",10,10,11.5
76,"web",13,5,57.2
65,"in-person",15,10,31.4
33,"in-person",13,10,26.3
20,"in-person",0,4,30.7
63,"phone",8,1,64.4
23,"web",7,10,18.4
27,"email",2,3,42.2
68,"email",5,3,38.5
51,"web",6,2,43.2
70,"web",2,6,62.7
42,"phone",9,2,52.2
61,"phone",14,2,67.8
23,"phone",0,9,27
53,"in-person",6,3,34.6
45,"phone",2,10,40.5
68,"phone",0,10,50.8
34,"web",11,2,35.1
31,"email",8,1,23.9
72,"in-person",10,8,52.3
53,"in-person",11,3,55.8
20,"email",1,3,39.1
24,"phone",3,8,23.3
63,"phone",12,7,53.1
58,"web",13,5,46.8
46,"email",0,5,41.9
29,"web",0,9,27.7
58,"in-person",14,4,54.2
45,"phone",6,7,36.8
52,"phone",5,4,55.9
58,"email",1,7,33.5
21,"email",4,1,51.6
20,"web",4,3,25.2
51,"email",12,1,54.7
34,"web",0,1,42.8
36,"phone",1,9,22.8
69,"phone",15,8,43.2
45,"in-person",12,5,32.4
59,"phone",9,10,33.6
38,"email",12,6,26.7
26,"web",15,1,45.5
79,"phone",14,3,63
46,"web",3,4,39.9
67,"phone",11,1,75.7
63,"phone",1,9,45.1
63,"phone",3,1,56
50,"phone",0,5,52.4
21,"email",14,9,19.4
28,"email",11,4,47.2
23,"in-person",13,4,26.7
27,"in-person",8,5,37.6
52,"in-person",14,6,27
19,"phone",1,3,50.5
29,"web",14,2,45.7
28,"email",4,5,19.5
37,"email",0,6,47.7
59,"phone",15,9,47.2
47,"email",9,6,36
66,"web",0,6,48.5
63,"phone",1,9,46.3
36,"web",9,4,18.1
51,"phone",14,2,51.4
63,"phone",11,4,50.6
24,"in-person",13,6,30.9
57,"phone",1,3,46.8
51,"email",11,5,41.5
47,"phone",5,10,39.6
61,"email",9,6,30.5
65,"in-person",9,5,54.1
66,"web",7,3,50.8
26,"in-person",3,9,16.2
49,"phone",7,3,40.2
48,"web",3,10,20.5
23,"web",7,8,23.9
32,"phone",0,6,44.1
33,"web",8,1,36.2
51,"email",6,2,47.7
31,"phone",15,3,56.2
56,"email",6,8,29.4
30,"in-person",1,3,31.5
40,"in-person",2,2,58.5
33,"phone",11,1,46.2
72,"phone",14,9,42.3
54,"in-person",12,1,58.6
37,"phone",8,8,42.7
66,"email",11,3,49.8
40,"in-person",4,8,36.3
65,"email",2,10,41
27,"in-person",6,6,29
21,"web",9,7,30.6
46,"phone",14,3,39.9
19,"in-person",15,7,26.9
56,"web",2,1,43.3
20,"email",11,8,15.5
45,"phone",2,6,55.6
76,"in-person",6,5,50.1
73,"in-person",11,8,54.9
22,"phone",6,1,32.5
32,"web",6,4,21.4
40,"phone",4,1,49.7
62,"email",0,8,54
40,"web",12,8,20.3
30,"email",5,5,25.4
77,"phone",15,7,56.9
35,"in-person",10,1,54.3
63,"phone",11,5,47.7
75,"phone",7,1,70.9
39,"phone",4,10,35
74,"in-person",11,4,47.4
30,"email",3,4,20
44,"email",1,4,30.8
53,"email",1,10,26
44,"phone",9,8,52.8
45,"web",8,10,11.2
47,"email",3,2,55.8
63,"in-person",10,2,54.1
57,"phone",2,9,19.8
69,"web",12,3,45.5
32,"in-person",7,9,21
23,"email",1,3,37.1
39,"email",7,8,32.7
48,"in-person",14,1,63.1
20,"in-person",8,1,33.2
62,"email",12,9,25.2
39,"phone",0,6,40.9
77,"email",12,3,69
53,"phone",5,5,38.6
80,"web",1,10,36.3
77,"email",0,7,37.2
59,"web",0,7,44.1
38,"in-person",11,5,36.5
43,"phone",4,5,43.3
76,"in-person",9,1,57.5
20,"email",1,3,29.6
77,"in-person",2,5,49.2
42,"email",13,1,36.7
49,"in-person",11,9,29.3
50,"in-person",1,10,42.4
27,"in-person",1,8,35.1
60,"email",10,8,35.8
45,"phone",15,8,46.3
20,"in-person",10,2,42.3
54,"phone",2,9,52.4
66,"phone",1,5,56.6
58,"email",7,10,39.2
33,"in-person",6,7,34.7
53,"phone",5,10,37.2
36,"phone",0,5,43.3
43,"web",15,4,42.3
75,"phone",11,6,43.6
62,"phone",4,8,46.9
63,"email",8,1,41.4
80,"email",15,5,60.5
43,"web",11,5,33.8
64,"in-person",13,2,65.2
78,"web",9,10,43.7
69,"phone",0,7,60.9
45,"email",8,10,32.9
29,"email",10,8,1.2
57,"web",4,3,53
37,"phone",5,4,36.3
63,"email",13,6,27.5
58,"email",13,4,35.1
78,"in-person",9,8,50
42,"web",15,10,8.3
30,"in-person",1,5,39.2
72,"phone",14,2,80.6
39,"in-person",15,10,17.9
25,"in-person",10,9,17.7
47,"web",7,10,28.7
41,"in-person",14,9,26.2
69,"web",9,2,51.7
70,"phone",15,5,71.2
65,"phone",6,1,61.2
57,"web",6,4,42.5
68,"email",5,8,30.2
36,"in-person",2,8,27.1
27,"phone",14,8,23.1
29,"in-person",2,5,26.8
25,"in-person",11,10,33.1
67,"web",11,1,36
55,"in-person",6,3,43
56,"email",7,9,46.3
71,"email",1,1,57.5
32,"web",3,1,35.7
63,"web",7,10,29.2
37,"email",8,9,32.3
32,"web",4,6,30.2
67,"phone",13,2,68.1
73,"email",1,5,52.4
31,"in-person",14,7,29
72,"in-person",5,10,44.3
64,"in-person",4,7,27.9
25,"web",1,8,23.3
46,"email",4,10,32.5
21,"in-person",12,3,33.1
31,"phone",10,10,35.3
26,"in-person",14,2,33
50,"web",4,6,32.1
67,"phone",14,10,44.7
36,"web",10,1,39.9
23,"email",8,6,40.8
60,"in-person",6,5,60.2
44,"email",2,9,17.1
43,"email",12,9,32.7
18,"in-person",1,6,28.5
19,"in-person",6,9,14
65,"in-person",5,6,35.2
58,"web",15,3,40.3
42,"web",7,1,42.1
21,"in-person",8,5,25.5
76,"email",3,10,41.8
65,"in-person",10,9,38.2
71,"email",13,4,52.6
51,"email",7,6,23.9
32,"phone",13,8,27.5
61,"in-person",14,8,34.4
33,"email",7,3,40.4
39,"in-person",12,3,49.6
18,"in-person",6,2,37.8
68,"web",11,2,48.6
45,"email",4,10,7.3
77,"web",4,7,46.3
44,"in-person",0,5,17.7
48,"in-person",13,7,32.3
58,"phone",13,10,32.4
25,"email",3,4,55
50,"in-person",3,4,36.8
33,"in-person",2,10,17.8
32,"phone",15,2,52
36,"web",12,1,41.3
75,"web",12,3,60.9
26,"in-person",10,6,44.7
79,"web",1,4,61.6
76,"email",3,8,44.7
40,"phone",14,10,31
65,"email",10,9,34.4
78,"in-person",11,6,60.7
28,"phone",7,3,33.5
26,"email",13,1,43.9
79,"in-person",3,4,50.4
54,"in-person",9,5,30.2
60,"web",7,1,49.9
33,"in-person",0,3,33.9
24,"email",0,5,27.1
42,"phone",13,9,24.1
30,"email",7,8,16.9
18,"phone",14,3,41
51,"email",1,4,46.3
76,"email",11,8,36.9
65,"email",7,9,21.1
72,"web",7,10,20.7
62,"email",15,10,25.3
78,"email",0,5,53
47,"email",14,6,32.2
28,"phone",7,3,47.2
44,"web",9,1,29
77,"email",14,1,58.1
40,"in-person",15,3,39.4
41,"phone",15,3,45.9
80,"email",14,10,23.1
56,"web",7,10,29.6
78,"in-person",12,7,50.4
23,"phone",14,9,33.1
54,"email",11,6,27.1
65,"web",15,5,38.6
79,"phone",0,7,63.6
46,"email",10,5,40
43,"web",1,5,29.5
30,"in-person",9,5,42.4
75,"in-person",8,1,65.2
23,"email",2,7,13.1
43,"email",5,6,18.4
39,"email",3,7,17.8
50,"phone",0,4,53.1
77,"web",4,6,50
26,"email",0,6,30.5
60,"email",3,3,41.5
28,"web",1,9,15.2
43,"phone",9,1,57.2
59,"phone",10,8,45.9
25,"phone",12,3,43.3
38,"web",10,4,29.5
51,"web",1,1,42.7
51,"in-person",13,10,19.6
62,"web",15,7,27
67,"web",1,6,52
36,"email",5,10,3.2
27,"phone",10,4,53.2
28,"phone",9,7,24
48,"email",5,5,54
71,"phone",9,10,39.1
61,"phone",15,9,44.7
23,"email",9,1,34.6
65,"web",14,9,29.2
33,"email",4,1,42.8
64,"in-person",2,7,39.5
65,"web",6,3,41.8
53,"phone",12,2,63.6
41,"in-person",10,10,32.2
76,"phone",12,4,49.6
39,"email",6,9,25.6
26,"web",2,1,33.1
46,"web",4,1,41.2
54,"email",11,2,53.4
43,"email",11,6,35.3
35,"email",6,8,17.4
50,"email",11,10,21.2
42,"phone",11,9,29.2
48,"in-person",1,7,32
39,"web",6,8,18.6
21,"in-person",12,4,39.5
55,"web",5,7,29.5
59,"email",14,10,30
39,"web",6,2,42.1
21,"email",4,10,8.6
32,"phone",12,8,25.9
58,"phone",5,8,29.8
35,"web",7,7,25.1
49,"email",7,2,37
66,"email",0,5,47.7
18,"web",5,1,33.4
52,"in-person",6,4,56.9
41,"phone",5,4,53.9
30,"in-person",6,8,28.7
67,"email",6,3,49.6
71,"email",11,4,57.8
46,"phone",6,6,37.7
26,"in-person",14,6,31.9
30,"in-person",15,5,23.8
42,"email",9,10,15.6
20,"in-person",4,8,22.1
59,"email",12,9,39.6
26,"email",1,8,30.7
57,"email",11,5,27.1
26,"web",0,2,21.8
60,"phone",12,7,41.7
70,"in-person",5,3,50.5
76,"in-person",14,7,51
44,"phone",11,3,54.1
63,"email",7,6,31.5
58,"email",0,4,44.2
40,"web",7,6,31.3
28,"phone",2,7,36.3
20,"web",15,1,32.8
37,"email",14,4,28.7
30,"in-person",1,10,24.3
65,"phone",5,10,56.5
45,"in-person",7,7,37.2
26,"web",14,10,14
80,"phone",2,5,53.5
25,"phone",12,9,29.3
53,"web",5,6,40.5
72,"web",11,6,32.2
52,"in-person",3,8,32.1
66,"in-person",4,7,35
27,"phone",13,9,24.2
44,"phone",14,2,56.6
22,"web",15,3,38.4
22,"in-person",8,7,28.3
59,"email",13,3,36.4
28,"email",9,9,16.6
20,"web",6,4,39.2
61,"in-person",15,9,42.7
69,"email",8,1,55.6
78,"in-person",4,9,34.5
35,"email",8,5,32.3
57,"email",1,5,44.2
52,"web",1,5,37.7
70,"email",0,5,32
66,"email",11,2,48.9
80,"phone",7,8,59.7
70,"web",8,9,31.5
56,"in-person",2,6,39.8
80,"web",0,3,56.8
77,"in-person",8,9,45.8
38,"web",1,3,42.4
73,"email",13,10,47
34,"in-person",11,4,38.3
38,"email",3,5,30.4
57,"in-person",3,10,26.2
32,"phone",8,6,52.6
25,"in-person",8,8,40.5
37,"in-person",12,3,38.4
59,"in-person",4,1,55.1
51,"email",14,2,40.5
70,"phone",0,2,64.4
64,"in-person",3,6,45.2
74,"in-person",4,2,65.9
71,"web",14,6,39.3
48,"in-person",10,7,49
51,"in-person",4,2,52.4
39,"in-person",8,3,41.2
59,"in-person",6,4,41.3
54,"in-person",11,3,62.9
64,"in-person",0,9,42.5
50,"email",2,2,48.2
55,"in-person",13,5,40.8
80,"email",15,8,37.7
42,"in-person",0,3,38.2
74,"in-person",12,3,63.4
51,"phone",13,5,53.1
76,"in-person",10,1,48.6
26,"phone",3,7,53
38,"web",8,7,16
57,"in-person",6,8,51.3
30,"email",2,10,16.8
48,"phone",6,9,51.6
60,"email",1,9,39.1
27,"web",0,3,25.8
76,"phone",11,6,66.4
41,"web",14,8,14.7
47,"in-person",1,1,71.5
47,"email",12,6,29
60,"phone",13,7,49.7
18,"web",15,3,33.5
37,"web",7,8,3.9
71,"phone",8,2,59
53,"web",11,1,40.9
43,"email",0,6,31.5
79,"in-person",8,2,49.8
39,"in-person",0,7,25.7
66,"web",12,8,35.1
72,"phone",4,3,71.4
61,"phone",8,6,47.8
57,"web",10,4,47.6
39,"email",6,2,42.5
59,"web",9,6,34.3
40,"in-person",0,2,50.9
26,"web",3,8,2.4
46,"in-person",14,10,31.6
71,"phone",8,10,36.7
37,"email",0,5,21.6
48,"web",14,10,27.4
72,"web",0,4,51.2
65,"web",4,9,33.6
65,"email",5,5,58.1
50,"email",1,9,18.6
19,"web",10,9,22
28,"phone",13,2,45.4
43,"web",2,4,37.5
34,"email",5,10,14.5
75,"web",15,4,45.9
63,"email",2,6,31.4
30,"web",7,4,37.2
19,"email",1,1,28.8
20,"email",12,9,12.3
37,"web",13,3,26
24,"phone",4,4,39.7
50,"in-person",9,3,44.8
21,"email",3,1,23.1
27,"in-person",5,6,30.6
66,"phone",14,7,59.4
66,"phone",6,10,56.4
75,"phone",5,6,48.3
62,"email",8,4,39.7
59,"web",1,8,44.8
19,"email",12,9,1.3
19,"in-person",10,9,23
62,"in-person",6,7,25.8
71,"web",12,8,50.9
27,"web",14,5,42
45,"web",2,6,22
19,"email",11,3,38.9
71,"web",2,10,35.9
22,"email",3,3,30.1
57,"in-person",5,1,49.4
45,"email",2,8,26.9
27,"phone",11,4,51.9
20,"email",5,9,9.3
30,"phone",0,3,34.2
40,"email",4,7,13.6
31,"phone",0,4,55.9
80,"web",9,10,46.1
39,"web",9,5,46.9
50,"phone",0,2,46.8
31,"email",0,4,34.4
26,"in-person",3,8,23.6
41,"in-person",5,4,44
50,"in-person",13,1,53.6
36,"phone",7,2,57.9
74,"web",4,8,38.9
50,"web",7,7,48.7
47,"web",5,10,36.8
76,"email",2,7,41.5
49,"phone",11,9,45.1
50,"phone",5,5,42.8
22,"web",11,5,32.3
66,"web",4,10,27.6
71,"phone",2,4,50.2
31,"email",7,4,34
56,"in-person",5,8,42.1
49,"email",2,5,53.2
58,"in-person",11,8,37.2
29,"phone",13,9,33.4
38,"email",7,3,31.5
71,"phone",13,5,47.2
26,"phone",11,5,50.3
46,"in-person",8,8,41.2
33,"in-person",10,2,49.4
44,"phone",4,2,58.7
49,"in-person",4,5,37
51,"in-person",2,7,31.5
63,"web",5,10,34
64,"email",11,3,53
31,"in-person",1,5,27.7
43,"phone",13,8,41.9
37,"web",7,7,28.3
29,"email",7,1,42.3
43,"email",15,10,28.7
42,"phone",4,2,60.2
24,"phone",14,6,36.7
58,"email",1,4,48.5
20,"phone",15,4,33.2
28,"web",11,1,39.2
39,"web",0,10,20.4
65,"phone",12,9,43.2
40,"phone",12,9,27.8
24,"phone",0,9,26.4
40,"phone",3,6,45.3
46,"in-person",10,3,57.6
47,"in-person",0,1,54.6
44,"phone",2,10,33.5
45,"in-person",11,1,55.7
77,"in-person",4,2,63.3
65,"in-person",11,1,74.9
41,"web",8,2,49.2
69,"web",15,6,36.7
56,"email",9,7,22.7
44,"web",4,10,34
29,"phone",4,8,42.3
19,"in-person",2,7,37.6
34,"in-person",10,6,30.7
28,"in-person",8,9,26.9
51,"email",14,9,31.7
41,"web",8,4,45.5
34,"web",4,6,20.2
27,"in-person",4,5,36.9
42,"in-person",11,8,22.3
31,"web",2,9,18.8
40,"phone",0,9,52.9
33,"email",3,2,47
77,"web",1,8,49
61,"web",13,8,31.1
21,"web",9,9,3.1
40,"in-person",11,10,22.9
36,"in-person",7,9,18.4
64,"phone",13,1,62
73,"email",11,10,38.2
63,"web",10,1,52.7
53,"in-person",8,8,44.5
30,"email",8,5,25.3
33,"in-person",4,4,15.2
39,"phone",1,9,25.1
34,"in-person",15,6,26.4
76,"phone",0,1,72.9
40,"email",11,10,33.2
70,"web",3,6,43.9
23,"in-person",5,10,25
44,"web",5,3,50.4
25,"email",10,1,40.8
19,"web",13,5,19.1
46,"in-person",11,3,49.3
40,"phone",10,6,43
53,"web",15,3,29.8
32,"web",15,8,22.4
42,"in-person",8,5,51.2
68,"email",9,3,42
54,"phone",0,6,54.4
26,"phone",7,9,31.1
61,"in-person",3,10,34.9
21,"phone",15,1,49.6
63,"email",13,10,32.7
56,"email",5,2,44.9
46,"in-person",15,7,39.7
38,"email",3,7,28.6
51,"phone",15,3,64.8
45,"email",1,7,30.2
78,"web",5,4,47.2
39,"web",12,2,36.4
48,"phone",3,3,43.9
76,"in-person",5,1,54.4
21,"in-person",5,10,24.4
21,"phone",12,6,36.6
72,"phone",13,1,70
43,"phone",12,3,59.2
74,"in-person",7,1,67.9
44,"phone",4,4,34.9
26,"in-person",5,10,8.7
59,"in-person",3,2,57.5
66,"phone",13,9,35.6
45,"email",6,6,31.4
38,"in-person",1,7,48.9
65,"email",7,4,50.7
53,"web",8,7,29.1
62,"email",7,7,39.4
77,"web",14,6,40.3
44,"in-person",11,4,54.4
74,"web",7,1,67.4
32,"web",15,10,23.3
75,"email",2,2,47.9
73,"web",8,7,36.5
41,"email",5,5,48.3
54,"email",0,7,40.1
57,"email",12,4,54.6
65,"phone",3,6,57.6
44,"in-person",14,2,38.6
66,"email",8,8,30
45,"email",0,3,30.8
72,"phone",4,5,59.9
35,"in-person",11,3,50.4
45,"web",15,4,23
71,"phone",2,1,76.1
55,"email",4,10,14.2
26,"email",2,8,20.5
26,"email",11,2,42
18,"phone",7,1,52
48,"web",0,9,37.6
40,"email",8,3,44.4
72,"phone",8,7,42.9
19,"email",1,1,37.4
78,"phone",12,3,53.6
69,"email",10,8,33.9
62,"web",1,7,45
68,"phone",1,9,57.4
31,"in-person",12,9,16.4
61,"email",5,5,33
68,"web",6,4,32.7
58,"web",15,5,54.4
69,"phone",6,5,58.9
30,"email",10,8,14
45,"phone",13,8,23.7
20,"web",5,1,29
78,"in-person",3,1,73.7
36,"in-person",3,4,35.8
52,"phone",2,9,40.2
46,"phone",0,1,61.4
75,"in-person",12,1,74.2
52,"email",15,4,48.6
74,"email",2,3,52.1
36,"email",6,2,34
44,"email",10,4,46
46,"phone",7,1,67.5
39,"web",6,7,26.7
54,"web",10,7,35.9
49,"phone",5,3,66.5
56,"in-person",2,10,21
51,"email",9,8,32.4
69,"phone",2,10,24.2
66,"email",5,2,58.8
64,"in-person",14,4,49.2
31,"email",8,3,48.3
36,"email",6,3,49.2
73,"in-person",10,2,68
28,"email",0,8,12.3
47,"email",9,7,24.8
40,"phone",9,9,36.5
27,"email",10,2,40.6
72,"phone",3,5,74.2
23,"in-person",8,6,27
41,"in-person",4,8,29.2
72,"email",5,6,40.5
48,"email",4,8,43
62,"email",12,4,53.3
77,"in-person",7,4,64.3
63,"web",8,6,35.4
77,"phone",0,1,76.8
37,"web",14,5,40.1
29,"web",0,6,29.7
34,"email",12,1,29.1
30,"in-person",1,4,34.2
26,"in-person",1,1,44
20,"email",8,6,15.6
72,"phone",0,10,33.8
59,"email",8,3,61.1
76,"email",2,7,45.7
53,"in-person",6,2,69.6
80,"email",9,5,43.1
39,"in-person",4,1,48.6
75,"email",14,9,45.9
35,"phone",4,5,48.7
33,"phone",10,4,48.8
77,"web",5,3,39.6
70,"in-person",7,6,46.7
22,"phone",0,6,49.2
45,"email",2,7,25.3
65,"web",12,6,40.8
50,"phone",0,8,39.1
33,"phone",14,6,38
57,"web",3,9,27.9
64,"in-person",9,6,48.3
42,"in-person",0,9,41.4
44,"email",5,10,23.1
26,"phone",5,2,52.3
39,"in-person",13,4,39.5
21,"phone",4,9,28.3
39,"email",10,9,21.5
22,"web",15,9,31.8
46,"web",6,1,44.6
73,"web",6,5,54
59,"web",6,2,58.3
32,"web",9,3,35.1
54,"email",5,1,51.2
55,"in-person",0,2,49.6
53,"in-person",14,2,50.5
42,"web",10,1,35.8
80,"email",9,2,57.4
57,"in-person",12,8,33
69,"in-person",4,8,47.7
61,"in-person",15,1,68.4
24,"in-person",14,9,31.4
49,"web",7,10,30.2
40,"web",1,3,47.6
27,"email",11,7,33.7
42,"in-person",7,9,21.7
54,"web",14,3,47.1
22,"phone",12,3,24.8
18,"in-person",5,1,33
46,"web",7,10,36.7
76,"in-person",14,7,43.7
22,"web",13,10,13.5
28,"phone",12,6,42.9
39,"in-person",4,5,36.2
29,"in-person",5,2,39.1
60,"web",6,10,36.7
37,"phone",0,5,46.7
43,"web",6,9,21.5
43,"web",7,6,24.9
40,"email",15,1,38.3
54,"web",14,9,29.2
60,"phone",8,7,66.2
27,"email",5,10,7.1
61,"email",7,1,39.2
50,"in-person",0,2,60.3
62,"in-person",14,3,49.6
35,"email",0,8,25.4
68,"phone",12,9,49.1
49,"in-person",7,4,38.8
74,"web",10,3,58.9
47,"email",13,3,43.3
47,"web",12,9,24.6
46,"web",14,5,32.5
41,"in-person",7,4,25.1
79,"email",11,10,38.3
45,"web",3,4,29.3
73,"web",11,5,40.6
71,"in-person",5,4,54
18,"in-person",11,8,21.6
63,"phone",9,10,32.1
42,"in-person",12,9,24.2
54,"in-person",8,5,51.8
69,"phone",6,1,66.9
51,"email",9,5,43.5
54,"web",12,1,49.5
31,"web",5,3,24.4
48,"email",13,4,41
71,"phone",15,2,53.7
56,"web",10,8,37
21,"email",11,8,13.2
73,"web",5,2,51.9
49,"email",4,6,40.4
25,"in-person",4,10,22.9
70,"phone",5,6,43.5
58,"in-person",3,1,60.7
36,"in-person",9,4,33.1
68,"email",14,4,41.9
46,"phone",2,10,39.8
55,"web",6,7,38.1
21,"phone",6,8,26.1
60,"web",7,7,41.2
78,"in-person",13,7,56.8
40,"email",10,1,42.6
29,"in-person",8,4,39.5
68,"in-person",15,2,61.5
60,"email",1,1,48.8
47,"email",0,1,51.8
73,"phone",14,2,72.6
63,"web",15,5,55.8
65,"in-person",14,6,51.7
65,"phone",1,5,68.3
74,"web",10,8,48.8
49,"web",4,1,50.1
78,"in-person",4,4,52.4
49,"web",6,7,49
38,"web",5,2,41
30,"web",7,9,22.2
45,"email",8,9,1
44,"email",12,6,25.5
59,"web",7,7,35.2
62,"email",12,6,49.6
49,"in-person",0,4,51.8
66,"in-person",11,4,47.2
36,"in-person",6,1,60.2
23,"email",1,7,29.8
61,"web",9,4,38
56,"email",4,10,34.7
57,"in-person",10,6,40.4
32,"phone",15,6,52.2
62,"web",4,6,40.5
35,"email",6,5,34.9
46,"web",0,4,56.5
60,"email",3,1,54.1
21,"web",3,1,40.6
53,"in-person",9,7,34.2
20,"in-person",3,4,37.5
77,"in-person",14,7,41.8
44,"web",15,9,21.1
67,"email",2,5,35.6
40,"web",1,4,33.2
76,"in-person",15,8,52.7
67,"phone",13,5,59.3
41,"web",6,10,13.8
62,"email",1,8,42.3
34,"web",15,3,27.8
72,"phone",6,3,61.7
25,"in-person",3,3,43.6
68,"web",11,3,57.8
40,"web",13,1,44.8
53,"email",6,4,41.5
53,"phone",3,6,58.7
22,"in-person",13,8,16.6
32,"email",12,4,33.5
46,"in-person",13,9,21.5
73,"email",6,2,54.4
55,"email",10,6,45.2
26,"email",14,9,32.8
71,"phone",13,3,80.7
46,"web",14,3,37.3
80,"phone",7,5,70.9
19,"web",0,4,23.7
52,"in-person",1,4,50.3
62,"web",7,2,36.1
44,"email",13,9,42.4
45,"web",6,5,32
51,"email",0,7,18.9
42,"email",7,9,25.1
29,"email",15,10,35.5
69,"web",7,3,58.5
51,"email",1,2,51.9
25,"in-person",15,7,42.7
22,"phone",15,2,40.9
76,"phone",10,5,67.9
47,"in-person",15,3,55.3
64,"web",0,3,51.4
64,"email",8,6,38.9
66,"web",2,7,35.5
27,"email",7,9,22.5
48,"in-person",2,6,39.9
70,"in-person",12,4,56.9
30,"web",13,4,24.2
55,"in-person",11,4,50.7
58,"in-person",12,7,33.4
54,"email",9,2,41.4
21,"web",11,9,6
61,"email",4,6,36.7
29,"email",4,9,14.2
45,"in-person",8,8,36.4
44,"phone",5,1,68.3
27,"in-person",1,4,45.6
29,"phone",4,9,38.1
18,"in-person",2,8,31.3
67,"in-person",2,2,40.4
44,"phone",10,5,40.1
53,"web",1,3,27.9
44,"in-person",8,7,44
75,"web",6,10,22.2
75,"phone",15,6,61.6
26,"web",1,3,46.2
41,"in-person",2,6,43.9
56,"web",8,7,40.9
34,"phone",4,7,28.8
36,"email",3,10,13.7
27,"email",11,10,10.1
33,"in-person",11,10,17.7
19,"email",3,2,18.2
59,"in-person",15,5,52.2
74,"phone",11,9,64.9
77,"email",3,4,49.7
65,"email",10,2,50.5
78,"web",13,10,38.2
18,"in-person",1,8,21.5
36,"web",1,1,47.6
49,"in-person",12,5,51
58,"phone",1,1,68.4
76,"phone",6,1,75.7
45,"web",5,5,10
72,"in-person",12,9,42.4
27,"email",13,10,16.3
46,"email",15,9,27.7
20,"email",9,6,14.3
44,"phone",0,8,45
41,"phone",0,9,39.1
21,"in-person",12,6,31.5
37,"phone",10,2,56.5
38,"web",12,4,32.3
42,"email",4,9,20.5
45,"in-person",1,4,45.9
61,"phone",14,9,43.2
39,"web",8,1,38.8
35,"in-person",11,5,38.2
52,"web",8,9,26.7
75,"web",15,3,60.5
52,"email",10,1,58.1
39,"phone",2,9,41.3
34,"email",13,7,28
43,"web",8,10,15.1
20,"email",8,9,9.8
31,"phone",11,2,58.8
44,"email",8,7,23.6
74,"web",14,8,47.8
69,"email",0,3,52.7
50,"in-person",7,7,34
20,"email",6,3,14.2
52,"phone",1,9,41.1
55,"phone",3,10,41.5
37,"email",8,6,21.3
34,"web",0,2,39.1
73,"in-person",6,5,56.3
47,"email",3,8,27.3
80,"phone",1,4,70.2
43,"phone",8,9,28.6
45,"email",13,2,38.5
74,"phone",12,8,35.9
74,"phone",3,5,66.9
21,"email",3,6,15.4
25,"email",1,1,32.9
29,"in-person",0,6,15.5
60,"email",5,9,16.3
50,"email",10,8,34.4
70,"phone",1,1,60.9
76,"phone",14,7,68.1
29,"web",1,1,17.9
73,"in-person",1,1,70.3
69,"email",8,4,49
44,"phone",8,3,67
63,"web",5,2,45.3
52,"web",2,3,46.6
78,"in-person",15,2,61
59,"in-person",6,9,37.2
30,"email",1,7,28.5
27,"phone",13,10,27.5
31,"email",3,7,30.9
32,"phone",15,6,50.1
54,"phone",7,6,45.1
20,"email",8,3,21
62,"web",14,3,49
57,"email",14,9,30
64,"web",12,7,34.8
30,"phone",9,5,50.6
71,"email",9,4,51.8
44,"email",14,2,47.8
44,"phone",1,10,37.6
57,"in-person",0,9,39.1
58,"email",12,7,34.2
58,"in-person",9,4,53
56,"phone",11,3,58
33,"in-person",14,5,49.8
45,"email",10,7,38.7
27,"email",13,7,14.7
25,"email",14,8,6.5
75,"in-person",13,3,60.3
31,"web",10,2,30.6
22,"email",9,1,36.4
44,"in-person",2,1,53.5
72,"web",1,7,32.1
25,"phone",11,10,34
47,"web",0,2,39.8
51,"email",11,5,41.9
33,"in-person",5,8,28.3
26,"web",11,4,25.1
73,"in-person",10,2,62.2
43,"email",10,7,40.5
41,"web",5,1,46.5
70,"phone",0,8,31.3
60,"in-person",4,8,34.8
45,"in-person",15,9,23.1
56,"web",12,7,37
75,"phone",3,6,63.9
70,"email",9,10,29.9
57,"in-person",2,3,62.8
54,"email",12,1,58
37,"in-person",3,3,59.1
36,"in-person",10,7,49.5
74,"in-person",9,1,55.1
58,"phone",12,9,41
50,"phone",14,6,54.5
37,"in-person",11,7,45.3
49,"web",7,8,28.9
18,"in-person",15,1,22
26,"web",12,10,18.8
78,"phone",7,6,69.2
76,"web",9,1,50.3
44,"web",1,9,29.6
77,"phone",14,9,53.7
71,"in-person",10,3,45.8
30,"email",3,9,11.7
66,"email",3,3,48.9
71,"phone",12,2,64.1
35,"email",15,7,18
58,"phone",14,3,68.6
66,"web",8,4,57.7
36,"phone",1,7,50.7
45,"web",6,4,41.3
29,"in-person",15,3,24.1
32,"email",1,8,12.1
36,"email",1,7,22.4
56,"in-person",11,3,47.9
72,"phone",4,6,62.4
21,"in-person",8,7,21.6
76,"in-person",14,10,38.7
56,"email",0,4,36.6
67,"email",3,7,52.6
44,"email",7,4,39
59,"web",11,9,47.4
71,"in-person",15,3,38.9
34,"web",2,10,16.2
71,"phone",2,7,52.1
65,"web",5,1,61.8
38,"phone",12,10,26.8
74,"web",0,3,57.6
62,"email",12,1,41
39,"email",3,2,47.3
34,"in-person",6,2,33.5
70,"web",5,5,42.5
60,"web",13,8,26.2
45,"in-person",15,10,17
64,"email",3,1,46.7
22,"web",2,7,27.1
60,"web",7,3,47.5
28,"email",10,8,10.3
36,"in-person",11,3,46.2
33,"in-person",9,6,21
48,"phone",0,8,30.9
28,"phone",12,2,42.4
64,"web",3,6,45.4
69,"web",1,6,44.2
51,"phone",15,6,50.6
77,"phone",7,3,83.1
36,"in-person",10,2,38.5
68,"email",1,6,47.7
49,"email",6,2,46
65,"phone",1,7,49.5
25,"email",13,1,29.5
42,"web",12,10,1.1
27,"web",7,9,16.8
35,"phone",2,5,35.9
60,"phone",0,9,51.9
43,"web",15,10,33.5
32,"web",0,6,38.1
65,"in-person",11,1,57.6
70,"email",4,4,39
37,"email",4,3,35.4
33,"email",3,10,18.6
35,"web",4,9,16.4
60,"email",7,8,53.6
20,"phone",4,6,41.3
80,"phone",13,8,54.5
57,"web",1,1,54.5
75,"email",5,6,49.2
51,"email",10,2,38.2
52,"web",6,1,44.7
79,"in-person",1,5,50.4
70,"web",4,4,49.5
80,"phone",8,8,50.9
66,"in-person",15,3,59.9
46,"in-person",3,8,45.1
49,"web",5,10,19.7
21,"web",7,8,13.7
45,"email",2,7,43
64,"in-person",8,7,34.9
76,"in-person",15,9,44
41,"web",9,6,32.5
33,"in-person",0,6,31.1
33,"web",6,2,36.7
48,"in-person",13,8,31.2
52,"phone",9,9,41.7
53,"email",12,3,40.8
42,"web",15,2,42.9
28,"web",2,3,37.5
62,"phone",0,6,50.2
61,"in-person",10,2,45.6
52,"in-person",13,5,37.5
36,"web",7,3,20.3
74,"phone",4,2,69.2
56,"web",15,5,49.3
59,"web",4,10,27.2
25,"phone",7,5,26.7
27,"phone",12,6,37.5
19,"email",5,7,19.2
34,"web",9,8,24.6
67,"phone",1,1,70.9
76,"web",12,6,42.1
46,"in-person",11,2,69.2
65,"email",9,5,50.9
62,"phone",14,5,63
52,"email",11,1,51
30,"phone",11,3,64.2
79,"web",13,4,50.3
59,"email",7,5,44.6
56,"phone",5,5,48.7
76,"phone",2,6,47.8
43,"web",6,1,48.8
61,"web",3,5,31.7
39,"phone",1,3,60.2
69,"phone",6,9,33.4
42,"web",10,4,27.9
46,"web",5,4,36.8
38,"in-person",5,3,41.5
75,"in-person",10,2,63.6
25,"web",15,1,29.9
39,"web",0,10,9.4
74,"in-person",8,8,32.9
28,"in-person",2,6,24
28,"email",11,3,35
76,"phone",5,9,47.3
79,"web",14,7,34.5
78,"in-person",13,9,58.9
65,"phone",15,9,34.1
22,"email",2,8,12.2
42,"in-person",3,5,34.3
30,"email",15,2,15.2
41,"email",8,9,10.2
19,"web",11,5,22.9
64,"phone",12,1,67.7
76,"phone",15,1,82.4
79,"phone",6,5,56.4
31,"email",3,1,41.1
74,"web",15,2,65.3
43,"web",11,9,22.7
52,"email",8,8,35.2
70,"in-person",10,1,59.6
46,"phone",4,9,42.8
61,"email",4,5,28
42,"in-person",13,10,35.4
43,"in-person",6,3,50.1
65,"web",8,8,32.8
19,"phone",14,5,37.6
33,"email",6,6,38.6
46,"web",0,5,26.4
39,"email",10,10,25.7
79,"web",6,9,41.2
53,"in-person",12,2,52.9
24,"email",9,8,18.5
30,"email",3,1,37.7
24,"in-person",4,2,50.7
42,"phone",13,8,49.9
25,"in-person",14,8,19.9
30,"in-person",1,2,34.9
56,"web",11,8,38.3
24,"email",5,3,28.2
20,"phone",12,8,29
75,"in-person",8,9,43.4
24,"email",12,2,30.5
63,"web",7,3,34.4
58,"email",3,5,36.8
76,"email",4,4,40.2
45,"phone",10,2,59.6
32,"phone",9,4,53.2
26,"email",12,3,44
33,"email",15,8,13
72,"in-person",14,10,56.1
28,"web",12,7,20.4
61,"in-person",5,1,55.1
48,"email",4,3,48.9
26,"email",12,7,20.8
18,"web",1,9,22.7
44,"in-person",4,3,40.5
48,"in-person",3,8,42.7
20,"phone",13,5,31.2
34,"email",14,5,8.8
71,"in-person",5,6,35.8
40,"phone",0,4,56.7
23,"phone",3,6,33.2
71,"web",12,2,54.8
24,"email",5,9,15.5
37,"phone",9,6,35.1
39,"email",3,7,25.3
76,"web",1,7,25.9
73,"phone",2,4,50.2
45,"phone",4,2,58.5
33,"web",11,7,29.8
59,"in-person",6,2,50.9
37,"in-person",4,10,36.7
35,"email",6,7,39.3
38,"email",5,1,35.8
65,"in-person",13,9,29.6
28,"email",4,6,19.6
76,"phone",9,8,46.8
51,"in-person",9,8,33.3
38,"phone",4,8,36.3
47,"email",6,1,52.8
58,"email",9,2,41.8
28,"phone",11,6,39.5
77,"in-person",4,2,71
27,"web",13,9,21.1
59,"email",11,5,40.2
54,"web",8,6,44.5
57,"phone",9,4,54.4
32,"email",4,4,26.6
56,"in-person",3,2,53.6
56,"email",2,3,48.4
33,"in-person",6,5,20.2
43,"in-person",10,1,39.9
38,"phone",1,8,41.1
32,"phone",1,10,48.4
27,"phone",11,9,43.8
63,"email",2,5,36.8
57,"in-person",9,6,33.9
74,"web",15,1,44.8
23,"web",0,4,16.1
26,"web",7,5,36
74,"in-person",8,8,51.6
75,"in-person",5,5,58.5
31,"web",3,8,27.6
67,"email",14,9,49.2
64,"phone",3,9,52.7
43,"email",6,6,23.5
51,"email",15,8,41.4
41,"in-person",5,3,50.9
71,"phone",10,1,70.8
18,"web",12,3,28.6
71,"in-person",5,2,62
43,"web",15,10,10.5
69,"in-person",3,5,58.7
67,"web",10,8,34.3
58,"email",9,6,34.3
48,"in-person",11,9,47.4
38,"phone",5,9,19
20,"email",9,2,19.9
57,"in-person",1,5,39.4
29,"web",13,2,57
74,"in-person",11,7,49.3
70,"email",3,2,46.1
31,"web",12,2,37.8
26,"web",8,2,38.3
18,"phone",3,10,17.2
57,"web",12,7,46.4
55,"in-person",5,6,45.1
70,"web",13,9,32.4
24,"email",8,7,19.4
28,"phone",14,7,35.7
54,"web",7,1,44.3
52,"phone",8,9,51.6
79,"in-person",7,8,42.4
39,"email",10,6,18.9
80,"web",1,8,55.6
33,"phone",9,7,41.4
72,"web",8,2,56.2
60,"in-person",4,6,52.9
61,"web",2,6,30.2
52,"email",3,10,19.3
29,"web",2,2,28
57,"in-person",5,3,43.4
79,"web",1,6,45.5
78,"in-person",9,1,56.2
59,"email",15,8,21.6
66,"web",0,6,44
54,"email",4,5,35.3
49,"phone",15,7,44.3
30,"web",10,10,23.2
43,"email",4,7,29.4
75,"phone",13,5,57.8
46,"web",7,6,29.5
20,"in-person",0,1,42.8
49,"email",11,2,33.4
45,"phone",9,7,38.1
43,"phone",14,2,46.4
55,"phone",1,6,49.6
43,"web",4,4,23.2
51,"email",11,3,39
27,"phone",0,5,40.2
50,"phone",4,2,66.6
68,"phone",8,5,51
37,"in-person",14,6,31.3
70,"web",3,2,51.7
45,"phone",4,1,53
22,"email",7,3,22.1
21,"email",0,9,15.2
25,"phone",8,5,33.1
21,"phone",7,6,27.1
62,"in-person",2,6,39.5
26,"email",0,7,29.7
55,"email",5,5,37.3
42,"in-person",2,8,34
55,"in-person",4,4,36.4
77,"email",4,6,37
64,"email",9,6,45.5
41,"web",7,9,34.3
61,"phone",8,2,56
56,"phone",5,9,36.9
30,"email",9,8,18.2
50,"email",1,3,40.2
63,"phone",7,3,66.9
43,"in-person",9,2,46.4
39,"email",15,2,51.4
53,"in-person",15,1,47.1
36,"web",3,9,27.3
42,"in-person",6,6,37.4
39,"phone",7,6,47.7
78,"web",9,3,49.9
22,"web",9,3,39.3
20,"web",4,1,34.7
33,"web",5,5,38.1
75,"email",5,8,39.8
71,"email",3,3,45.9
62,"email",5,7,32.7
72,"phone",7,2,58.6
29,"in-person",8,10,8.4
45,"web",15,5,31.4
31,"email",13,3,45.7
39,"phone",8,7,45.3
33,"web",7,4,34.7
49,"email",1,6,44.6
77,"web",4,10,37.6
79,"phone",8,4,61.4
60,"phone",11,9,34.1
20,"email",3,3,30.7
55,"in-person",14,6,37.7
48,"in-person",0,2,50.5
22,"phone",4,4,36.9
30,"phone",15,8,22.3
53,"web",3,6,41.7
18,"phone",0,6,43.4
24,"in-person",3,4,39.6
68,"web",14,1,53.4
21,"email",4,5,25.7
65,"phone",3,2,54.1
71,"email",2,8,40.8
24,"phone",9,8,31.5
53,"web",0,9,33.5
57,"email",1,3,50.4
52,"web",9,2,59.5
77,"in-person",1,5,59.2
52,"web",15,10,24.4
37,"phone",12,2,54.1
77,"phone",15,1,80.8
61,"email",11,2,67.9
50,"web",14,9,40.8
38,"web",3,6,37
33,"web",11,2,45.4
73,"in-person",6,5,53.5
76,"email",12,4,49.4
40,"web",6,5,21
62,"in-person",5,5,48.4
21,"in-person",3,1,52.8
19,"email",14,5,27.7
65,"email",13,3,46.3
72,"email",3,1,59.4
61,"phone",13,7,43.3
33,"web",4,4,38.7
35,"in-person",8,1,50.5
35,"web",11,3,31.3
73,"phone",4,5,47.3
21,"web",0,3,38.2
36,"phone",5,5,53.1
67,"web",15,6,42.3
79,"phone",14,8,62.2
55,"web",2,2,51.9
34,"web",9,6,29.9
41,"web",10,3,42.4
49,"email",15,7,28.9
49,"web",3,8,38
60,"phone",0,9,48.5
54,"email",3,1,38.8
39,"in-person",14,10,28.7
80,"in-person",6,9,38.1
30,"web",11,10,8.6
18,"phone",4,1,32.3
44,"email",8,5,28.4
53,"phone",12,4,58.8
67,"email",3,3,46
38,"email",13,7,21.6
53,"email",10,1,54.9
57,"email",15,10,47.1
78,"web",9,3,50.4
37,"in-person",2,10,29.3
30,"web",14,7,18
32,"phone",14,3,51.5
30,"web",2,10,5
18,"phone",8,9,24.7
24,"web",11,1,36.3
45,"phone",0,10,19.7
33,"web",14,9,32.4
49,"web",13,9,35.4
47,"web",13,8,36.7
71,"in-person",1,5,68.2
64,"web",15,1,43
54,"in-person",5,7,38.6
69,"phone",2,3,47.5
31,"web",2,4,44.6
26,"web",13,6,27.1
36,"web",5,10,24.3
70,"phone",12,1,73.8
75,"in-person",12,4,48.8
57,"phone",8,8,35.5
66,"phone",15,9,40.7
22,"in-person",8,5,30.1
68,"web",14,7,41.3
41,"phone",4,2,70.2
38,"in-person",10,7,30.5
24,"email",13,2,48.9
23,"web",5,7,14.8
56,"in-person",7,4,45.9
44,"phone",1,2,60.7
55,"email",9,2,45.1
71,"phone",3,7,50.3
42,"in-person",7,7,40.8
57,"web",9,6,44.6
51,"in-person",1,1,56.1
76,"web",4,9,46.3
67,"phone",5,1,62.3
31,"email",7,4,41.1
44,"in-person",0,10,16.1
50,"email",9,3,42.2
72,"phone",8,1,67.8
68,"web",3,4,44.9
23,"phone",6,9,31.4
45,"email",1,5,43.2
70,"in-person",15,10,46.9
46,"in-person",2,4,40.2
68,"phone",12,3,65.9
67,"email",6,7,46.5
51,"phone",1,4,49
22,"email",3,1,35.1
58,"phone",15,4,52.9
39,"in-person",2,4,43.7
29,"in-person",15,3,39.2
47,"in-person",14,2,40.7
21,"phone",12,1,36.6
75,"email",11,2,60.4
69,"phone",5,6,59.1
20,"web",5,2,36.7
28,"web",6,8,29.3
27,"web",3,6,25.7
50,"in-person",4,6,48.7
72,"in-person",13,8,30.1
57,"email",15,7,21.2
43,"in-person",13,8,32.4
66,"in-person",3,7,24.8
28,"web",11,10,23.6
54,"email",6,6,31.1
59,"phone",2,1,65.9
33,"phone",1,9,22.1
45,"email",5,8,33.6
63,"web",13,3,66.2
29,"in-person",11,10,26.8
65,"phone",1,9,43.9
70,"in-person",9,1,58.7
71,"phone",8,4,57.4
23,"in-person",4,7,32.1
51,"web",4,9,19.9
45,"phone",11,9,40.1
45,"web",10,10,20.1
71,"web",6,4,51.8
61,"web",8,1,57.4
53,"phone",7,4,58
37,"email",12,5,24.6
21,"in-person",11,1,40.7
42,"phone",7,9,35.9
31,"phone",5,7,34.6
72,"email",14,8,34.5
36,"web",9,8,19.8
59,"phone",15,9,34
64,"web",15,7,39.3
78,"phone",2,3,67.8
42,"web",8,8,23.1
62,"web",6,7,46
57,"email",2,4,59.9
53,"in-person",5,8,35
47,"phone",14,2,63.2
51,"phone",3,7,37.2
35,"web",7,1,34
22,"web",11,5,30
42,"in-person",13,1,50.6
51,"web",7,4,34
76,"email",13,7,33.6
41,"email",9,1,43.1
50,"email",10,10,36.3
33,"phone",8,8,35.2
58,"in-person",8,1,82.9
26,"email",2,3,49
45,"email",7,7,22.6
78,"email",4,7,39.4
18,"web",10,6,24.5
22,"in-person",5,4,39.4
71,"web",10,6,38.2
66,"web",8,4,57.7
61,"web",12,3,46.5
65,"web",11,2,60.6
25,"web",5,8,20
21,"phone",12,10,22.7
42,"phone",9,8,32.7
53,"in-person",15,1,51.1
48,"email",12,9,42.2
68,"web",8,9,25.8
43,"in-person",2,8,26.2
69,"phone",11,5,54.9
34,"email",14,4,31.3
73,"web",4,2,62.1
25,"in-person",14,4,44.2
34,"in-person",14,10,25.2
18,"in-person",6,8,12.4
22,"phone",2,8,33.9
41,"in-person",5,6,47.8
35,"phone",5,7,53.2
65,"email",0,4,47
31,"phone",1,6,39.3
69,"email",11,9,25.1
80,"phone",6,7,58.8
45,"phone",7,4,56.6
32,"in-person",2,2,39.5
65,"in-person",4,9,40.8
74,"phone",6,2,64.3
48,"web",15,5,30
50,"in-person",1,7,35.2
65,"web",15,5,28.2
76,"in-person",12,5,43.8
39,"phone",4,5,37.8
35,"email",3,5,25.7
24,"in-person",2,9,18.7
68,"in-person",12,9,42.4
77,"phone",10,6,66
55,"phone",2,3,64.4
70,"phone",7,8,51.5
49,"email",3,3,28.7
25,"in-person",4,3,39.2
51,"web",1,5,47.1
33,"phone",12,2,39.2
25,"phone",8,1,57.9
23,"in-person",1,4,26.9
47,"in-person",13,4,44.6
25,"in-person",12,10,35.7
46,"phone",14,9,41.3
19,"web",12,10,18.7
41,"phone",4,6,32.4
43,"phone",0,5,38.5
54,"email",12,8,50
21,"web",13,10,1
60,"web",9,10,32.6
24,"email",8,6,20.5
30,"phone",2,6,24
67,"phone",15,8,52.2
58,"email",3,8,35.1
33,"web",8,10,24.2
62,"in-person",4,6,42.8
42,"email",9,6,42.2
51,"email",8,4,49.1
56,"phone",15,4,50.3
70,"email",11,4,47.3
80,"in-person",12,1,53.8
32,"phone",13,3,39.9
47,"phone",5,2,65.8
67,"in-person",5,6,54.6
23,"in-person",6,1,54.1
48,"email",0,9,18.8
57,"phone",6,1,53.3
18,"in-person",12,5,40.4
41,"web",7,8,34.6
80,"web",11,9,39.4
75,"email",11,3,67.8
38,"in-person",12,7,21.7
45,"email",3,10,19.7
59,"web",2,10,32.3
47,"phone",10,6,35.5
64,"phone",7,3,59.8
74,"phone",4,6,52.3
28,"in-person",13,5,24.3
63,"web",5,6,35.3
70,"web",9,2,42.7
80,"in-person",7,7,42.1
58,"in-person",15,10,38.9
43,"web",13,5,37.1
49,"email",10,6,36.7
36,"in-person",15,2,46.1
41,"phone",13,5,33.2
74,"phone",14,3,63.6
79,"email",4,2,55.2
44,"web",4,2,44.6
32,"web",8,4,27
55,"phone",7,1,70.3
54,"phone",12,10,32.9
37,"email",0,8,27.1
54,"email",2,4,35.7
49,"email",13,7,27.6
55,"email",4,1,45.6
53,"in-person",15,9,34.6
59,"in-person",14,3,56.2
64,"phone",12,10,37.4
43,"phone",14,5,59.3
43,"phone",8,9,34
23,"email",15,7,36.1
71,"phone",0,8,38.8
64,"in-person",12,7,36.9
59,"in-person",9,4,42.1
22,"web",3,2,31.6
56,"phone",2,10,40.6
27,"in-person",4,6,28.7
21,"email",0,8,15.8
67,"phone",12,4,67.9
23,"in-person",15,3,39.1
53,"email",12,8,30
52,"phone",9,5,46.3
27,"phone",3,1,57.3
78,"web",0,6,48.2
54,"email",10,3,49.4
73,"email",8,6,32.9
78,"web",0,4,41.4
56,"web",1,7,41.3
48,"phone",4,2,42
73,"phone",15,3,48.4
71,"phone",14,6,44
18,"phone",8,1,44.7
23,"email",10,8,14.1
56,"in-person",12,8,28
43,"web",0,1,58.1
67,"phone",14,9,41.3
58,"web",1,5,39.8
23,"email",2,2,33.3
31,"web",12,4,37
29,"in-person",7,10,28
19,"email",5,2,44.3
74,"web",5,10,24.9
20,"phone",0,10,18.5
50,"web",5,2,48.1
66,"in-person",13,2,62.1
57,"web",14,5,59.7
33,"web",13,10,7.1
40,"phone",13,4,51
62,"phone",11,7,40.5
60,"phone",6,7,47.4
21,"in-person",6,7,23
49,"web",7,8,26.4
43,"web",0,3,36.5
44,"in-person",13,6,40
22,"phone",2,10,3.9
25,"email",2,4,35.1
54,"in-person",12,9,34.8
23,"in-person",5,5,35.8
79,"email",6,10,45.6
78,"web",10,8,39.3
36,"in-person",13,4,43.4
55,"email",9,7,32.9
33,"phone",3,4,44.4
52,"in-person",8,2,60
29,"web",8,6,22.7
57,"in-person",0,8,37
68,"phone",10,10,45
58,"phone",8,8,30.3
28,"email",14,3,20
66,"phone",3,6,53.8
45,"email",10,6,32.9
50,"phone",7,8,31.1
42,"phone",8,6,49.9
77,"phone",15,4,83.2
79,"email",11,1,58.9
73,"in-person",9,4,61.1
44,"web",4,10,27.7
27,"email",4,8,22.4
22,"email",12,4,23.3
70,"in-person",6,2,39
61,"phone",4,5,48.7
20,"in-person",15,9,23.3
54,"in-person",6,10,42.9
47,"phone",13,10,52.1
25,"web",11,1,35
44,"phone",15,10,25.5
75,"web",13,9,25.8
20,"phone",7,9,31.1
67,"in-person",7,1,68.7
35,"in-person",11,3,40
80,"web",8,3,48
75,"phone",0,3,71.6
27,"email",12,2,40.3
20,"email",11,3,48.2
26,"web",0,9,19.4
57,"in-person",15,6,33.9
77,"web",3,1,62.2
58,"web",8,7,34.6
23,"phone",13,7,38.8
39,"email",7,9,17.6
36,"email",0,9,22.1
33,"phone",6,1,49.3
75,"web",12,10,36
21,"web",6,7,20.5
28,"web",1,1,49.4
42,"web",9,6,36.5
27,"web",12,8,10.7
70,"in-person",7,6,49.5
29,"email",11,6,18.6
39,"web",6,2,43.3
28,"in-person",3,2,49
36,"email",7,4,29
44,"phone",12,1,62.6
72,"phone",2,5,67.9
41,"in-person",11,7,36.8
24,"phone",1,8,36.1
53,"in-person",15,4,52.2
19,"in-person",7,3,37.8
69,"email",8,8,44.1
52,"phone",12,10,35.2
43,"phone",2,8,33.8
60,"phone",2,1,59.7
63,"email",1,8,50.3
68,"phone",6,9,48.2
68,"phone",3,10,58.9
41,"web",1,8,26.7
31,"web",9,8,28.1
45,"email",7,6,41.9
37,"in-person",8,2,53.5
73,"phone",11,1,73.4
42,"phone",10,9,45.9
72,"web",6,8,41.4
35,"phone",4,9,36.1
70,"email",0,1,51.2
75,"email",6,5,45.8
32,"phone",12,1,47.7
18,"in-person",0,5,25.6
73,"email",9,4,59.8
18,"phone",10,7,24.5
77,"in-person",0,5,54.5
59,"email",8,3,32.8
58,"phone",2,5,62.8
73,"phone",12,3,64.6
40,"in-person",6,4,47.3
48,"phone",3,6,40.7
59,"in-person",4,8,39.8
57,"email",1,4,47.6
40,"phone",8,10,34.7
26,"phone",1,10,26.1
40,"phone",13,3,46.3
46,"in-person",4,2,53.8
20,"phone",15,5,40
26,"phone",5,8,35.5
31,"web",2,3,24
63,"web",2,3,39.8
64,"web",13,4,47.9
26,"email",15,9,8.8
73,"in-person",7,6,49.3
50,"in-person",13,4,46.1
52,"phone",15,4,49.2
54,"in-person",9,7,29.3
48,"phone",7,3,51.5
27,"web",15,10,10.9
27,"in-person",4,8,38.6
44,"email",15,6,45.9
20,"phone",4,7,20.5
61,"web",10,4,50.7
78,"phone",12,5,61
65,"phone",2,8,39.1
51,"web",4,6,35.8
52,"email",1,2,42.7
24,"web",1,5,25.6
53,"in-person",11,2,56.2
51,"web",12,6,34
79,"in-person",7,9,47.4
73,"web",4,9,42.8
54,"web",13,4,49
41,"web",2,8,37.9
27,"phone",7,10,24.6
27,"email",14,10,8.7
74,"phone",15,4,66.9
67,"in-person",1,7,53.4
56,"in-person",8,8,36
31,"web",8,3,41.5
24,"in-person",4,7,25.6
31,"phone",7,3,49.2
21,"phone",14,5,39.9
80,"web",1,1,66.3
25,"phone",12,2,59.7
23,"phone",0,1,49.6
35,"web",12,2,42.6
70,"web",2,9,28.7
49,"phone",6,7,49.2
53,"phone",13,4,65.9
68,"email",3,5,50.8
22,"in-person",3,7,38.4
43,"web",14,4,51.2
53,"in-person",12,9,29.9
50,"in-person",14,8,31.7
37,"phone",4,3,60.6
63,"email",1,3,61.7
29,"phone",12,10,31.3
68,"email",13,5,53.1
18,"in-person",13,5,13.6
39,"phone",6,10,33.6
59,"email",13,1,51
24,"web",1,9,16.5
58,"email",3,10,43.1
65,"phone",12,10,32.4
61,"in-person",2,3,53.7
55,"email",15,6,31.6
36,"email",9,7,22.6
51,"web",3,10,41.1
44,"web",1,5,34.2
63,"phone",9,6,29.5
22,"email",1,6,37.1
44,"in-person",9,8,28.7
60,"email",7,10,29.9
70,"email",15,5,41.6
46,"phone",8,5,61.3
31,"phone",5,3,48.4
55,"phone",14,6,63.8
46,"phone",7,7,37.4
73,"in-person",5,7,52.8
32,"in-person",14,5,39.4
63,"in-person",12,1,53.6
26,"phone",0,6,35.2
38,"in-person",14,4,35.2
31,"web",0,10,20.3
35,"email",14,9,6.6
27,"web",7,4,33.8
46,"phone",10,3,49.4
52,"in-person",10,6,48.7
51,"phone",9,2,61.9
23,"web",10,10,26.3
74,"web",0,8,37.9
37,"email",4,6,27.1
61,"phone",1,6,50.1
19,"in-person",5,4,32.5
48,"web",1,4,48.1
28,"web",3,3,27.5
51,"web",1,5,31.2
67,"phone",9,6,57.8
21,"web",9,4,29.2
33,"web",15,9,23.7
69,"web",14,10,32.4
26,"email",5,1,28
30,"in-person",1,3,37.6
31,"web",0,7,20.5
24,"email",9,9,23.7
55,"phone",3,4,45
29,"phone",1,5,40.7
33,"web",4,6,18
77,"web",2,7,47.1
60,"in-person",11,9,42.9
46,"phone",0,7,47.5
70,"web",6,4,58.4
67,"email",15,1,45.3
35,"email",6,5,28.7
51,"web",1,7,39.5
60,"web",13,1,55.6
60,"phone",13,5,60.5
41,"web",12,6,26.3
70,"email",13,10,38.6
26,"web",5,10,15.8
50,"web",14,2,45.1
53,"in-person",14,6,50.3
32,"in-person",2,9,12.4
78,"phone",0,1,93
41,"web",6,10,29.1
74,"web",0,10,46.6
35,"email",11,5,26.9
33,"email",14,9,34.9
43,"email",7,2,48.7
76,"phone",4,7,51.1
76,"in-person",10,5,51.3
46,"email",12,5,37.2
53,"email",3,6,42.1
24,"email",13,4,30.9
44,"in-person",10,5,27.4
22,"web",4,8,21.1
56,"web",15,5,53.1
32,"email",14,2,31.6
57,"web",15,10,36.8
65,"email",10,3,50.4
61,"email",11,8,39.3
72,"email",9,3,45.7
54,"in-person",12,3,46.3
76,"email",12,8,39.8
46,"phone",15,6,46.4
35,"in-person",13,5,29
40,"phone",1,9,41.1
78,"in-person",1,8,43.8
31,"in-person",5,3,36.8
28,"web",3,8,13.3
64,"web",11,9,23.4
48,"in-person",10,10,25.3
32,"in-person",10,2,26.4
39,"phone",5,2,55.4
55,"phone",4,1,62.2
59,"web",10,4,31.8
57,"web",5,4,37.5
49,"in-person",7,7,39.7
73,"web",5,6,43.7
66,"phone",8,6,55.8
49,"web",1,6,22.2
45,"in-person",6,6,41.5
19,"phone",8,2,37.6
56,"email",14,5,45.5
65,"phone",8,1,66.7
21,"email",12,5,16.3
33,"web",6,8,10.7
21,"email",7,6,20.9
29,"email",15,3,29.4
21,"in-person",0,1,41.8
50,"web",10,1,45.4
34,"email",14,7,20.2
18,"email",2,3,29
32,"phone",1,1,44.9
35,"in-person",10,7,26.8
55,"in-person",8,4,55.8
57,"in-person",10,5,48.1
59,"web",8,8,53.2
56,"web",7,2,52.1
44,"web",15,4,35
55,"email",6,10,18.4
57,"phone",11,3,63.5
71,"email",1,1,60.2
80,"email",3,4,65.2
69,"in-person",15,8,52.7
67,"phone",3,7,51
47,"email",1,2,44.2
48,"in-person",10,6,37.2
34,"email",3,9,15.9
41,"in-person",8,2,42.6
49,"email",15,1,47.9
39,"in-person",5,7,37.3
36,"email",9,5,18.3
62,"in-person",8,10,38.8
26,"in-person",3,7,27.4
20,"email",13,5,16.1
54,"web",10,2,57.3
20,"in-person",0,1,43.2
46,"in-person",0,10,24.9
50,"web",11,3,42.8
21,"web",2,1,38.5
49,"in-person",8,3,50.3
74,"web",11,3,57.1
53,"web",0,7,30.6
22,"email",12,8,14.1
38,"web",15,10,14.4
51,"web",5,5,45.1
32,"email",7,8,33.5
26,"email",0,1,42.9
42,"phone",6,5,42.4
60,"phone",2,8,50.7
67,"email",6,9,48.7
37,"email",10,1,34.7
67,"email",9,9,36.8
60,"email",3,8,25.6
18,"phone",6,2,45.6
34,"email",6,1,33.5
23,"phone",6,3,27.5
39,"web",7,3,29.2
65,"web",11,9,16.9
66,"email",6,10,43.9
40,"web",15,10,8.5
69,"email",10,8,39.7
28,"in-person",6,3,29.8
25,"in-person",8,7,21.3
71,"in-person",1,5,51.8
40,"email",2,8,32.9
73,"web",0,9,41.5
34,"web",2,5,40.2
19,"web",1,9,18.6
49,"web",11,6,49.5
19,"web",9,3,35.5
18,"phone",1,8,30.4
37,"phone",13,2,54.3
41,"phone",8,2,48.9
62,"phone",13,9,37.1
25,"phone",1,2,64.9
48,"web",10,2,43.2
60,"web",0,7,33.2
71,"web",8,7,37.6
76,"email",15,1,44
76,"phone",12,6,65.4
65,"phone",3,6,52.6
66,"web",12,5,55.2
65,"phone",7,7,47.5
23,"in-person",12,10,14.5
65,"web",10,3,57.3
33,"email",3,2,32
74,"web",10,6,48.2
46,"in-person",2,5,35
71,"phone",13,7,43.2
39,"in-person",6,9,27.7
61,"email",15,6,33.3
40,"web",10,5,37.2
36,"phone",5,4,44.8
79,"in-person",14,1,65.6
80,"in-person",9,9,44.4
39,"email",4,8,32.8
74,"email",9,7,36.9
33,"email",0,8,38.9
74,"email",4,2,54.7
74,"web",14,7,37.2
58,"email",9,5,44.2
49,"web",7,1,43.3
68,"in-person",12,5,57.5
28,"web",6,5,39.4
77,"phone",1,8,41.5
55,"in-person",9,1,60.1
21,"in-person",14,8,25.9
42,"email",13,9,10.2
23,"web",9,1,29.6
27,"email",4,6,22.5
54,"phone",8,1,68.3
26,"email",8,4,29
20,"in-person",11,10,25.7
42,"web",12,6,43.7
77,"email",5,9,33.1
51,"email",15,9,31.5
35,"phone",2,10,32.8
48,"web",3,7,40.9
18,"email",3,3,26.9
25,"web",2,9,14
19,"phone",0,3,42.1
49,"web",1,5,35.9
28,"web",9,8,27.1
49,"email",2,3,38.3
28,"email",5,4,31.9
40,"phone",15,6,38.9
34,"web",1,7,23.6
66,"web",14,1,51
38,"phone",12,2,51
26,"email",13,8,21.6
50,"phone",10,7,56.1
49,"phone",11,3,53.2
25,"web",3,1,39.8
22,"web",3,7,14.8
20,"email",5,7,26.1
73,"email",9,7,51.7
75,"web",12,10,35.1
50,"web",9,4,48.9
25,"in-person",8,7,24.6
36,"phone",3,6,42.2
43,"phone",10,9,41.4
26,"in-person",3,9,15.3
46,"web",0,3,31.8
66,"in-person",0,10,31.7
36,"email",2,3,37.8
32,"web",2,8,23.8
22,"web",9,7,6.1
47,"phone",9,3,65.6
64,"web",15,5,33.5
31,"email",10,9,26.6
32,"web",13,8,15.6
18,"in-person",12,5,44.4
60,"in-person",7,10,36.8
24,"web",0,10,3.3
34,"email",13,6,33.3
73,"in-person",4,8,60.1
61,"web",6,10,41.2
39,"email",8,8,37
48,"web",7,6,42.7
53,"web",14,7,26.2
34,"phone",0,2,59.9
20,"email",3,10,12.2
59,"email",8,7,28.8
38,"in-person",4,4,39.8
38,"email",6,8,17.1
48,"web",3,5,37.8
71,"in-person",2,9,46.3
18,"in-person",10,4,34.4
42,"in-person",12,5,42.1
74,"email",3,9,36.2
36,"phone",3,10,20.1
21,"web",11,3,18.6
48,"web",14,5,35.4
77,"phone",14,9,54.3
75,"in-person",9,10,35.5
22,"web",11,5,36.9
72,"email",6,4,45.8
18,"in-person",13,7,36.8
38,"in-person",6,6,42.6
62,"email",13,9,34.6
68,"email",15,1,61.3
52,"email",4,3,40.3
25,"phone",5,4,44.7
22,"phone",8,7,35
37,"in-person",0,4,41.1
29,"web",8,7,27.3
48,"email",10,10,26.7
43,"email",12,10,25.5
54,"in-person",1,1,45.4
51,"email",11,9,24.3
24,"phone",0,2,48.9
26,"web",1,6,24.3
23,"web",2,7,18.1
19,"email",5,9,20.8
70,"phone",0,7,53.8
36,"phone",3,5,43.8
79,"web",11,1,55.8
72,"in-person",5,6,44.8
56,"email",4,5,34.5
66,"in-person",0,8,54.4
54,"web",6,10,17.7
70,"phone",5,7,63.5
53,"phone",7,6,32
57,"in-person",6,7,42.7
66,"in-person",13,5,59.9
43,"in-person",4,9,23.2
34,"email",8,10,31.1
64,"web",6,3,57.8
23,"web",11,3,35.3
80,"web",15,10,30.7
51,"email",9,6,29
49,"email",10,3,35.7
70,"email",5,1,54.2
63,"phone",0,8,34.6
54,"phone",5,3,62
72,"in-person",13,1,62.6
69,"phone",14,5,48.5
54,"phone",2,8,36.1
43,"phone",6,6,31.9
66,"email",7,6,47.2
68,"phone",2,7,52.8
53,"phone",14,7,42
63,"in-person",9,6,43.6
37,"in-person",6,4,28
47,"phone",3,3,50.5
56,"phone",8,9,27.2
54,"email",15,10,40.5
72,"phone",2,2,73.2
49,"email",0,5,36.6
34,"email",9,4,40.6
71,"in-person",0,4,54.4
76,"web",8,4,55.2
62,"in-person",13,5,50.5
52,"email",7,10,18.9
50,"phone",6,3,64.7
72,"phone",4,5,53
52,"web",14,6,37.8
80,"web",2,8,53.2
27,"email",0,3,40
33,"email",10,5,36.7
56,"email",7,9,33.6
51,"web",5,10,36.5
24,"email",4,3,49.9
49,"email",12,3,36
63,"email",3,2,37.8
39,"in-person",14,4,38.8
40,"in-person",13,2,45.8
32,"web",5,5,37.1
75,"phone",6,8,54.6
80,"phone",2,6,50.5
55,"email",9,10,19.9
72,"web",3,5,52
64,"web",11,8,56
72,"phone",9,7,52.1
55,"phone",10,1,65
54,"in-person",6,9,41.1
26,"in-person",13,6,34.4
30,"phone",11,1,36.8
38,"in-person",10,8,13.9
26,"web",0,7,33.6
18,"email",1,8,25.8
64,"email",3,2,68.1
52,"web",13,8,32.4
47,"phone",12,8,39.3
47,"phone",1,5,55.6
63,"web",3,10,32.5
52,"phone",8,2,53.8
29,"web",11,5,22.5
66,"web",7,3,36.6
79,"phone",7,9,59.4
47,"email",3,9,36.7
38,"web",12,2,42.8
78,"phone",14,8,54.6
33,"phone",0,8,34.2
64,"web",6,5,34.4
73,"email",9,7,36.6
42,"web",10,9,27.7
71,"in-person",2,7,53.1
24,"web",7,7,17.9
80,"phone",8,4,56.6
19,"web",7,2,40.4
74,"in-person",6,2,61.4
44,"in-person",2,1,59.6
75,"web",5,10,49.9
35,"email",14,2,35
23,"web",14,10,20.8
72,"email",15,3,50.3
77,"email",1,8,52
65,"web",6,7,39.2
46,"phone",9,7,41
41,"email",9,2,30.9
38,"phone",2,3,52
28,"in-person",11,5,39
27,"email",8,5,34.5
67,"email",0,1,66.5
28,"web",7,2,30.3
27,"web",7,8,12.6
50,"web",0,3,33.7
23,"email",14,4,19.6
23,"phone",4,8,29.2
25,"in-person",5,6,25.8
19,"phone",3,7,35.1
34,"web",3,2,28.3
30,"web",7,7,27.1
47,"phone",6,1,64.7
48,"phone",9,5,44.8
33,"web",13,3,28.5
71,"in-person",14,4,73.6
76,"phone",14,2,66.7
51,"web",1,9,26
21,"web",1,1,21.5
53,"web",1,8,23.3
58,"in-person",13,3,46.9
73,"in-person",10,4,55.6
46,"web",8,6,25.3
76,"phone",2,6,50.2
69,"in-person",8,10,35.6
67,"in-person",12,6,45.8
55,"in-person",5,4,32.5
22,"email",6,3,34
57,"web",6,8,33.3
64,"phone",13,7,41
55,"email",15,10,21.6
19,"in-person",15,10,17.4
75,"email",6,1,51.2
45,"phone",5,9,33.6
29,"in-person",10,10,36
76,"phone",5,1,65.9
36,"web",15,10,10.1
36,"in-person",2,4,40.9
39,"in-person",14,1,61.6
72,"web",3,4,52.8
41,"in-person",15,2,39.9
72,"web",15,8,42.5
41,"in-person",0,3,43.9
53,"phone",3,2,53.6
55,"phone",11,8,54.4
44,"phone",2,3,58.7
19,"web",9,4,36.3
77,"phone",15,4,71.6
36,"web",10,3,37
23,"phone",7,8,20.9
44,"phone",10,1,57.1
33,"phone",1,3,43.7
36,"in-person",3,3,50
46,"phone",6,1,58.3
79,"phone",7,3,70
50,"in-person",11,4,40.4
19,"phone",8,6,50.8
76,"email",12,2,54
51,"phone",9,8,40
75,"phone",5,8,59.3
40,"email",13,6,37.8
25,"phone",15,6,36.9
62,"email",12,1,50.6
48,"web",6,8,31.4
34,"in-person",12,5,42.1
20,"web",11,8,27.4
76,"web",15,6,40.9
51,"web",5,4,25.9
43,"email",10,6,25.5
65,"phone",9,7,58.3
67,"web",6,5,40.5
59,"email",10,9,35.9
35,"web",12,4,43
51,"phone",2,4,29.1
41,"phone",4,6,62.4
53,"email",5,10,28.9
64,"web",8,9,31.1
45,"email",3,1,46.6
76,"in-person",12,9,47.1
19,"phone",10,1,45.8
45,"web",12,7,21.7
44,"phone",1,2,48
57,"email",9,10,19.2
73,"web",4,3,48.3
46,"web",1,4,52
20,"phone",9,10,18.7
58,"email",5,5,33.9
56,"web",1,7,42.5
32,"phone",10,10,30
69,"in-person",1,8,41.5
45,"web",11,8,35.9
55,"web",2,3,44.1
29,"phone",2,4,46.2
39,"in-person",3,9,30
67,"web",13,5,55.1
27,"in-person",15,8,29.2
34,"email",11,7,13.4
78,"phone",3,4,72.4
19,"email",7,5,19.5
47,"phone",12,1,52.4
59,"web",14,1,69.1
68,"in-person",6,3,54.7
63,"web",11,1,59.5
32,"phone",4,2,50
71,"phone",15,4,71.6
21,"email",1,8,16.3
31,"web",6,3,44.1
25,"email",5,4,40.4
59,"phone",15,5,50.8
34,"in-person",13,9,41.8
21,"email",1,3,28.3
35,"email",5,1,41.8
71,"in-person",15,2,76.7
44,"email",3,9,24.5
75,"web",12,7,39.6
27,"web",10,7,20.8
31,"in-person",12,1,59.1
61,"in-person",8,4,55
31,"phone",9,4,48.3
19,"web",1,8,26.9
48,"in-person",15,10,27
44,"web",14,4,44.7
25,"phone",3,5,30.5
78,"phone",5,3,63.2
68,"phone",13,8,54.5
50,"in-person",7,6,41
56,"email",3,6,37.3
26,"phone",7,3,50.3
51,"phone",5,4,54.8
57,"web",14,4,36.2
48,"email",5,10,24.4
61,"phone",0,3,81.5
50,"in-person",4,8,37.2
75,"web",10,1,59.4
37,"email",6,8,31.3
35,"web",9,8,5.3
31,"email",14,8,24.2
68,"in-person",1,2,59.7
55,"web",15,6,37.4
67,"email",15,5,47.1
39,"email",14,5,25.3
52,"in-person",7,9,24.2
60,"web",13,10,37.9
29,"web",10,6,18.3
62,"web",12,5,50.5
46,"in-person",11,2,43.6
20,"in-person",1,2,33.5
76,"in-person",5,7,58.6
54,"in-person",8,7,35.8
76,"phone",9,10,29.4
18,"web",10,1,34.8
57,"phone",14,1,69.3
71,"web",11,3,61.5
45,"phone",11,6,44.7
64,"web",14,5,46.2
31,"phone",14,2,40.9
79,"in-person",1,4,47.2
19,"web",1,7,12.6
29,"phone",13,9,33.7
69,"email",5,7,44.5
56,"phone",9,4,45.7
78,"phone",6,7,52.4
31,"email",14,9,29.7
56,"email",4,7,44.1
22,"email",8,4,33.6
64,"in-person",13,7,61.3
59,"phone",13,1,61.5
26,"in-person",4,4,31.4
71,"web",11,2,48
23,"web",6,6,19.3
57,"in-person",6,8,42.9
62,"phone",4,3,54.9
40,"in-person",9,8,37.3
78,"web",0,6,44.3
31,"email",2,2,35.9
45,"email",15,5,32.8
27,"in-person",7,4,31.3
36,"email",8,5,32.5
41,"phone",3,3,41.8
34,"in-person",11,9,37.2
43,"phone",10,6,30.2
74,"phone",4,2,54.2
65,"email",11,5,44.9
65,"web",7,6,40.9
80,"in-person",14,8,45.6
39,"email",3,3,39.9
21,"web",11,4,40.5
47,"email",12,10,33.5
40,"web",3,7,30.3
43,"web",1,1,46.5
19,"in-person",12,1,30.4
78,"web",4,3,41.8
64,"in-person",5,2,51.6
64,"phone",4,3,51
78,"email",13,1,68
35,"in-person",10,1,42.3
73,"email",6,8,42.1
30,"in-person",11,10,22.4
70,"phone",10,8,54.1
33,"in-person",15,7,39.1
52,"web",8,2,44
24,"web",3,4,37.9
54,"in-person",1,4,50.8
69,"phone",4,6,50.2
33,"web",9,3,30.4
80,"web",10,9,43
48,"in-person",15,10,21.3
53,"in-person",5,6,46.4
69,"web",3,9,30.6
74,"web",2,5,42.5
27,"email",10,7,16.3
23,"in-person",0,6,32.3
37,"web",1,4,36.5
25,"in-person",7,3,21.6
70,"web",1,8,40.3
80,"email",2,6,53.5
79,"in-person",13,4,58.6
68,"web",2,1,54.2
18,"phone",0,5,26.8
53,"phone",10,6,37.6
80,"phone",3,4,74.7
65,"in-person",11,3,51.1
50,"email",5,5,21.1
79,"email",11,7,52.7
46,"in-person",15,10,36.1
68,"email",2,5,44.4
47,"web",3,7,25.9
37,"in-person",0,10,34.3
53,"phone",2,9,32.4
70,"email",4,5,37.4
80,"email",6,9,39
54,"phone",14,5,59.7
42,"web",5,5,30.3
26,"phone",12,2,45.3
62,"email",2,10,26.6
76,"in-person",7,6,51.8
48,"phone",8,2,57.9
57,"in-person",6,9,32.4
25,"in-person",14,7,29
77,"phone",12,1,64.5
31,"web",7,1,51.9
55,"phone",13,8,50.5
42,"phone",9,10,46
59,"phone",9,3,74.8
38,"phone",11,10,44.3
25,"web",2,5,40.2
66,"in-person",2,9,51.8
58,"email",3,2,50.8
27,"web",8,2,47.4
36,"phone",2,6,36.9
55,"email",5,5,50.4
45,"phone",12,5,61.4
53,"web",2,1,52.4
68,"web",4,4,54.7
64,"web",0,7,52.4
72,"web",8,8,20.1
65,"phone",5,2,75.3
65,"in-person",11,6,45.6
64,"phone",15,2,66.2
66,"phone",13,3,54.1
23,"in-person",15,2,36.5
71,"email",10,1,51.5
42,"phone",5,6,50.9
56,"web",3,4,52.4
38,"phone",9,3,35.3
36,"web",6,2,44.4
55,"phone",7,9,56.2
41,"phone",4,6,43.9
22,"web",6,9,26.1
43,"email",15,1,57.6
28,"web",5,3,26.9
24,"in-person",0,9,25.2
46,"phone",4,10,32.5
79,"phone",5,9,52.6
26,"web",15,1,47.6
69,"phone",14,1,72.6
39,"web",6,6,33.6
76,"in-person",9,9,36
24,"web",3,6,23.1
37,"phone",4,7,35
23,"phone",8,3,20.8
23,"in-person",13,5,43.1
74,"web",6,2,63
50,"in-person",10,2,47.7
37,"web",7,2,35.8
49,"web",13,10,18.1
19,"phone",11,9,23.5
29,"web",7,6,38.3
51,"phone",15,4,50
45,"email",3,2,37.7
67,"in-person",7,2,67.1
59,"in-person",5,3,46.6
37,"email",0,9,18.3
42,"email",8,10,26.1
19,"in-person",4,9,20.8
71,"phone",4,9,44.3
19,"email",12,10,11.9
45,"phone",1,4,50.3
71,"email",2,6,34.1
20,"web",15,4,13.2
46,"email",15,1,42.8
37,"email",6,6,18.8
72,"phone",10,10,50.6
34,"in-person",1,6,42.4
79,"email",11,8,46.7
26,"in-person",11,10,23.1
30,"phone",0,2,58.2
63,"phone",6,7,63.3
72,"web",5,6,34.8
54,"phone",6,1,58.8
28,"in-person",4,1,49.1
72,"in-person",8,2,52.9
41,"in-person",6,8,25.8
78,"email",6,6,58.4
74,"in-person",6,7,46.5
77,"email",9,1,58.8
78,"web",4,2,55.6
77,"web",13,8,29.8
43,"phone",15,4,41.4
79,"email",11,2,58.5
64,"web",5,3,51.9
37,"in-person",10,6,36.3
39,"phone",10,8,38.7
30,"email",0,6,31
74,"web",8,5,51.5
72,"email",12,1,70.5
42,"web",5,4,32.2
71,"email",9,5,44.1
19,"in-person",12,6,42.5
55,"web",0,10,33.9
39,"web",15,9,16.8
23,"web",3,7,16.6
61,"web",8,7,30.6
71,"phone",14,2,67.2
63,"in-person",2,4,32.5
25,"in-person",7,4,34.9
46,"web",8,5,35.1
75,"in-person",1,4,49.5
43,"web",0,2,52.8
80,"web",4,2,51.1
64,"phone",9,10,37.2
66,"web",7,5,43
57,"phone",4,10,41.2
36,"in-person",11,2,55.7
20,"email",2,3,32.9
20,"phone",15,9,22.4
40,"phone",12,9,39.5
80,"in-person",10,6,54.7
33,"phone",9,9,29.8
46,"web",5,6,34.7
61,"in-person",9,10,22.5
69,"phone",6,7,58.2
41,"email",2,7,18
49,"phone",2,2,69.3
48,"web",3,5,39.5
75,"in-person",0,4,53.7
69,"email",2,9,28.9
69,"phone",6,7,63.1
30,"web",15,2,33.4
65,"email",14,6,43.3
36,"in-person",7,4,41.9
36,"phone",11,4,48
62,"email",9,3,42
41,"email",10,5,30.2
32,"in-person",0,2,40.7
50,"in-person",2,9,24.3
54,"web",3,10,38.3
37,"in-person",1,9,27.3
21,"phone",3,3,48.4
41,"web",8,6,42.8
22,"email",13,8,20
72,"email",4,7,45.4
38,"phone",8,10,30.9
31,"phone",11,6,26.4
79,"web",11,4,59.5
60,"in-person",10,5,47.4
74,"phone",1,7,58.6
55,"in-person",3,1,44.2
42,"phone",6,1,37.3
23,"in-person",13,1,41.3
19,"web",11,8,27.5
20,"in-person",13,3,40.4
71,"web",12,9,29.5
79,"web",15,8,36.7
33,"email",0,8,23.6
72,"in-person",9,10,38.2
50,"in-person",0,1,57.3
51,"email",9,7,35.8
61,"email",14,6,28.9
54,"web",12,8,29.9
42,"phone",14,2,54.8
44,"phone",0,6,44.6
79,"web",11,2,49.1
59,"email",12,3,44.2
78,"in-person",9,2,63.7
28,"web",3,4,21.2
25,"web",1,10,23.1
27,"web",3,3,37
65,"email",10,1,44.3
71,"in-person",6,8,41.3
18,"web",1,4,41.2
65,"phone",4,8,50.5
43,"web",1,3,36
30,"in-person",4,1,39
60,"phone",11,6,49.6
55,"email",1,9,21.5
45,"in-person",13,4,46
73,"in-person",6,4,46.7
39,"phone",2,2,56.3
35,"in-person",9,1,53.1
68,"web",8,5,45.8
28,"phone",8,3,46.9
59,"in-person",4,6,58.8
69,"phone",3,10,36.1
78,"in-person",6,6,45.3
76,"in-person",14,2,58.4
20,"email",0,5,26.4
22,"in-person",2,9,14.5
23,"in-person",9,6,33.9
29,"in-person",3,10,24.2
44,"email",4,10,31
67,"phone",2,7,53.6
54,"email",5,6,50.1
39,"web",3,7,33.3
66,"email",5,4,40.8
53,"email",10,8,29.8
52,"web",15,9,17
29,"web",1,7,28.5
48,"web",4,4,34.2
68,"phone",11,3,55.6
79,"phone",2,2,48.8
31,"phone",7,5,44
41,"email",5,2,28.8
38,"in-person",9,6,40.3
77,"in-person",1,4,59.5
76,"in-person",0,3,58.6
74,"phone",11,9,50.1
71,"email",13,7,50.7
29,"email",7,3,22.4
48,"phone",10,9,49.3
36,"in-person",0,10,24.6
48,"email",0,9,27.4
63,"in-person",8,8,51.8
27,"phone",15,2,49.3
22,"in-person",1,3,35.1
52,"web",4,3,46.1
49,"web",5,8,30.8
52,"phone",8,7,47.4
41,"email",5,1,43.4
52,"in-person",4,10,40.9
42,"phone",13,5,47.4
36,"phone",15,5,33.2
35,"phone",0,4,35.5
73,"email",3,5,65.1
72,"in-person",12,10,37.8
57,"in-person",13,5,29.6
72,"in-person",4,1,57.4
26,"in-person",3,10,24.3
67,"web",5,9,42.3
25,"in-person",11,4,45.2
79,"web",6,3,45.9
31,"in-person",3,5,37.3
70,"email",4,7,45.6
40,"email",2,7,35.5
73,"web",13,1,58.2
49,"web",6,4,31.2
39,"email",0,3,40.2
29,"phone",6,6,42.7
41,"web",10,1,35.6
41,"web",0,2,46.5
20,"in-person",9,3,36
45,"in-person",13,10,37
56,"web",6,4,33.5
22,"in-person",6,4,31.8
53,"web",12,1,62.1
66,"in-person",1,2,54.9
62,"phone",11,4,50.4
80,"in-person",4,2,49.6
80,"in-person",8,7,44.3
42,"email",14,10,19.7
63,"email",14,8,50.1
65,"in-person",7,4,40
22,"web",6,1,26.9
23,"email",11,5,37.5
60,"web",5,9,31.9
49,"email",5,5,22.5
23,"web",6,7,33
77,"phone",11,4,47.1
79,"in-person",5,9,61.1
49,"web",3,3,30.4
66,"in-person",9,1,58.1
46,"web",8,7,23.8
19,"web",6,10,14
27,"phone",5,10,18.3
72,"in-person",5,6,42.7
77,"in-person",5,4,58.1
62,"in-person",5,4,46.4
23,"phone",11,10,28.9
25,"web",6,6,26.1
52,"web",6,7,42.2
23,"email",14,9,14
19,"email",3,6,11.7
46,"web",12,8,24.4
32,"web",7,5,23.3
32,"web",10,3,37.1
77,"phone",7,7,65.2
31,"phone",10,2,42.5
39,"web",0,9,24.7
33,"email",8,5,44.6
52,"web",5,7,35.6
55,"phone",3,5,51.3
30,"in-person",4,2,38.1
37,"phone",10,5,40.5
57,"phone",2,6,48.9
79,"in-person",0,1,68.7
31,"web",8,8,23.7
55,"in-person",12,8,35.1
68,"in-person",2,5,46.3
43,"web",4,2,32.3
18,"web",9,5,42.3
27,"web",15,3,20.1
46,"in-person",11,8,26.7
23,"in-person",5,7,22.1
27,"phone",4,8,41.9
22,"in-person",4,6,23.5
49,"email",1,4,38
73,"phone",15,5,60.2
48,"email",1,2,48.8
75,"phone",12,2,57.4
19,"email",11,2,26.6
34,"phone",3,1,50.1
48,"email",4,6,33.6
43,"web",5,4,34.2
55,"in-person",10,6,64.1
21,"phone",15,5,36.1
49,"email",13,2,36.2
36,"web",15,5,32.2
36,"web",4,2,46.6
25,"in-person",9,7,26.6
52,"phone",5,3,52
60,"phone",9,5,44.2
38,"phone",8,10,29.5
70,"email",14,4,51.4
43,"in-person",15,4,44
78,"in-person",15,6,50.8
77,"in-person",3,9,66.7
28,"web",8,9,30.9
78,"web",10,9,41.7
42,"web",8,5,36.1
61,"email",7,4,32.2
51,"web",11,2,38.2
39,"email",7,8,20.4
25,"email",2,6,33.7
55,"phone",10,4,58.1
22,"phone",15,10,32.1
39,"web",7,6,29.2
24,"web",0,6,27
19,"in-person",14,8,34.6
67,"in-person",10,3,56
46,"phone",3,7,45.9
64,"web",15,9,19.1
77,"phone",6,5,70.5
57,"email",12,7,36.8
75,"in-person",13,5,45.8
57,"phone",11,5,49
65,"email",8,10,15.1
37,"in-person",15,4,34.3
41,"phone",0,3,48.4
73,"phone",3,3,56.9
41,"phone",0,8,36.9
59,"in-person",9,5,59.9
45,"email",8,9,43.5
28,"in-person",6,3,30.9
76,"phone",2,2,67.7
33,"in-person",0,6,34.8
29,"web",13,1,28.4
55,"email",13,5,50.5
69,"phone",10,2,70.2
72,"phone",8,3,77.3
53,"phone",2,4,52.1
23,"web",5,2,30.3
51,"in-person",11,5,35.8
37,"email",6,9,35.2
58,"web",6,2,46.8
70,"web",1,1,44.1
46,"email",3,5,42
64,"email",15,1,54.4
68,"in-person",12,2,66.2
75,"phone",8,3,68.8
63,"in-person",13,7,29.5
56,"phone",1,2,66.6
60,"web",4,2,53.1
45,"web",2,3,30.5
23,"phone",4,7,36.2
78,"email",8,1,62.4
20,"web",6,6,25.6
20,"email",15,9,10.6
80,"in-person",13,10,55.5
32,"web",6,2,31.7
36,"email",4,10,29
31,"email",5,8,19.4
70,"phone",15,10,41.2
42,"in-person",14,9,23.3
73,"web",2,1,61.6
49,"web",4,4,40.9
32,"in-person",3,3,35.1
64,"web",14,3,42.9
61,"phone",11,6,44.5
23,"in-person",0,6,36.8
74,"phone",15,2,53.1
70,"in-person",11,1,71
52,"phone",12,2,44.1
33,"email",10,6,31.1
19,"phone",6,2,41.6
35,"in-person",12,10,13.8
33,"phone",9,4,56.3
73,"email",3,4,48.2
46,"web",11,8,4.2
35,"email",3,3,49.1
29,"web",7,2,34
20,"web",2,8,13.4
19,"phone",0,4,49
68,"in-person",6,5,50.9
40,"phone",15,5,41.7
20,"web",11,8,8.2
37,"web",2,8,28.8
63,"in-person",14,7,53.6
73,"in-person",0,9,45.2
62,"in-person",15,4,47.6
23,"email",10,4,22.5
80,"in-person",4,10,36.3
43,"phone",13,8,46.1
58,"in-person",1,7,39.5
75,"email",6,6,56.4
26,"in-person",2,9,21.3
40,"email",2,10,15.1
30,"phone",6,7,29.8
77,"in-person",4,2,56.6
40,"phone",11,2,69.4
32,"email",2,5,39.3
41,"email",0,8,42.9
79,"email",9,5,52.1
69,"phone",11,2,60.8
70,"email",10,8,33.3
31,"email",14,1,29.2
57,"email",3,1,56.5
77,"phone",6,6,51.6
29,"phone",11,7,37.4
57,"web",7,5,49.8
52,"in-person",15,8,41.2
28,"phone",4,1,50
70,"email",6,4,47.4
34,"web",15,8,9
22,"phone",7,4,38.7
73,"web",3,9,35.9
37,"web",7,8,26.9
77,"web",6,3,49
55,"web",8,1,53.2
57,"in-person",4,10,36.1
35,"email",3,4,33.8
42,"email",4,4,41
22,"phone",10,5,44.1
60,"email",11,9,25.1
61,"phone",2,3,64.6
62,"email",2,9,38.6
40,"email",8,10,25.3
46,"in-person",14,2,42.2
64,"in-person",9,3,60.4
53,"email",11,3,43.2
59,"in-person",9,2,56.7
72,"web",12,5,37.9
32,"in-person",10,4,31.3
62,"phone",15,4,55.4
43,"email",6,7,28.4
52,"email",15,5,40.9
38,"phone",6,9,40.7
60,"in-person",9,8,29.2
37,"phone",1,3,49.2
18,"web",11,10,1
27,"in-person",13,3,34.3
57,"phone",7,1,67.1
65,"web",11,4,58.9
23,"in-person",14,8,37.8
36,"phone",4,8,32.6
51,"in-person",7,7,30.7
42,"phone",7,5,34.5
37,"phone",4,1,59.4
33,"web",11,3,41.6
77,"email",12,7,39
38,"phone",1,7,43.8
58,"email",11,4,60.1
35,"web",2,7,22.7
78,"in-person",7,6,59.3
32,"phone",14,5,49.3
50,"email",2,3,50.1
30,"phone",4,4,53.3
57,"web",15,1,65.1
42,"in-person",12,3,64.8
42,"email",11,6,32.4
34,"in-person",7,7,12.5
62,"web",6,3,46.1
26,"in-person",11,8,22
70,"phone",11,2,68.5
25,"phone",8,9,27.6
64,"web",5,1,40.4
36,"phone",15,2,49.8
80,"phone",11,5,58
23,"in-person",1,9,19.8
78,"in-person",7,6,44.8
79,"phone",1,4,52.5
19,"in-person",3,1,33.9
57,"in-person",4,3,53.9
70,"web",5,1,58.5
67,"web",12,2,52.4
53,"web",0,8,35.7
46,"in-person",14,9,32.6
70,"web",0,1,63.8
75,"phone",14,2,79.3
19,"in-person",13,5,33
45,"email",12,2,44.1
48,"phone",5,7,56.5
31,"web",10,2,40
79,"in-person",9,1,65.8
23,"in-person",9,10,14
25,"email",8,7,22.1
22,"phone",5,3,43.4
22,"phone",12,9,27.3
65,"web",0,6,49.5
58,"email",15,8,35.6
51,"in-person",1,6,28.4
47,"phone",1,6,57.1
60,"phone",5,8,39.7
18,"email",15,10,2.8
42,"email",0,1,39
24,"web",0,3,22.9
73,"email",10,3,52.8
79,"in-person",11,5,60.2
57,"in-person",3,9,33
34,"email",0,9,17.7
58,"web",3,6,36.8
76,"web",5,9,33.2
40,"email",2,9,15.8
39,"web",7,8,23
64,"email",2,9,42.9
68,"web",6,2,52.1
30,"in-person",5,10,19.2
30,"web",10,1,33.8
77,"phone",11,6,56
37,"web",12,10,10.1
74,"web",15,8,37.8
46,"web",12,5,30.5
75,"web",3,7,39.2
76,"email",9,6,51.7
69,"email",5,2,48.1
79,"email",14,9,42.7
42,"web",4,3,39.4
26,"in-person",4,2,40.6
20,"phone",9,5,49.2
64,"web",15,6,47.7
34,"web",5,3,34.2
25,"web",14,6,14.9
20,"phone",7,1,40.7
30,"phone",12,8,23.3
38,"web",1,4,27.3
65,"email",15,1,48.6
76,"web",10,6,47.2
57,"in-person",0,3,48.8
37,"web",15,4,18.7
36,"in-person",5,2,62.5
67,"email",4,4,55.5
25,"web",4,5,37.6
52,"web",10,7,23.5
69,"web",8,7,55.1
68,"in-person",1,5,47.7
78,"email",8,7,56.3
18,"web",10,6,20.9
19,"in-person",6,8,23.4
42,"phone",1,9,37.9
59,"phone",5,9,37.8
65,"email",11,5,44.6
69,"phone",7,2,59.7
71,"in-person",2,2,56
58,"in-person",11,9,27.4
68,"email",9,8,35.2
78,"in-person",12,4,52.1
43,"web",5,2,59.4
41,"phone",0,3,44.5
34,"in-person",8,6,30.5
56,"phone",13,7,52.4
52,"email",4,4,31.2
79,"email",15,2,44.9
46,"in-person",12,2,49.1
30,"in-person",13,4,51.5
46,"in-person",15,4,33
31,"phone",7,8,39.3
21,"web",12,2,42
34,"email",15,4,30.6
59,"in-person",14,2,63.3
38,"in-person",0,3,46.4
30,"email",1,3,35.4
47,"email",10,6,31.3
19,"web",2,5,20.2
23,"in-person",14,9,25.6
78,"in-person",12,4,44.3
64,"web",15,4,36.8
35,"in-person",10,6,49.3
26,"in-person",15,10,27.8
77,"email",0,7,34.6
62,"email",4,4,35
48,"email",14,8,42.8
18,"web",13,4,25.5
34,"email",4,4,27.6
64,"in-person",0,6,58.5
26,"in-person",9,10,29.5
35,"phone",0,3,40.7
48,"phone",4,2,54.2
50,"email",2,10,21.1
31,"in-person",11,3,50.7
59,"email",11,9,45.3
65,"in-person",3,10,35.4
70,"in-person",1,6,52.7
76,"in-person",6,1,70.5
38,"phone",4,4,45.1
23,"phone",11,3,45.9
63,"email",3,10,38.1
70,"web",7,6,44.7
25,"web",9,4,42.3
33,"in-person",8,7,20.8
18,"web",11,1,35
63,"in-person",11,6,46.2
60,"phone",11,7,43.8
27,"phone",9,7,51
23,"email",15,5,26.7
18,"phone",10,10,20.4
69,"in-person",5,5,49.5
29,"phone",4,8,36.1
72,"phone",5,1,74.7
43,"in-person",4,3,51.7
43,"in-person",7,3,50.7
27,"email",2,7,22.9
69,"web",10,6,42.8
72,"web",10,8,26.1
67,"phone",11,6,53.9
60,"web",7,2,51.3
66,"phone",5,1,70.2
32,"phone",13,9,24.2
63,"in-person",5,10,28.1
37,"email",12,1,49.1
29,"email",10,6,38.7
23,"web",3,7,14.8
80,"in-person",15,8,52.3
31,"web",5,1,33.1
58,"phone",6,8,43.1
24,"phone",2,6,37.1
56,"email",5,8,27.2
24,"in-person",7,9,19.3
41,"email",5,5,30.8
68,"in-person",15,6,47.8
78,"phone",8,2,69.4
44,"in-person",2,10,26.8
18,"in-person",15,4,35.6
69,"email",2,8,33.3
26,"phone",3,6,46.2
34,"phone",5,3,39.7
40,"email",2,2,49.6
18,"in-person",4,10,22.4
38,"phone",2,7,36.1
57,"phone",11,5,60
48,"phone",14,9,50.2
56,"phone",0,1,61.8
24,"phone",8,5,41.9
28,"email",11,10,11
47,"phone",5,9,26.2
46,"email",5,6,24.9
74,"phone",13,4,44.7
49,"phone",12,5,45.3
80,"in-person",15,2,65.6
29,"phone",10,7,24.3
62,"email",11,5,39.5
33,"web",13,10,16.1
22,"in-person",10,9,28.2
56,"phone",0,1,73.8
37,"email",8,6,21.6
68,"email",0,6,43.3
43,"web",3,7,15.4
51,"web",11,7,37.6
28,"phone",6,10,23.5
51,"email",1,6,37.2
70,"phone",12,6,48.3
20,"in-person",4,5,39.6
25,"email",14,8,25.3
27,"phone",0,5,38.3
33,"web",3,8,11.5
41,"web",15,6,32.5
63,"phone",3,3,58.3
56,"in-person",4,1,59.9
63,"web",6,5,35
57,"in-person",5,10,38.5
67,"in-person",9,9,41.6
23,"web",1,1,45.3
23,"phone",14,6,30.1
74,"web",5,5,51.4
21,"web",3,10,4.7
44,"email",2,6,26.9
53,"in-person",1,8,36.5
75,"email",3,8,34.2
35,"web",14,6,46.3
25,"web",4,2,46.7
49,"web",10,1,51.1
32,"web",9,4,15.3
80,"phone",7,1,58.9
29,"email",5,5,36.1
54,"in-person",14,4,54.9
51,"phone",12,8,42.8
25,"web",0,5,35
49,"in-person",7,10,32.8
76,"email",1,8,40.9
70,"email",15,5,48
38,"web",7,10,15
18,"email",2,8,22.7
70,"email",12,10,40.7
77,"web",15,1,58.4
72,"in-person",11,8,53.9
41,"email",5,4,34.5
33,"email",8,10,7.9
47,"web",5,1,44.3
22,"email",10,10,19.1
69,"in-person",13,1,55.8
44,"email",7,9,35.4
20,"web",13,5,33.7
30,"in-person",12,9,20.6
66,"phone",0,9,44.9
39,"email",6,1,50.5
50,"web",10,3,38.3
44,"phone",14,6,57.1
75,"in-person",3,5,53
34,"phone",13,8,31.4
70,"in-person",11,5,59.8
25,"in-person",4,2,35.8
61,"web",8,10,14.1
24,"email",7,1,34.1
51,"web",7,5,33.1
22,"phone",15,8,45.6
58,"in-person",3,4,45.8
37,"in-person",4,2,58.7
21,"web",10,10,14.9
18,"email",13,10,12
33,"phone",3,1,49.4
32,"web",1,9,24
74,"phone",13,8,48.2
57,"in-person",1,9,41
40,"phone",9,5,44.4
66,"web",2,4,36.2
31,"email",0,8,38.1
26,"in-person",5,9,17.8
37,"email",10,3,27
67,"web",1,8,49
41,"phone",9,4,64.2
67,"web",7,3,54.3
76,"phone",8,10,41.1
21,"phone",12,4,50.9
75,"email",7,7,48.2
59,"web",3,3,39.2
52,"email",6,7,36.5
79,"web",15,5,48.9
77,"web",15,2,44.8
52,"phone",9,2,54.7
25,"phone",12,10,26.2
65,"in-person",14,7,52.5
38,"in-person",2,8,40
52,"in-person",13,3,46.7
31,"in-person",6,2,47.3
30,"in-person",11,5,41.2
18,"in-person",10,1,42.3
53,"email",2,6,31.5
65,"web",6,4,46.7
67,"email",4,6,40.5
50,"web",5,2,45.6
26,"web",15,3,22.3
30,"phone",10,9,41.4
26,"in-person",12,1,50.7
61,"web",14,6,38.4
19,"web",1,10,16.3
53,"in-person",2,1,50
67,"in-person",3,8,45.4
58,"web",14,5,38.5
37,"email",1,3,28.6
58,"email",8,5,43.9
54,"email",15,5,28.7
62,"web",8,6,35
66,"email",9,8,26.9
68,"email",7,3,35.8
60,"email",14,1,45.9
34,"phone",3,2,43.1
18,"email",15,6,27.2
79,"email",0,10,35.6
41,"web",4,4,47.7
34,"in-person",8,2,39.2
28,"web",2,4,38
68,"in-person",15,10,48.4
62,"web",9,1,47.8
22,"web",11,6,20.9
23,"in-person",13,6,26.6
26,"in-person",0,6,27.5
61,"email",0,9,33.3
33,"phone",4,1,63.7
22,"phone",8,1,53.3
71,"phone",5,10,52.2
32,"email",13,7,38.2
72,"web",14,4,45
38,"web",1,7,30.8
49,"phone",15,5,70.7
35,"web",8,1,49.1
38,"web",13,10,21
53,"web",2,9,13.2
42,"email",10,9,22.2
43,"phone",15,9,33.6
44,"phone",5,10,30.4
27,"web",4,9,14.6
74,"web",9,2,57.9
43,"web",9,1,40.8
27,"email",9,1,36.6
46,"phone",5,5,54.2
38,"web",3,4,40.3
69,"web",3,6,41.9
66,"email",12,2,51.7
59,"in-person",10,9,33.2
28,"email",3,9,16.5
37,"phone",7,4,43.5
48,"email",10,3,58.6
29,"phone",1,3,52
20,"phone",11,4,37.8
59,"phone",15,3,66.3
72,"email",7,2,43
44,"phone",4,9,34.5
61,"phone",10,9,42.9
78,"in-person",15,2,67.4
48,"email",7,6,19.9
34,"in-person",15,10,21
75,"email",1,2,65.6
20,"in-person",8,8,25.4
66,"in-person",6,2,53.7
80,"web",8,10,34.8
71,"in-person",0,7,36.6
68,"phone",2,7,47.7
21,"email",6,2,25.5
35,"in-person",4,4,43.6
67,"phone",14,1,52.2
40,"phone",5,7,29.1
51,"in-person",6,1,55.8
52,"web",13,3,50.4
75,"email",3,9,35.8
33,"in-person",7,3,55
36,"email",1,8,19.7
72,"email",14,9,30.5
28,"phone",12,2,51.9
44,"web",0,3,30.5
31,"phone",3,4,47.8
48,"in-person",4,2,46
55,"in-person",6,10,38.7
79,"web",6,9,41.7
47,"in-person",15,7,39.4
76,"email",9,4,48.7
72,"email",2,10,37
24,"web",2,3,46.2
57,"in-person",9,3,60.6
54,"email",7,9,22
58,"phone",13,10,35.8
28,"phone",10,10,17.8
73,"in-person",8,3,54.8
19,"email",15,4,30.3
23,"email",5,2,40.1
63,"phone",1,8,42.9
60,"email",13,3,40.9
57,"in-person",5,4,35.2
57,"phone",1,4,61.9
40,"email",0,2,35.3
45,"web",9,8,26.1
56,"web",8,4,51.6
59,"web",4,3,46.3
64,"phone",4,8,52.6
21,"web",6,2,28.8
27,"phone",4,5,49.1
75,"in-person",14,6,36.3
19,"email",12,5,27.1
67,"phone",7,10,47.9
70,"email",3,8,43.9
70,"phone",5,4,54.7
28,"web",6,3,21.2
44,"in-person",4,7,35.8
73,"phone",2,8,50.3
42,"web",10,8,13.3
73,"web",13,4,49.5
36,"phone",9,4,36
51,"web",8,2,44.4
54,"web",15,3,39.6
19,"in-person",5,5,42.9
39,"email",0,2,39.6
71,"phone",9,7,57.7
56,"email",0,8,29.5
62,"in-person",1,9,38.1
80,"phone",7,7,46.1
43,"web",12,9,19.9
42,"in-person",9,4,44.2
73,"in-person",10,3,58.4
47,"in-person",5,9,14.7
20,"phone",0,7,41.2
58,"phone",6,7,46.6
57,"phone",3,2,57.8
49,"email",10,3,56.4
59,"email",3,3,61.4
32,"email",13,3,45.8
20,"phone",1,8,36.6
41,"email",9,2,46
32,"phone",9,5,46.5
79,"phone",1,1,88.7
56,"web",9,6,28.3
77,"email",8,2,50
40,"phone",7,2,60.3
50,"email",12,8,34.9
71,"email",4,1,43.4
54,"web",12,7,45.6
59,"in-person",3,8,36
29,"in-person",5,9,20.1
54,"in-person",0,3,40.3
37,"email",9,10,11.5
51,"in-person",7,9,43.7
52,"phone",12,1,60.5
18,"web",8,1,43
38,"in-person",11,7,33.9
28,"email",2,2,31.3
42,"phone",10,10,29.6
77,"in-person",6,6,48.2
63,"email",8,6,55.7
45,"in-person",0,3,48.6
75,"web",9,8,44.1
30,"email",10,7,27.7
31,"in-person",8,6,15
54,"web",1,1,65.1
63,"in-person",8,4,48.1
21,"web",0,5,29.2
37,"phone",2,9,24.1
51,"in-person",4,7,29.5
59,"phone",0,7,51.7
38,"email",7,2,42.1
58,"email",11,2,46.8
67,"phone",11,4,48
47,"in-person",4,2,43.9
28,"web",15,8,25.3
78,"in-person",13,3,53.1
79,"in-person",10,9,52.5
71,"phone",12,7,65.2
32,"in-person",8,5,36.8
36,"email",5,1,47.8
34,"in-person",13,6,39.5
58,"email",10,1,59.3
79,"in-person",15,6,53.4
31,"email",13,8,26.1
74,"web",1,5,55.2
62,"web",11,1,46.1
44,"in-person",5,3,50.5
60,"email",7,5,37.3
49,"in-person",13,6,48.2
61,"web",11,4,43.6
75,"email",12,6,40.3
37,"in-person",14,1,68.2
61,"email",9,10,27.9
45,"email",14,6,35.2
62,"email",10,2,52.8
53,"web",12,1,33.6
73,"in-person",6,5,58.9
46,"phone",5,2,45.3
59,"email",4,2,51.5
57,"email",5,4,38.1
59,"phone",7,2,54.1
43,"email",3,9,31.5
78,"in-person",9,7,50.1
56,"email",10,3,45
67,"phone",3,4,63.4
80,"email",13,10,34.8
32,"in-person",3,10,13.7
73,"in-person",3,4,76.2
51,"web",6,1,39.5
67,"phone",15,4,52.1
41,"web",9,3,42.6
74,"in-person",10,9,47
34,"email",9,6,26.2
79,"web",2,9,39.5
61,"email",1,2,40
33,"phone",5,7,39.7
52,"email",1,1,36.3
53,"email",7,4,28.8
30,"phone",3,8,31.3
49,"phone",6,4,54.7
53,"web",1,1,39.3
18,"web",10,4,37.4
68,"in-person",0,9,41.1
47,"email",11,2,24.8
22,"in-person",8,3,34.3
26,"phone",3,3,49.2
74,"phone",8,4,79.8
28,"web",5,4,23
27,"email",10,7,22.2
40,"email",5,7,46.8
62,"phone",4,7,34.5
71,"web",4,7,48.3
59,"in-person",4,8,43.6
39,"web",8,8,26.5
19,"email",6,4,31.2
80,"phone",8,8,51.9
30,"web",11,6,22.2
56,"web",5,1,49.6
64,"phone",14,7,57.1
51,"phone",11,3,48.5
23,"email",2,3,41.7
61,"in-person",2,4,51.7
78,"email",3,1,46.7
49,"in-person",10,9,34.6
47,"in-person",11,2,52.6
27,"phone",1,9,27.4
65,"in-person",2,2,58.6
38,"phone",6,4,59.8
41,"in-person",0,2,50
55,"in-person",4,4,44.3
56,"in-person",13,10,33.3
61,"in-person",9,7,31
39,"in-person",2,5,36
72,"in-person",14,5,48.8
51,"in-person",0,10,30.9
55,"phone",6,2,70
72,"email",10,4,63.6
65,"email",11,8,40
71,"web",3,1,48.9
32,"in-person",4,6,26.9
31,"email",13,8,34.9
48,"web",8,3,30.5
29,"email",11,8,9.8
46,"email",12,10,38.2
61,"email",8,3,56.2
62,"email",7,4,52.7
54,"web",4,8,31.6
27,"phone",1,7,46.2
57,"email",9,3,45.8
33,"email",6,3,40.7
42,"web",12,7,25.6
43,"phone",1,8,47.7
58,"phone",12,1,51.3
78,"email",11,6,39.8
21,"web",7,6,24.3
72,"in-person",1,6,43.8
70,"phone",4,2,57.7
20,"email",5,8,19.6
63,"web",8,10,27.9
35,"web",6,9,23.5
29,"email",5,6,21.9
58,"phone",3,6,49.8
30,"email",5,5,22.4
78,"in-person",3,6,52.3
74,"email",15,10,32.5
57,"web",12,6,35
50,"phone",0,5,55.9
67,"web",8,10,24
42,"in-person",14,8,18.5
62,"web",14,9,25.9
20,"phone",14,9,40.9
42,"in-person",6,10,13.1
69,"phone",11,6,37.5
53,"phone",3,6,36.2
36,"phone",14,10,20
51,"in-person",1,1,58.2
21,"email",1,3,34.9
39,"in-person",12,5,27.4
24,"phone",8,6,50.1
22,"web",4,9,29.5
41,"web",15,2,39.3
48,"email",9,1,59.2
76,"web",4,7,52.1
42,"email",0,10,23.6
43,"web",9,10,31.3
27,"email",0,6,28.9
50,"phone",14,3,52
22,"phone",2,8,36.4
46,"email",5,8,47.5
28,"web",6,6,16.8
50,"email",6,1,35
58,"in-person",8,8,37.3
60,"in-person",4,7,46.3
48,"in-person",2,1,51.1
65,"phone",7,10,35.4
34,"in-person",14,1,48.7
49,"in-person",7,4,42.3
51,"in-person",13,3,61.1
58,"email",13,8,34.3
22,"in-person",9,9,39.8
59,"email",2,1,46.6
32,"web",4,7,34.3
27,"web",13,5,38.7
45,"web",15,5,35.4
67,"phone",7,8,51.5
47,"phone",9,2,53.8
43,"email",7,1,39.1
63,"email",4,10,32.6
65,"email",4,8,49.5
37,"web",1,6,20.2
35,"web",4,9,17.2
34,"in-person",4,5,56.3
33,"in-person",0,8,19.9
67,"web",14,1,53.2
21,"phone",11,3,31.7
54,"web",13,1,44.8
61,"in-person",0,6,54.8
41,"web",10,9,21.9
52,"web",7,7,16.8
43,"in-person",15,8,27.1
26,"in-person",7,4,21.4
59,"web",12,4,38.5
62,"phone",4,2,65.7
32,"in-person",15,6,24.9
69,"phone",11,10,43.1
71,"phone",15,4,67.1
32,"in-person",3,6,31.3
57,"in-person",12,9,33.3
46,"phone",6,7,44
46,"phone",0,7,44.5
69,"web",14,9,27.4
63,"web",8,2,60.9
55,"email",13,2,46.2
34,"in-person",15,9,31.3
62,"in-person",12,2,69.2
75,"email",6,7,33.2
37,"phone",9,6,41.2
54,"web",2,2,45.3
22,"phone",2,1,51.3
69,"in-person",15,9,27.9
53,"web",14,5,52.9
58,"phone",11,10,49.2
37,"web",12,10,19.6
71,"email",1,1,51
79,"web",13,1,68.8
23,"phone",9,7,35.9
53,"in-person",2,1,51.8
21,"email",13,5,22
75,"email",3,5,61
23,"email",14,4,26.5
22,"web",15,6,36.7
74,"in-person",1,3,70.4
61,"phone",4,1,71.9
18,"web",14,7,7.2
73,"email",0,7,48.3
53,"web",10,2,45
44,"in-person",0,4,33.7
40,"phone",8,7,40.1
27,"email",5,1,31
52,"phone",4,4,50.6
23,"phone",8,6,45
18,"phone",1,4,47.2
60,"in-person",10,4,53.6
58,"web",2,1,48.1
77,"in-person",13,3,40.4
56,"phone",2,2,64
79,"in-person",1,1,54
35,"web",6,7,36.2
24,"web",8,6,27.6
43,"web",2,3,39.3
27,"in-person",10,4,45
53,"phone",6,5,48.3
46,"in-person",5,9,34.1
39,"web",7,8,16.1
28,"email",12,4,16.8
25,"phone",4,6,48.1
27,"in-person",9,9,21.8
23,"email",10,10,36.1
50,"in-person",14,10,32.5
19,"in-person",11,6,29
79,"email",8,6,47
63,"phone",10,10,49.4
32,"in-person",9,8,26.7
71,"email",11,3,38.8
78,"web",10,2,57.9
33,"email",11,9,18.3
41,"email",11,8,14
50,"phone",7,6,36.7
42,"in-person",13,7,41.7
64,"email",11,6,36.2
65,"phone",7,8,48.8
52,"email",4,7,38.7
63,"web",5,8,33.4
31,"web",8,7,41.3
26,"phone",1,7,34
71,"email",14,2,49.8
35,"phone",10,1,66.6
42,"email",12,6,33.5
55,"web",1,7,30.5
41,"email",8,2,54.6
58,"email",9,6,36.1
62,"phone",8,7,36.4
69,"web",1,7,41.6
47,"email",0,8,35.4
48,"phone",12,7,36
27,"in-person",5,9,21.6
78,"web",15,9,32.9
78,"in-person",0,8,40.3
71,"phone",0,10,39.9
40,"email",10,5,33.2
53,"email",5,7,38.1
30,"phone",1,5,39.8
78,"web",3,2,54.4
26,"in-person",12,9,37.3
52,"phone",0,7,50.9
41,"email",4,4,35.8
54,"web",1,4,44.7
51,"email",15,5,37.9
32,"web",0,7,31.3
32,"in-person",3,3,38.8
22,"phone",14,10,14.4
61,"email",1,8,39.4
54,"web",0,5,41.1
22,"phone",15,4,57
72,"phone",15,2,78.5
27,"web",6,1,40.1
38,"email",3,7,28.9
78,"in-person",5,10,42.9
20,"email",8,9,5.9
70,"web",10,7,35.6
58,"phone",0,2,69
26,"in-person",14,9,22.5
74,"web",0,6,44.7
35,"in-person",2,6,39.5
56,"phone",6,2,60.2
61,"web",9,10,30.9
77,"email",13,6,44.2
26,"in-person",9,10,19.7
45,"phone",1,10,37.1
25,"in-person",7,7,35.4
33,"in-person",10,7,40.5
45,"in-person",6,8,44
46,"in-person",13,4,57.3
42,"email",11,1,54.8
55,"phone",11,9,37.7
70,"in-person",2,7,49.4
50,"phone",1,6,43.5
31,"email",13,1,41
71,"in-person",3,2,60.2
35,"web",9,6,26.2
52,"email",15,6,37
41,"email",13,3,39.1
70,"web",9,10,40.1
44,"phone",1,7,54.1
67,"phone",15,2,61.6
60,"web",2,10,28.7
39,"email",12,3,46.3
44,"email",3,10,39.8
74,"email",2,10,49.8
19,"in-person",6,5,24.7
61,"email",7,1,65.3
72,"in-person",12,9,26.7
32,"email",0,3,30.1
46,"email",9,1,48.6
19,"web",11,9,21.6
60,"email",2,10,33.8
18,"phone",0,9,35.8
63,"email",9,2,45.1
58,"email",9,3,31.6
22,"web",10,5,28.2
29,"web",4,2,41.4
44,"email",5,7,46.6
42,"phone",5,8,33.8
25,"web",12,7,37.1
28,"phone",8,9,21.2
32,"email",2,9,21.8
62,"email",3,9,39.2
75,"phone",8,3,73
25,"email",12,3,29.2
38,"phone",4,3,52.1
76,"web",7,8,41.6
51,"phone",13,9,50.5
36,"in-person",5,7,37.9
33,"phone",1,5,42.3
48,"in-person",8,3,41.2
68,"phone",10,7,53.1
47,"in-person",7,4,38.2
39,"email",5,3,40.3
66,"email",12,4,34.9
65,"phone",12,8,75.1
35,"phone",8,3,40
49,"in-person",1,2,50.6
70,"in-person",12,7,33.8
68,"email",8,1,48.5
46,"email",6,9,13.5
77,"web",5,7,46.8
65,"email",8,9,32.9
52,"phone",13,6,65.1
23,"email",8,2,31.8
58,"in-person",0,5,32.6
64,"web",1,8,34.8
21,"phone",6,3,57.7
25,"email",1,9,24.1
61,"email",2,8,32
46,"in-person",2,3,50.2
68,"web",14,9,28.9
21,"in-person",11,6,22.1
30,"phone",10,10,40.7
36,"email",5,3,41.7
41,"phone",15,2,58.4
61,"web",6,3,41
62,"in-person",6,6,55.6
38,"email",15,3,41.5
36,"in-person",2,6,45.5
75,"phone",4,8,57.1
25,"in-person",6,9,24
72,"phone",8,4,64.2
71,"in-person",14,5,38.3
28,"in-person",15,8,22.1
22,"email",11,5,22.7
30,"web",7,6,35.1
65,"web",5,9,29.5
21,"in-person",8,7,20.3
80,"email",0,2,53.3
51,"email",6,6,36.6
38,"email",2,9,18.2
79,"email",15,2,57.8
70,"phone",8,5,57.4
32,"web",9,4,27.2
65,"phone",8,4,65.6
41,"web",0,5,40.7
76,"web",8,6,50
28,"in-person",2,10,19.8
63,"in-person",1,7,50.4
34,"in-person",1,4,48.7
66,"web",1,2,51.8
55,"email",0,3,31.9
46,"phone",13,9,44.9
74,"phone",1,9,52
31,"in-person",8,1,52.9
74,"email",1,3,59.2
62,"email",2,5,42.5
55,"web",1,10,19.1
18,"phone",4,5,47.2
45,"web",11,9,23.8
60,"email",6,4,37.7
52,"phone",11,10,41.5
20,"in-person",2,2,45.9
71,"web",5,2,53.8
33,"email",2,5,28.1
58,"phone",1,10,37.9
57,"web",5,4,38.4
62,"web",15,2,34.3
48,"phone",11,10,31.1
55,"phone",10,3,63.2
73,"phone",9,3,66.1
44,"phone",5,1,48.4
36,"email",12,6,22.6
21,"web",13,7,13.6
51,"email",9,4,46.9
36,"phone",6,6,51.7
20,"web",11,8,23.1
71,"in-person",13,7,51.1
75,"web",9,2,59.6
55,"email",9,6,27.8
52,"email",12,6,28.7
23,"web",11,3,41.2
36,"phone",10,4,63.7
62,"web",12,7,30.1
66,"email",1,4,55.7
31,"web",14,3,33.1
21,"phone",4,1,49.8
19,"phone",2,8,30.6
43,"email",15,10,23.7
65,"web",13,9,47.3
78,"phone",6,5,54.6
63,"phone",15,5,50.2
55,"in-person",4,5,51.5
30,"web",1,10,18.4
73,"phone",0,1,69.6
66,"email",3,5,43
20,"phone",11,10,32.9
30,"email",10,6,27.5
58,"email",5,2,33.7
62,"email",1,10,33.2
43,"in-person",5,4,33.5
64,"web",14,5,53.1
71,"web",14,3,41.8
32,"email",1,5,38.4
38,"email",13,6,31.7
56,"phone",6,1,67.7
59,"web",14,2,40.9
41,"web",11,6,41.1
46,"web",1,4,33
67,"web",0,2,47.3
79,"web",2,8,36.8
27,"web",9,6,34.8
71,"web",4,8,29.9
30,"web",1,10,14.6
63,"in-person",5,1,62.5
39,"in-person",15,10,30.1
35,"phone",15,10,35.3
23,"email",8,10,18.6
56,"web",3,3,51.6
30,"in-person",12,3,34.1
44,"web",12,7,31.8
25,"web",14,4,30
50,"in-person",6,6,32.3
19,"in-person",3,4,45
74,"phone",7,5,54.3
58,"in-person",6,7,32.9
79,"in-person",3,8,46.4
54,"in-person",3,10,34.5
21,"in-person",8,10,6.2
32,"email",2,5,29.6
79,"web",11,2,53
50,"web",6,4,39.8
27,"phone",12,6,32.2
26,"in-person",5,4,29.1
50,"web",10,10,17.8
19,"web",15,9,9.4
31,"email",3,2,39.4
24,"in-person",12,7,31.1
38,"email",13,8,24.4
37,"email",1,9,26.7
79,"email",0,8,46.1
72,"email",1,5,50.1
58,"phone",1,5,67.6
44,"in-person",3,1,56.9
48,"phone",6,9,38.3
25,"web",11,1,32.8
34,"email",7,7,12.9
18,"email",11,8,24.7
22,"phone",8,2,48.1
75,"email",14,5,46.1
55,"email",3,8,34.3
26,"email",13,9,20.1
41,"web",7,8,19.1
27,"email",11,4,35.4
32,"web",5,4,24.8
80,"in-person",14,10,36.4
64,"web",11,4,43.9
46,"in-person",15,8,20
19,"email",8,10,9.5
34,"phone",8,1,67.7
53,"email",5,3,53.6
50,"email",11,10,21.5
52,"email",15,2,54.9
59,"in-person",7,2,54.9
61,"phone",14,10,43.1
68,"phone",6,1,67
70,"phone",3,7,50.1
64,"phone",15,6,54.9
46,"in-person",10,2,53.8
77,"email",8,3,44.7
67,"web",3,8,24.8
42,"email",4,7,31.6
24,"phone",5,2,49.7
75,"in-person",5,8,35.9
30,"email",1,9,32.3
26,"web",7,3,40.9
80,"email",8,4,47.5
59,"phone",10,7,47.8
61,"in-person",6,5,39.6
78,"phone",1,10,37.7
77,"phone",3,5,55.5
76,"web",4,4,59.3
58,"email",15,8,19.1
61,"web",8,6,41.9
45,"phone",2,1,67.2
41,"email",5,6,36.6
23,"in-person",10,8,36.4
44,"phone",13,10,44
43,"in-person",0,1,35.8
57,"email",4,10,23.4
41,"email",15,6,40
54,"phone",9,5,52.2
76,"phone",12,5,64.2
76,"in-person",3,9,45.3
79,"web",9,4,30.2
29,"email",7,9,31.1
35,"in-person",15,6,12.7
32,"email",2,1,46.4
20,"email",5,10,26.3
40,"email",1,2,47
50,"phone",2,9,43.8
19,"in-person",5,2,31.2
56,"email",1,6,33.4
49,"email",1,7,18.5
73,"web",0,10,25.8
64,"in-person",5,1,71.5
45,"web",3,9,47.3
34,"in-person",15,6,28.8
73,"email",12,2,69.6
60,"in-person",2,1,62.9
75,"phone",2,3,68.9
23,"web",13,5,14.7
80,"phone",4,4,70.5
54,"email",4,10,34.6
18,"phone",9,2,48.1
22,"web",15,5,20.6
72,"phone",13,7,60.4
47,"phone",14,9,33.7
35,"web",4,3,29.7
59,"email",1,1,55.1
33,"email",12,8,28.7
80,"phone",6,10,42.4
65,"web",12,2,50.3
54,"phone",0,1,63.2
45,"phone",2,10,26.4
41,"in-person",5,3,38.4
23,"email",13,6,17.8
67,"web",5,3,55.7
55,"phone",12,10,41.8
27,"phone",4,4,46.8
25,"in-person",11,4,48.3
79,"phone",4,6,47.6
38,"web",6,3,35.7
66,"email",2,5,53.6
75,"phone",13,1,62.3
45,"email",4,4,44.5
24,"email",10,8,16.2
34,"email",0,7,26.3
63,"in-person",13,5,71.6
19,"email",2,8,16.1
48,"in-person",13,4,43.7
68,"email",9,10,21
33,"in-person",4,2,51.9
60,"web",14,5,61.4
43,"in-person",7,10,39.4
54,"email",13,6,31.2
24,"email",11,3,43.1
32,"email",10,6,35.2
26,"email",4,1,38.2
42,"email",8,5,27
77,"in-person",8,2,59.4
24,"email",10,5,21.6
57,"email",4,7,36.3
78,"email",8,1,57
70,"phone",11,4,68.2
68,"in-person",8,2,61.3
41,"web",5,3,31.4
42,"phone",3,2,54.7
65,"web",8,1,43.2
50,"phone",13,8,41.9
23,"in-person",8,4,27.7
35,"in-person",13,9,15.7
48,"in-person",11,4,48.9
21,"phone",0,10,19.3
33,"phone",8,10,38.9
54,"web",3,7,25.3
51,"email",9,7,32.4
35,"email",1,2,37.1
33,"in-person",0,10,18.8
61,"phone",2,1,56.1
43,"in-person",3,3,38.2
24,"web",15,5,6.5
57,"in-person",3,9,42.8
63,"phone",11,7,34.6
54,"web",9,8,43.7
29,"web",2,1,29.7
39,"web",15,9,14.3
38,"email",2,6,27.8
46,"email",12,9,31.7
39,"in-person",4,3,44.6
55,"web",10,1,56.4
45,"web",13,10,28.6
52,"email",9,1,47.3
48,"in-person",7,8,39
59,"phone",4,1,63.6
47,"email",11,5,39.7
19,"email",15,2,42.3
63,"phone",0,5,59.8
43,"email",11,8,28.7
79,"web",8,9,25.8
28,"phone",9,2,40.9
20,"phone",12,7,34.3
21,"email",6,8,3
59,"phone",8,10,47.6
80,"email",4,1,54.1
31,"email",12,5,18.4
56,"phone",14,6,61
58,"in-person",4,2,63.3
57,"web",13,10,24.2
58,"phone",13,7,56.3
27,"phone",5,4,39.7
19,"email",12,1,36.3
24,"email",8,7,27.5
61,"phone",4,10,49.4
77,"in-person",9,8,39.6
23,"in-person",15,9,35.7
24,"in-person",14,10,12
21,"in-person",5,4,35.7
74,"web",5,5,43.9
73,"in-person",2,3,65.1
57,"email",8,8,38.9
19,"phone",15,1,47.6
30,"phone",9,5,36.6
69,"web",5,4,42.7
58,"in-person",14,6,40.1
67,"email",6,3,47.9
28,"web",11,1,34.8
40,"email",2,3,46.8
67,"email",10,5,45.5
23,"phone",2,6,50.9
19,"web",0,4,14
38,"in-person",4,5,39.4
77,"phone",2,9,47
40,"web",2,6,34.2
46,"email",1,9,11.6
52,"in-person",14,4,50.4
60,"web",6,1,55.7
37,"email",7,10,25.5
66,"web",11,4,52.4
78,"web",5,7,44.5
39,"phone",4,1,57.3
74,"in-person",10,1,61.7
43,"phone",12,5,43.3
64,"phone",6,9,49
40,"email",8,10,14.3
22,"phone",8,3,33.5
78,"in-person",3,6,69.7
68,"phone",8,10,44.5
52,"in-person",8,5,58.1
59,"web",2,3,46.1
58,"in-person",2,10,27.8
27,"phone",8,5,31.8
36,"email",7,7,33.9
54,"web",0,1,42.6
71,"web",13,8,31.6
80,"email",2,1,64
52,"web",14,7,19
31,"phone",15,10,31.1
75,"web",2,9,46.3
30,"in-person",6,2,50
39,"email",11,3,27.5
70,"phone",3,8,37.3
74,"email",9,8,50.1
18,"phone",12,1,52.8
30,"phone",4,1,49.8
64,"email",14,5,40
61,"phone",10,9,37
23,"web",14,9,15.4
19,"in-person",13,1,51.9
22,"in-person",1,10,32.1
55,"in-person",1,2,47.3
31,"web",0,6,16.7
37,"in-person",7,9,32.8
50,"in-person",8,1,48.8
76,"email",10,9,31.9
80,"email",0,10,33.6
30,"email",9,1,45.4
46,"web",9,6,34.2
75,"email",6,2,59.2
69,"web",11,1,60.2
21,"phone",10,9,39.9
40,"web",3,6,17.6
68,"in-person",15,10,49.3
26,"web",13,9,2.1
65,"web",14,9,35.1
78,"email",14,3,65.5
30,"phone",10,4,52.6
66,"in-person",14,5,50.6
48,"phone",3,8,52
59,"phone",9,1,52.2
61,"in-person",2,10,40.1
63,"email",15,4,35.2
74,"in-person",4,7,66.3
72,"web",2,6,43
33,"email",14,7,28.1
59,"phone",13,2,72.5
70,"web",1,5,48
73,"in-person",7,2,51.9
18,"in-person",14,7,11
27,"email",6,1,25.7
54,"web",1,8,17.5
75,"email",5,10,35.9
42,"email",1,1,49
22,"web",10,7,10.4
37,"email",3,4,45.3
52,"web",5,8,27.3
50,"phone",4,6,53.3
34,"phone",0,3,56.1
62,"email",8,4,54.4
78,"phone",4,5,71.3
28,"email",0,10,17.5
32,"phone",5,9,31.5
54,"phone",13,7,61.3
42,"email",1,3,34.9
36,"web",5,2,43.8
54,"in-person",8,7,37.2
46,"web",10,7,30.4
73,"in-person",9,3,68.1
76,"email",6,1,53.7
39,"in-person",8,7,19
71,"in-person",8,10,33.6
26,"in-person",14,9,38.9
39,"web",11,9,27.3
66,"web",7,5,50.5
40,"web",11,7,25.8
51,"email",2,10,23.8
78,"web",10,4,53.7
64,"phone",9,7,56.9
49,"phone",8,4,50.9
18,"web",2,7,2.9
78,"web",7,10,25.2
22,"web",3,6,24.4
46,"phone",10,1,72.4
67,"phone",4,4,66.9
22,"web",0,10,16.2
18,"email",12,2,30.6
62,"web",1,9,29.7
20,"in-person",1,4,32.6
60,"web",6,2,42.4
79,"email",13,9,33.6
19,"phone",15,8,48.4
76,"email",3,7,59.4
79,"in-person",13,8,56.5
70,"phone",8,8,50.7
65,"in-person",13,3,49.4
33,"email",4,9,28.7
37,"phone",7,1,56.9
75,"web",10,8,39.9
52,"phone",1,4,53.4
35,"web",5,5,45.7
55,"phone",10,8,47.4
60,"web",9,4,52.5
45,"web",7,9,28.7
24,"email",7,1,45.5
40,"web",12,9,24.5
33,"email",9,8,17
42,"in-person",5,8,32.7
60,"email",5,1,51.9
38,"phone",11,3,52.3
29,"in-person",14,1,60.5
40,"in-person",3,2,46.4
36,"phone",15,9,39.8
74,"web",13,4,44.2
22,"web",10,9,16.1
30,"email",3,6,22.6
80,"phone",12,10,60.7
31,"email",13,8,40.4
40,"web",0,2,35.5
34,"in-person",6,3,37
54,"email",11,10,20
41,"email",1,7,38
50,"phone",6,8,39.9
35,"email",11,1,32.4
31,"phone",12,7,19.5
27,"web",9,7,28.3
34,"web",7,5,22.9
19,"web",7,1,32.6
80,"in-person",0,9,43
23,"in-person",4,1,43.9
56,"web",12,6,33.1
21,"web",13,2,38.7
60,"phone",4,1,53.7
63,"in-person",7,6,51.8
56,"web",7,7,36.7
59,"phone",2,4,59.3
74,"phone",4,8,54.4
45,"phone",13,4,53.2
19,"phone",1,4,45.7
39,"web",15,8,33.7
24,"web",12,9,20.5
23,"web",5,1,39.2
37,"phone",0,9,32.7
50,"in-person",1,8,29.5
75,"phone",15,9,55.8
52,"email",14,5,38.1
19,"email",12,9,12.5
21,"in-person",10,1,36.4
21,"email",4,7,21.6
29,"web",2,5,34.3
54,"email",11,5,33.2
68,"phone",14,6,67.2
40,"phone",0,9,32.1
66,"web",5,2,50.6
51,"email",3,6,37
70,"web",8,1,43.8
63,"phone",3,5,52.1
46,"web",13,8,15.2
62,"phone",15,10,39.8
33,"phone",7,7,25.5
61,"email",1,8,30.5
62,"in-person",7,2,57.2
77,"web",5,7,46.2
65,"phone",15,3,61.5
43,"email",6,1,52.3
19,"phone",14,9,36
20,"phone",11,7,20
40,"phone",1,8,39.4
40,"email",7,10,7
37,"phone",10,4,43.9
46,"in-person",3,4,57.9
69,"web",6,7,43
79,"web",11,2,54
25,"phone",9,8,27.6
28,"in-person",9,7,14.1
41,"web",3,3,27.1
58,"phone",5,9,44.5
53,"in-person",15,8,42.6
36,"phone",10,7,35.9
19,"web",11,6,6.6
30,"web",9,3,39.8
61,"web",1,10,20.4
67,"in-person",13,4,65.6
68,"email",2,10,24.2
75,"email",7,4,54.6
24,"web",8,4,40.8
57,"phone",5,4,50.7
78,"phone",13,1,75.7
26,"web",13,5,15
31,"phone",14,2,51.2
46,"web",6,6,33.9
63,"web",15,8,35.6
78,"phone",12,4,58.2
76,"web",9,5,49.6
31,"web",1,1,33.1
59,"in-person",4,7,49.4
75,"email",4,3,47.8
45,"phone",9,7,61.1
18,"in-person",4,3,38.5
51,"email",1,9,21.2
73,"email",11,6,52.1
39,"in-person",14,3,46.7
75,"in-person",1,5,45.8
45,"phone",4,5,50.7
74,"email",15,9,29.9
44,"phone",10,3,38.8
54,"web",12,3,40.2
40,"phone",3,4,47.5
40,"in-person",5,6,33.2
76,"in-person",9,5,54.7
76,"phone",9,6,62.9
55,"email",5,8,34.7
77,"in-person",2,7,55.7
41,"phone",14,3,41.7
61,"in-person",1,6,40.4
76,"email",7,4,44.9
31,"phone",13,3,55.2
42,"email",15,8,18.1
45,"in-person",9,10,33
48,"web",9,4,35.9
40,"in-person",6,5,35
29,"email",11,5,43.4
30,"email",5,4,33.7
43,"web",11,4,46.7
56,"phone",9,5,45.6
64,"phone",3,2,73
60,"web",4,6,42
57,"web",3,3,48.8
72,"web",10,5,51.7
47,"in-person",12,5,37.8
21,"web",12,2,23.7
55,"web",14,3,41.2
75,"email",5,5,43.9
71,"phone",10,7,44.6
38,"email",12,7,29
50,"email",6,4,30.8
70,"web",1,8,36.1
55,"web",13,1,28.5
52,"phone",8,7,52.3
19,"email",1,1,33.1
42,"phone",4,4,32
72,"email",13,1,45.9
51,"phone",1,4,66
79,"phone",8,5,55.9
20,"web",6,4,24.4
29,"in-person",8,9,20
66,"web",13,2,73.1
22,"phone",0,4,35.1
28,"phone",0,2,47.5
41,"phone",12,2,50.2
32,"email",9,5,31.1
29,"email",12,9,23.8
41,"phone",13,5,63.8
19,"phone",15,8,19.3
20,"phone",6,4,38.4
30,"web",4,10,25.2
19,"in-person",11,1,36.7
27,"phone",6,8,35.9
48,"phone",6,10,21.3
44,"phone",11,5,48.7
51,"phone",7,2,63.1
78,"web",3,7,50.4
35,"phone",15,4,46.5
65,"in-person",13,8,50.3
28,"email",10,9,17.1
43,"phone",12,9,34.6
71,"email",2,8,34.6
59,"web",2,6,41.7
41,"email",0,7,37.5
18,"phone",5,9,33.3
23,"phone",7,8,43.2
32,"phone",4,6,36.3
39,"in-person",4,2,56.1
34,"in-person",7,8,29.6
28,"web",9,9,16.4
31,"web",8,8,21.4
35,"phone",11,3,59.3
52,"phone",11,9,37.6
79,"phone",6,7,64.8
42,"web",15,8,29.2
50,"web",5,8,31.9
23,"email",11,10,27.5
70,"email",12,8,43.2
67,"web",7,4,47.1
34,"in-person",5,4,41.2
49,"in-person",13,6,48
41,"phone",13,3,40.2
53,"phone",2,3,54.6
30,"web",11,5,29.4
47,"phone",11,2,52.6
31,"email",9,4,23.1
59,"web",5,5,48.3
79,"phone",8,5,65.6
69,"in-person",10,2,55.8
21,"web",10,2,31.5
62,"in-person",0,6,40.5
35,"web",3,3,31.6
37,"web",0,10,29.9
80,"in-person",2,5,61.1
30,"in-person",12,3,42.1
56,"email",8,4,48.6
66,"in-person",15,2,59.6
67,"phone",11,4,49.9
32,"web",10,1,36.9
61,"in-person",4,7,50.7
77,"web",8,4,68.2
68,"web",13,8,26.2
61,"in-person",14,8,43.8
80,"web",8,2,51.5
53,"phone",15,1,59.5
35,"in-person",0,7,33.8
46,"email",1,2,51.4
30,"in-person",13,10,31.6
69,"in-person",1,10,38.4
23,"in-person",15,7,24.2
25,"phone",1,5,45.1
51,"web",10,9,39.4
56,"in-person",10,5,58.9
60,"email",4,2,50.5
72,"email",12,3,50.8
71,"phone",2,1,75.9
49,"email",8,5,35.1
73,"email",2,6,49.2
72,"in-person",5,2,52.5
27,"web",10,10,8.7
38,"web",0,8,18.6
58,"in-person",13,1,51.8
24,"in-person",5,4,35.8
67,"phone",0,4,49.9
62,"in-person",14,1,62.3
21,"in-person",9,9,8.5
26,"email",2,7,29.2
45,"phone",2,2,59.6
48,"phone",7,3,54.9
56,"web",0,2,31.9
36,"web",8,1,39.4
43,"in-person",14,6,31.4
28,"web",13,10,22.9
63,"in-person",15,10,23.8
57,"web",6,5,35.5
51,"phone",13,10,39.2
38,"email",3,7,31.5
40,"phone",5,9,30
19,"phone",5,4,50.1
71,"email",10,2,53.9
44,"in-person",15,5,44.5
53,"web",6,3,37.9
73,"web",2,8,47.3
42,"phone",2,4,47
46,"in-person",1,8,40.7
65,"email",4,7,43.1
44,"web",2,10,19.9
40,"in-person",13,3,45.7
34,"phone",3,8,27.7
39,"phone",7,4,33.5
19,"phone",7,10,17.6
77,"email",15,2,66
18,"in-person",7,6,22.9
44,"email",4,7,22.5
53,"email",14,1,56.3
51,"phone",6,1,55.7
52,"in-person",3,10,40.3
39,"email",13,4,38
63,"phone",10,7,68.8
34,"in-person",2,3,48.6
24,"in-person",4,7,31.2
77,"phone",4,7,64.8
58,"web",8,4,42.5
47,"email",1,10,28
18,"phone",11,9,22.8
30,"in-person",12,9,15.3
48,"in-person",11,7,41.8
80,"email",5,7,36.2
25,"phone",10,10,37.5
64,"phone",8,7,60.8
39,"in-person",7,8,38.8
57,"email",13,8,31.9
74,"email",9,1,55.8
70,"web",2,6,46.2
24,"phone",0,5,39.7
18,"email",15,8,19.7
25,"web",7,1,44.6
44,"in-person",12,1,61.7
39,"in-person",2,1,48.1
68,"web",2,4,39.5
20,"web",11,4,27.1
53,"email",6,10,27.8
52,"phone",6,5,49.8
56,"web",7,5,26.6
18,"in-person",0,2,42.2
64,"email",14,1,55
42,"phone",8,3,54.7
53,"phone",1,7,53.9
45,"phone",9,1,68.3
77,"in-person",5,9,57.5
26,"web",15,5,28.6
35,"email",15,4,28.8
27,"email",10,1,30.7
43,"in-person",2,10,28.6
29,"email",9,7,12.6
45,"email",0,7,28.9
24,"email",10,6,13.3
63,"phone",8,8,56
73,"phone",3,10,46.2
72,"email",10,10,30.5
35,"web",7,2,38.8
20,"email",5,1,41
61,"phone",0,6,48
50,"email",12,6,52.2
33,"phone",12,5,25.6
36,"web",12,1,36
61,"in-person",0,5,43.1
77,"web",0,5,48.1
53,"email",6,10,12.5
63,"email",1,10,12.8
35,"email",0,3,41.3
65,"in-person",9,3,58.8
22,"email",5,7,25.1
39,"in-person",0,10,19.8
66,"in-person",2,9,43.1
63,"web",0,3,36.6
48,"email",6,2,49.2
44,"in-person",4,7,37.2
19,"email",5,9,25.5
18,"email",6,9,19.4
54,"email",10,4,45.3
54,"phone",12,10,31.2
24,"phone",13,7,31.6
50,"email",10,3,38.9
39,"email",5,8,29
75,"web",11,5,45.5
77,"email",10,6,57.6
24,"phone",15,10,29.7
56,"email",14,8,45.9
32,"phone",12,1,54.1
70,"phone",6,5,48.2
44,"web",9,7,32.4
49,"phone",1,2,46.6
61,"phone",11,7,44.6
58,"phone",12,5,43.1
49,"phone",10,4,43.5
61,"web",7,6,37.5
46,"phone",5,6,35.3
80,"phone",11,6,69.2
76,"phone",12,8,34.9
22,"web",8,2,27.1
36,"in-person",5,9,38.1
25,"phone",2,1,46.6
27,"in-person",15,3,52.8
60,"in-person",14,8,40.5
28,"email",11,8,16.9
43,"in-person",0,3,49.9
77,"phone",3,5,53.9
21,"phone",15,9,31.4
30,"web",1,5,25.7
31,"web",15,9,20.9
37,"web",12,3,42.2
27,"email",2,9,20.3
45,"in-person",10,9,26
67,"web",10,8,32.5
27,"in-person",3,7,29.8
29,"in-person",8,5,32.3
31,"in-person",1,8,52.4
35,"in-person",0,3,34.3
46,"email",0,6,17.8
76,"phone",13,4,57.2
57,"phone",14,6,39.4
75,"phone",10,1,77.4
57,"phone",10,7,51.2
34,"email",6,9,42.1
74,"phone",13,2,69.5
80,"web",5,8,51.5
65,"web",2,3,56.2
24,"email",14,8,19.3
18,"phone",4,3,46.7
79,"in-person",10,7,49.7
32,"phone",14,10,40.5
77,"in-person",15,4,65.8
77,"phone",11,7,58.3
61,"web",13,1,54.5
36,"email",10,8,30.7
77,"web",9,3,48.3
69,"in-person",0,2,78.7
30,"in-person",3,2,39.9
27,"in-person",9,5,32.9
68,"email",5,4,47.5
32,"phone",14,2,47.8
78,"phone",14,8,52
28,"phone",5,9,12.9
46,"in-person",2,6,34.7
53,"phone",11,3,45.7
77,"in-person",5,10,43.3
80,"web",15,10,42.4
33,"phone",11,3,54.8
52,"in-person",1,3,39.5
19,"in-person",8,6,26.9
32,"in-person",2,9,12.9
66,"email",12,5,50.4
28,"email",8,5,25.6
80,"email",15,10,49.3
40,"email",1,3,50.8
55,"in-person",11,4,49.6
73,"email",13,6,42.4
63,"in-person",6,1,63.5
36,"in-person",11,2,57.8
70,"web",7,9,31.8
23,"web",11,5,24.2
67,"web",8,10,20.8
59,"phone",8,6,58.5
49,"web",7,1,46.5
46,"phone",1,7,53.7
55,"web",8,8,26.8
72,"email",7,7,39.1
64,"web",3,10,27.4
24,"web",4,5,31.7
41,"in-person",15,10,25.6
47,"web",13,10,13.8
56,"in-person",12,8,61.5
61,"phone",5,1,71.8
64,"phone",12,5,64.8
36,"email",0,3,34.6
24,"web",5,10,13.1
44,"web",1,2,40.7
73,"email",3,10,35.2
21,"web",8,7,20.4
20,"phone",7,4,40
62,"phone",9,1,78.2
53,"web",5,5,39.7
23,"in-person",10,3,45.6
76,"in-person",3,5,50.6
45,"email",3,2,44.7
29,"phone",15,10,37.3
39,"web",9,3,28.3
51,"email",12,7,21.7
62,"email",5,10,25.2
63,"web",7,7,32.2
38,"phone",0,9,17.6
75,"web",10,6,49
27,"web",8,1,45.1
57,"in-person",7,9,42.2
64,"phone",5,1,53.1
59,"web",11,1,46.6
38,"in-person",5,5,47.8
72,"email",14,10,16.9
80,"email",12,8,43
71,"web",7,8,54.3
53,"web",3,1,54
25,"email",14,6,24.1
24,"in-person",7,10,6.4
56,"in-person",11,6,56.8
49,"web",15,2,39.9
65,"in-person",10,5,51.7
75,"web",8,2,47.4
18,"email",1,1,38.1
26,"email",3,4,19.6
45,"web",8,9,17.4
22,"web",9,4,33.2
21,"in-person",4,10,15.2
38,"in-person",1,10,38.5
80,"phone",8,9,56.8
43,"web",13,7,32.2
65,"phone",12,9,46
63,"email",7,8,36.5
54,"phone",4,3,62.5
34,"web",13,8,26
62,"email",14,5,30.7
60,"phone",15,3,54.2
29,"web",3,5,34.4
59,"web",9,10,33.7
34,"phone",6,5,44
65,"phone",11,3,51.9
64,"email",12,8,39.3
62,"in-person",4,7,51.6
48,"in-person",10,5,55.7
49,"web",3,4,44.9
48,"phone",1,1,58.5
60,"in-person",8,3,60.4
79,"phone",4,3,58.7
23,"web",10,5,31.3
67,"phone",10,1,58.5
55,"email",9,10,30.1
72,"web",14,8,44.7
36,"phone",8,10,43.4
30,"email",8,4,33.1
33,"in-person",6,5,44.8
75,"in-person",14,5,56
66,"phone",8,9,40.1
60,"web",13,4,42.6
43,"phone",7,2,50
26,"web",7,7,20
50,"email",11,7,38.5
44,"in-person",0,7,33.7
56,"in-person",9,7,44.5
22,"email",5,3,24.2
54,"in-person",8,6,46.8
60,"email",0,8,37.8
55,"phone",7,8,48.5
42,"email",14,6,20.2
68,"email",15,3,48.8
52,"email",4,1,38
25,"email",9,4,31.6
74,"phone",13,5,62.8
32,"phone",5,5,41.6
70,"phone",13,9,43
46,"web",13,9,22.1
70,"email",0,3,49.2
24,"phone",10,6,46.1
33,"email",5,9,3.6
24,"in-person",3,2,45.4
58,"in-person",6,10,30.3
65,"phone",4,9,53.7
80,"phone",15,6,59.5
38,"in-person",7,4,36.9
23,"in-person",6,3,36.5
43,"in-person",11,9,36.7
32,"email",3,2,45.3
27,"in-person",0,8,22.6
47,"email",3,7,40.8
61,"email",11,2,47.3
67,"in-person",15,9,45.9
24,"phone",9,8,30.1
48,"web",4,5,20
71,"phone",10,4,66.1
52,"in-person",11,10,34.4
53,"phone",15,10,48.8
21,"email",6,9,2.9
24,"email",7,9,19.3
49,"in-person",2,10,32.7
27,"phone",12,8,38.6
26,"phone",2,6,42
36,"web",1,8,19.7
79,"email",7,6,56.4
66,"web",1,5,35.9
74,"web",6,5,40
50,"in-person",0,5,39.6
33,"web",4,6,3.3
67,"phone",2,7,53.6
40,"web",14,7,43.9
61,"phone",2,4,54.5
20,"email",14,10,20.8
51,"in-person",12,3,43.6
74,"web",11,5,44.1
64,"phone",11,5,55.5
75,"email",13,10,39.5
23,"email",3,10,10.2
56,"phone",10,7,62.1
66,"in-person",1,7,51.6
19,"in-person",8,8,31.6
80,"email",14,8,49.6
59,"web",4,4,56.7
28,"in-person",14,8,36.7
62,"email",4,4,42.4
57,"phone",9,5,57.9
68,"web",11,1,63.2
34,"phone",0,3,38.8
29,"web",7,1,50
66,"email",1,2,51
40,"in-person",4,3,39.1
61,"web",6,6,47.8
39,"phone",8,9,51.2
50,"in-person",13,10,27.7
54,"web",1,3,37.7
77,"email",5,10,43.4
40,"in-person",7,7,38.2
72,"in-person",2,9,33.5
78,"email",6,2,67.9
25,"phone",11,10,27
37,"in-person",14,8,30.6
68,"in-person",14,6,52.2
69,"web",2,2,50.5
56,"email",2,10,28.9
70,"email",12,2,51.8
57,"email",15,10,18.9
21,"phone",9,5,23.4
56,"phone",2,4,65.3
75,"phone",10,8,54.6
35,"email",8,1,37.9
72,"email",0,3,51.7
64,"in-person",1,8,47.4
42,"email",11,7,31.5
41,"in-person",4,9,32.1
61,"web",14,4,41.4
45,"email",9,1,48.7
69,"in-person",4,5,54.1
79,"web",7,2,67
31,"in-person",9,3,46.8
49,"in-person",3,4,44.9
18,"web",15,4,26.3
71,"web",3,4,57
76,"email",12,6,46.8
33,"phone",12,2,53.3
49,"email",12,2,46.7
71,"phone",4,10,42.3
63,"email",4,2,52.6
29,"phone",2,10,15.2
20,"in-person",15,7,38.6
49,"email",7,5,49.6
27,"email",11,5,25.1
46,"phone",12,4,54.3
66,"web",0,6,50.9
22,"phone",4,3,32.4
78,"in-person",0,5,52.7
40,"phone",13,8,30.2
54,"email",8,8,65.3
42,"phone",8,3,42.7
66,"web",5,3,47.6
23,"in-person",7,2,41.8
70,"phone",5,1,71.8
64,"phone",13,4,61.7
74,"email",8,8,44
19,"in-person",5,5,34
77,"email",2,7,49
31,"in-person",5,1,37.2
64,"email",11,8,35.2
47,"web",0,7,9.1
65,"email",12,7,48.2
73,"email",13,2,48.7
56,"email",2,10,31.6
68,"phone",0,5,48.8
51,"email",4,5,43.9
18,"web",12,8,17.1
76,"email",14,1,64.7
38,"in-person",10,4,43.7
46,"in-person",10,3,34.2
69,"email",11,8,38.6
48,"web",0,3,30.3
60,"web",11,8,45.1
44,"email",1,9,29.7
59,"in-person",10,3,50.1
23,"phone",0,8,15.6
71,"web",4,8,47.5
25,"email",14,2,24.1
52,"in-person",13,3,46
32,"phone",7,2,42.1
68,"phone",4,4,62.4
43,"email",1,7,29.3
31,"in-person",5,5,40.8
73,"in-person",8,5,46.8
39,"phone",12,6,45.8
46,"email",10,1,52.3
26,"email",4,7,27.6
26,"in-person",0,10,10.4
31,"web",3,8,35.5
43,"phone",9,5,49.4
71,"phone",14,5,54.4
30,"web",2,9,14.8
35,"phone",13,6,45.1
25,"web",12,3,28
59,"in-person",4,1,64.7
55,"web",9,10,40.5
47,"web",8,3,50.8
58,"in-person",11,7,39.8
65,"web",0,4,58.9
19,"web",12,5,30.4
23,"phone",3,9,48
79,"in-person",9,8,55.8
62,"phone",2,3,60.1
31,"in-person",0,1,53.3
23,"email",4,6,27.5
54,"web",8,1,41.6
71,"phone",12,3,57
22,"phone",14,6,42.2
60,"phone",12,10,51.2
62,"web",6,9,31.2
24,"phone",7,4,39.1
20,"web",7,2,38.9
43,"phone",9,9,30.4
61,"in-person",0,2,40.2
72,"phone",6,6,43.7
32,"email",2,6,27.7
71,"email",13,2,67
70,"in-person",15,1,45.7
69,"email",1,6,49.6
40,"web",13,3,37.4
38,"in-person",15,4,49.8
28,"web",14,1,36.6
18,"in-person",7,3,56.8
24,"phone",2,3,48.2
37,"email",8,1,45.3
18,"email",7,9,19.1
70,"web",5,1,56.2
25,"phone",15,5,32.8
37,"in-person",5,7,38.3
42,"email",8,10,27.3
70,"email",11,10,36.7
43,"phone",15,2,59.3
42,"email",5,10,16.4
43,"web",0,6,26
29,"in-person",5,6,53.5
60,"in-person",7,3,45
78,"in-person",6,9,32.1
30,"in-person",14,4,31.9
60,"email",10,4,50.3
53,"in-person",7,6,34.4
22,"in-person",3,5,27.7
23,"in-person",7,10,26.8
56,"in-person",10,2,38.3
45,"in-person",11,1,50.4
27,"web",7,9,18.4
77,"phone",14,5,62.2
18,"web",7,8,22
62,"web",13,1,58.9
56,"email",4,7,33.7
74,"email",3,7,46.4
18,"web",8,10,11.7
22,"web",5,8,23.7
69,"phone",13,9,49.2
67,"phone",4,9,50.3
29,"email",2,6,27.6
67,"phone",15,8,50
56,"email",15,6,40
78,"phone",14,1,72.1
70,"phone",13,5,43
45,"email",8,3,48.2
35,"web",13,10,30.4
25,"phone",4,5,39.8
20,"phone",14,6,31.1
55,"phone",9,9,48.2
47,"phone",14,2,60.5
42,"in-person",3,8,35
42,"in-person",10,1,55.5
42,"in-person",2,9,30.3
72,"phone",0,3,81.9
79,"web",7,6,64.7
35,"phone",15,2,50.1
40,"in-person",12,10,26.5
31,"phone",1,4,46.4
56,"phone",2,4,69.7
34,"email",14,8,38.1
44,"web",2,1,36.6
38,"in-person",4,6,30.9
25,"email",10,6,22.2
33,"phone",13,10,48.8
66,"email",6,6,48.8
76,"email",15,3,49.8
69,"in-person",1,3,51.8
40,"phone",0,2,45.5
55,"phone",14,2,56.7
41,"phone",12,7,42.2
38,"in-person",7,4,41
33,"email",0,2,44.5
77,"web",5,5,52.1
24,"email",1,10,17.1
53,"in-person",15,9,36.2
20,"in-person",13,2,27
24,"phone",0,1,63.8
60,"web",10,7,36.9
55,"in-person",13,3,61.6
44,"web",14,5,33
65,"email",5,1,50.2
47,"web",7,6,30.3
55,"phone",7,1,63
46,"web",12,5,24
34,"in-person",0,3,40.9
55,"email",3,8,39.3
68,"web",4,9,42.4
33,"web",9,4,39.6
69,"phone",10,1,73.3
44,"web",11,7,27.1
51,"web",9,2,49.1
60,"phone",13,3,42.9
48,"web",13,10,30.5
60,"in-person",5,8,51.2
29,"web",10,2,35.5
76,"web",2,4,49.1
23,"in-person",0,5,38.2
77,"email",15,2,50
78,"phone",4,5,69.2
68,"in-person",9,8,45.7
41,"in-person",5,10,29.8
27,"web",0,1,32.6
51,"phone",10,7,33.7
48,"email",7,4,36.8
52,"in-person",8,10,34
65,"phone",14,8,55.4
45,"in-person",9,7,31.9
69,"phone",9,6,44.7
40,"in-person",3,9,18
47,"in-person",11,3,43.2
62,"web",2,4,36.8
69,"email",10,7,14.5
66,"in-person",13,4,56
75,"email",5,10,34.7
55,"web",7,9,25.3
48,"email",5,10,15.5
63,"web",0,5,33.9
53,"phone",3,3,45
28,"web",14,4,40.4
20,"phone",11,6,33
74,"phone",13,2,77.2
55,"phone",3,10,41.7
25,"web",7,6,28.6
33,"phone",7,4,36.7
32,"phone",4,1,51.7
59,"web",14,2,40.9
73,"in-person",3,9,48.2
19,"in-person",15,9,30.3
36,"in-person",2,1,52.1
25,"phone",6,5,36.3
69,"in-person",8,7,42.9
27,"web",9,6,28.3
56,"phone",15,2,47.1
60,"web",8,2,52.6
57,"email",7,7,23.1
77,"in-person",9,1,51.8
41,"web",5,3,48.7
25,"phone",10,6,46.9
42,"email",1,8,19.8
50,"web",11,10,18.6
67,"phone",9,8,51.1
77,"in-person",0,1,67.9
74,"phone",7,5,62.4
27,"phone",9,5,55.7
63,"phone",14,2,60.5
72,"phone",6,3,74.5
30,"phone",11,4,55.4
36,"in-person",1,7,40.9
49,"email",13,7,37.4
56,"phone",6,4,50.9
41,"phone",3,5,42.2
76,"web",4,5,54
35,"email",9,2,35.4
48,"in-person",15,3,58.5
63,"web",4,6,51
73,"phone",3,9,44.7
62,"web",11,3,42.3
22,"web",4,2,29
57,"phone",13,9,35.3
72,"email",4,7,49.9
38,"in-person",12,1,46.7
59,"phone",12,5,55
27,"web",13,6,14.3
29,"phone",13,3,43.1
80,"in-person",9,10,37.7
62,"email",7,5,40.1
36,"email",7,10,9.2
34,"web",10,4,28.1
63,"phone",7,7,29.4
30,"in-person",5,6,48
30,"in-person",0,4,43.4
31,"in-person",4,8,24.4
30,"web",0,1,36.2
18,"web",11,5,18.9
54,"email",1,4,41.5
71,"phone",12,9,59.5
76,"email",2,7,33.7
27,"phone",4,10,24.6
26,"phone",9,8,30.7
41,"in-person",8,6,34.2
78,"in-person",12,2,67.1
33,"email",11,4,32.7
25,"phone",0,2,52.3
75,"phone",14,1,70.6
38,"email",7,1,34.3
79,"phone",5,2,74.1
22,"web",4,4,37.5
35,"web",3,1,43.5
42,"phone",12,4,44.6
64,"email",7,8,28.5
79,"phone",14,2,69.1
49,"in-person",2,10,22.4
27,"in-person",4,3,37.4
68,"phone",12,2,62.4
56,"email",0,3,38.9
74,"phone",5,9,58.4
35,"phone",3,5,35.1
67,"in-person",13,5,43.4
65,"in-person",4,10,47.5
71,"phone",4,6,57.2
20,"email",1,4,31.5
71,"in-person",11,9,49.3
78,"in-person",11,1,65.1
60,"email",11,3,16.2
77,"phone",8,3,69.4
78,"email",11,5,54.3
50,"in-person",2,9,24.2
73,"web",15,4,48.2
29,"phone",6,1,44.4
50,"web",10,6,17.9
80,"web",7,1,49.1
30,"web",15,3,41.7
18,"phone",8,1,52.3
30,"phone",8,6,54.4
77,"in-person",10,7,41.7
51,"web",5,10,8.8
79,"in-person",12,1,78.1
55,"in-person",15,4,55.5
31,"phone",12,10,26
45,"in-person",8,3,46.5
75,"phone",14,5,62.8
39,"web",0,6,32.4
22,"web",4,1,33.7
63,"web",13,7,43.5
52,"email",10,5,40.3
19,"web",8,7,42
59,"in-person",6,8,50.4
35,"phone",10,8,49.5
48,"web",2,2,35.7
29,"phone",12,2,45.5
73,"in-person",10,6,48.3
80,"phone",5,10,48.3
53,"phone",6,4,51.8
27,"email",0,10,15.7
52,"email",3,5,45.2
65,"phone",2,2,73.1
27,"in-person",6,1,59.1
18,"email",14,1,44.6
74,"web",7,8,45.7
43,"email",12,4,51.2
42,"web",11,6,25.6
71,"phone",7,4,62.5
64,"phone",7,2,54.8
35,"web",7,5,36.2
26,"web",7,7,15.9
57,"phone",6,2,77
69,"phone",1,2,64.2
29,"phone",12,5,44.3
26,"in-person",7,4,55.9
80,"email",10,4,46.9
69,"web",7,3,46.8
51,"web",8,6,36.1
37,"web",0,1,54.8
61,"web",10,9,14.3
36,"phone",5,9,53.9
37,"phone",5,7,31.6
51,"email",7,10,19.5
68,"web",12,10,37.4
73,"web",12,10,32.8
66,"web",7,9,34.6
74,"in-person",8,2,52.5
54,"in-person",2,6,53.6
25,"web",14,3,31.1
78,"web",11,2,65.3
26,"web",6,4,27.7
23,"in-person",5,9,25.4
71,"phone",2,10,45.3
73,"web",2,10,45.5
53,"web",3,3,48.7
62,"phone",7,7,40.9
26,"in-person",5,4,42.1
65,"web",15,10,28.5
38,"web",12,10,29.5
54,"web",15,10,12.6
39,"phone",12,9,29.5
34,"email",2,5,28
53,"web",1,6,44.2
80,"in-person",4,5,51.8
45,"in-person",11,10,33.7
25,"web",2,6,26
33,"phone",3,4,35.5
68,"in-person",12,1,65.2
78,"phone",5,8,40
46,"phone",13,6,30.5
40,"web",1,3,51.2
34,"email",10,2,47.1
24,"web",3,9,27.7
74,"web",4,9,43.9
46,"phone",14,8,41.2
51,"email",15,5,40.8
27,"email",2,2,39.4
23,"in-person",12,1,35.6
40,"email",1,6,38.7
35,"phone",14,9,34.5
56,"in-person",13,5,48.1
47,"phone",10,3,52.1
61,"in-person",15,5,40.9
52,"phone",5,7,38.1
63,"phone",9,10,26.3
70,"in-person",8,8,46.3
39,"email",6,6,21.1
70,"email",10,3,53
76,"email",1,1,63.4
67,"web",0,6,46.4
38,"phone",3,7,43.8
29,"in-person",10,1,46.6
38,"in-person",1,3,38.8
23,"phone",15,10,22.6
53,"phone",15,9,46.4
71,"email",12,9,37.2
30,"in-person",4,3,29
65,"phone",11,7,27.8
50,"in-person",5,5,30.4
24,"in-person",4,2,36.3
63,"phone",2,10,46.7
54,"web",10,2,50.9
78,"in-person",1,1,66.2
71,"in-person",3,10,39.9
45,"web",12,2,46.3
70,"email",15,4,49.1
19,"email",11,5,35.8
80,"phone",11,1,56.9
25,"in-person",10,8,36.8
31,"email",9,3,38.7
74,"in-person",0,7,58.2
29,"phone",15,2,38.7
49,"email",6,7,28.1
37,"in-person",14,5,48.3
61,"web",15,4,43.2
18,"web",1,7,6
51,"web",2,4,40.2
26,"web",0,5,31.9
66,"email",5,1,56
80,"phone",1,9,47.3
54,"phone",10,2,62.4
31,"web",14,7,40.2
60,"in-person",10,5,52.1
36,"in-person",12,9,38.3
79,"phone",2,5,67.8
21,"phone",9,7,31
50,"web",9,9,26.4
19,"email",0,8,20.2
78,"email",9,3,37
74,"phone",8,3,62
48,"web",13,4,47.9
46,"email",4,4,50.2
69,"email",6,8,28
40,"email",9,5,34.5
27,"web",13,5,8.2
18,"phone",11,8,23.4
64,"phone",7,7,47.4
80,"phone",5,9,42.9
21,"email",6,2,37.2
46,"web",12,3,44.6
67,"email",7,1,44.1
75,"in-person",3,3,73.5
71,"email",12,6,39.3
79,"email",14,1,61.4
69,"in-person",9,8,39.5
80,"phone",3,8,45.1
28,"in-person",10,8,32.2
46,"phone",3,5,43.8
65,"phone",14,9,39.4
24,"web",5,10,5
22,"phone",8,3,54.3
71,"web",11,5,50.3
18,"email",0,6,6.2
42,"email",14,9,25.9
33,"web",7,5,35.4
33,"web",2,8,42.5
30,"web",14,4,37.9
25,"phone",2,10,33.1
71,"phone",3,8,46.4
45,"email",14,7,25.9
28,"phone",3,8,48.4
56,"in-person",9,6,34.7
47,"web",8,1,50.5
21,"email",8,10,9.1
43,"email",15,10,12.7
20,"web",6,10,7.6
72,"in-person",3,1,67.8
74,"web",1,7,59
67,"phone",13,4,66.5
69,"email",12,8,41
38,"phone",14,2,50.9
42,"phone",13,9,45.2
29,"in-person",15,3,36.3
57,"in-person",10,5,48.9
74,"email",13,4,60
47,"web",10,10,17.8
31,"email",15,7,22.4
19,"email",2,8,17.9
28,"email",13,2,38.8
76,"web",5,9,26.9
55,"email",6,6,28.9
38,"in-person",7,5,36.9
61,"web",9,3,43.5
43,"phone",10,3,37.7
20,"email",3,8,10.4
57,"email",2,4,38.5
24,"in-person",0,1,44.4
53,"web",6,10,23.7
26,"email",2,6,16
73,"in-person",6,5,62.3
61,"in-person",5,9,41.1
54,"email",15,4,43.5
55,"in-person",8,10,43.1
47,"web",7,2,36.4
23,"web",4,7,22.2
22,"email",14,1,50.2
33,"email",3,6,32.9
30,"web",7,7,27.9
25,"in-person",15,7,25.7
57,"email",4,5,42.5
53,"phone",2,8,45.9
37,"email",4,9,26.6
23,"web",2,5,9
35,"in-person",0,5,26.5
24,"web",9,5,29.4
50,"phone",0,1,69.5
29,"web",10,1,28.9
43,"web",10,2,47.6
46,"web",7,10,16.3
80,"web",2,3,50.8
46,"phone",5,2,46.2
24,"phone",1,8,34.4
71,"in-person",9,7,39.7
25,"in-person",14,7,34.7
36,"phone",14,8,27.7
61,"email",10,7,39.5
63,"phone",4,1,54.4
42,"phone",14,7,48.8
38,"phone",7,6,45.7
39,"phone",0,10,21.9
72,"email",10,4,42.4
71,"phone",0,9,47.5
63,"email",2,4,56.5
61,"phone",10,7,51
46,"in-person",6,6,41
66,"in-person",12,7,43.5
19,"web",4,7,17.5
77,"phone",14,7,68.8
80,"phone",8,3,69
29,"in-person",1,10,23.7
44,"email",2,6,32.7
46,"email",0,2,56.8
44,"web",4,7,15.4
59,"phone",0,1,49.8
37,"email",3,6,35.5
57,"in-person",6,4,44.8
28,"phone",4,4,59.2
54,"email",12,10,36.2
64,"email",3,2,48.2
33,"in-person",11,6,33.2
33,"phone",6,8,36
66,"in-person",4,4,49.8
64,"web",13,5,37.5
71,"web",13,1,65.6
61,"in-person",6,6,48.7
25,"email",12,8,8.5
58,"in-person",2,1,56.9
47,"in-person",6,9,33.3
48,"phone",13,2,56.9
44,"web",7,7,22.2
19,"web",5,6,19.3
61,"web",3,3,49.8
65,"web",13,9,49.9
39,"in-person",6,10,36.1
47,"in-person",9,2,58.6
50,"email",11,10,17.8
58,"phone",6,1,82.1
58,"web",9,2,45.2
23,"web",10,10,17.6
37,"in-person",12,6,46.1
28,"in-person",10,1,41.1
71,"email",0,2,44.9
71,"web",4,9,32.9
72,"email",10,1,47.2
49,"phone",14,10,40.8
40,"email",2,3,28.9
69,"web",0,7,38.5
63,"email",8,2,54.3
57,"in-person",11,3,51.3
25,"email",1,7,19.6
47,"in-person",9,2,59.9
64,"in-person",1,5,59.9
21,"web",8,5,19.6
29,"phone",3,5,49.6
20,"phone",4,1,40.8
36,"phone",13,9,25.5
71,"email",11,3,64.1
27,"web",0,10,23.9
55,"in-person",2,4,42.7
49,"in-person",2,4,39.8
39,"email",10,3,25.1
20,"email",1,10,19
59,"web",2,1,48.8
23,"web",8,10,13.7
46,"in-person",2,7,51.1
66,"phone",6,5,57.5
57,"in-person",0,3,35.7
36,"web",11,9,27.7
43,"web",2,5,46.9
19,"phone",11,6,31.3
30,"phone",13,2,57.9
61,"phone",2,2,60
22,"in-person",13,9,13.9
37,"web",7,3,33.3
37,"web",2,3,23.9
75,"phone",14,10,57.6
38,"in-person",10,2,48
65,"in-person",9,3,49.2
18,"phone",14,4,38.6
80,"web",13,4,47.6
53,"web",5,1,37.1
61,"email",14,2,56.9
37,"in-person",3,4,49.8
20,"email",13,6,22
66,"email",5,5,44.5
77,"phone",2,6,57.1
44,"in-person",14,3,43.5
74,"phone",14,9,47.7
35,"in-person",8,9,31.7
36,"in-person",1,3,49.9
23,"phone",0,6,40.3
62,"in-person",3,4,47
56,"phone",3,9,48.5
73,"in-person",14,7,54.7
27,"in-person",11,4,34.1
59,"email",8,2,53.7
39,"phone",9,6,44.1
74,"phone",10,10,42.9
43,"in-person",6,10,25.2
60,"web",1,1,49.4
74,"phone",1,7,46.7
68,"in-person",8,6,36
44,"phone",7,3,62.7
20,"phone",11,7,34.7
39,"in-person",9,6,37.9
52,"email",7,1,41.1
68,"in-person",5,8,48.7
21,"phone",13,6,42.6
49,"email",2,10,29.1
33,"phone",0,6,45.7
67,"email",13,8,40.5
60,"phone",10,10,28.4
27,"web",13,3,30.7
65,"in-person",10,3,64.5
44,"phone",8,1,58.5
58,"web",10,10,20.6
19,"email",14,5,23.6
74,"web",3,4,52.5
66,"email",13,1,55
64,"email",9,6,31.3
23,"in-person",14,6,17.5
58,"in-person",12,4,47.9
68,"web",10,10,26.1
28,"phone",12,10,37.3
66,"phone",6,8,59
50,"web",9,6,51.2
78,"email",10,3,55.4
24,"in-person",3,3,36
56,"in-person",4,10,40.7
72,"email",12,1,59.9
41,"email",15,8,30.3
28,"email",14,1,28.3
35,"in-person",13,2,52.5
22,"in-person",2,5,35.3
30,"email",14,7,21.4
51,"web",14,7,33.8
34,"email",0,2,41.7
77,"email",15,10,22.9
57,"in-person",10,6,47.1
60,"email",13,6,36.1
71,"email",11,7,43.1
68,"email",7,5,46.9
39,"email",8,10,24
46,"phone",8,8,36.7
31,"web",6,4,32.3
65,"phone",10,1,63.4
25,"email",5,8,25.2
48,"web",10,4,45.5
21,"in-person",6,8,31.7
59,"web",15,4,39.7
28,"in-person",3,7,39.9
18,"in-person",3,9,14.1
62,"in-person",10,9,31.4
54,"web",0,7,28.9
50,"in-person",3,3,43
31,"in-person",4,8,30.4
56,"in-person",5,9,37.7
35,"in-person",13,7,29.9
47,"email",1,9,26.9
34,"in-person",10,4,25.1
46,"in-person",2,7,42.9
24,"phone",10,7,26.3
23,"email",14,6,5.5
54,"phone",13,2,59
67,"in-person",14,7,52.6
75,"email",2,2,45.4
31,"phone",8,9,34.8
52,"email",12,1,57.2
31,"phone",15,6,44.1
47,"web",2,8,26.7
22,"web",11,5,29.5
60,"email",8,8,15.4
30,"web",8,2,44.4
38,"web",12,6,39
38,"web",7,8,15.8
31,"phone",4,10,35.8
33,"web",7,6,17.4
35,"email",3,8,25
75,"in-person",6,5,59.1
19,"web",3,5,20.6
19,"phone",9,5,39.8
38,"phone",6,7,28.3
31,"in-person",1,10,20.2
23,"in-person",2,2,49.6
54,"web",0,10,37.4
74,"in-person",1,1,70.9
66,"email",0,7,56.3
38,"email",12,4,31.6
66,"in-person",10,9,22.6
52,"phone",15,5,54.7
46,"phone",12,8,27.4
47,"web",0,9,34.4
35,"web",7,10,26.5
39,"phone",6,2,46.3
71,"in-person",12,7,43.9
53,"phone",10,7,37.1
50,"web",0,3,32.4
77,"phone",2,10,49
59,"email",8,1,58
23,"phone",8,7,32.8
77,"phone",5,5,62.8
49,"web",6,6,35.6
51,"web",11,10,38.8
79,"in-person",6,9,38.3
39,"phone",6,6,29.7
40,"web",13,10,11.1
30,"email",0,1,35
36,"web",13,9,17.3
31,"email",14,8,25.6
75,"in-person",3,4,62.9
59,"phone",14,2,63.2
48,"phone",10,2,56.9
74,"email",1,9,33.8
51,"in-person",1,1,56.9
52,"email",4,8,30.4
61,"email",11,8,41.3
45,"in-person",14,9,40.5
55,"web",8,10,31.4
78,"in-person",12,6,59.2
21,"in-person",5,2,40.1
59,"in-person",7,6,42.9
68,"phone",3,5,70.5
35,"in-person",14,10,10.5
71,"phone",11,7,46.1
44,"web",2,7,34.9
80,"phone",1,1,95
40,"email",9,2,38.3
36,"in-person",8,1,46.5
51,"web",0,6,39.2
53,"phone",14,2,51.4
72,"email",13,1,58.2
58,"email",0,1,45.3
80,"phone",12,4,58.1
79,"in-person",12,2,65.1
33,"in-person",7,7,31.8
50,"web",1,6,39.4
38,"email",0,7,17.9
61,"email",3,3,54.4
51,"in-person",4,9,28.3
18,"email",11,1,21
61,"web",12,7,30.7
54,"web",9,4,30.8
45,"web",5,4,56.5
35,"in-person",5,9,24.3
46,"web",4,1,47.2
80,"email",1,3,59.6
31,"email",3,2,44.8
44,"phone",4,5,58.9
39,"email",7,8,33
80,"phone",7,3,47.8
44,"in-person",12,3,53.8
35,"in-person",1,1,50.6
20,"email",3,1,44.1
34,"phone",9,3,41.7
35,"phone",2,8,41.6
80,"web",10,7,39.8
68,"email",1,9,24.9
21,"email",8,10,1
59,"in-person",1,3,53
66,"in-person",12,8,46.5
52,"email",4,1,55.9
68,"email",14,3,51.1
21,"web",7,6,30
25,"in-person",14,4,37.4
77,"email",14,2,47.8
21,"in-person",10,4,38.1
45,"in-person",9,10,26.8
64,"email",14,8,29.2
18,"phone",1,5,37.4
55,"email",7,1,51.9
24,"phone",0,8,41.5
34,"email",9,1,31.2
56,"email",1,8,31.4
65,"web",3,7,39.4
60,"in-person",11,3,43.9
27,"email",11,1,37.9
70,"phone",7,1,68.3
28,"in-person",2,10,18.7
29,"in-person",11,8,26.2
78,"in-person",14,8,37.8
39,"web",7,8,33.8
22,"web",13,4,18.4
21,"email",3,8,20.2
64,"in-person",7,5,49.9
22,"web",8,10,16
79,"phone",6,9,57
36,"phone",4,5,46.1
48,"web",5,3,44.7
35,"phone",11,1,56.5
71,"web",11,10,29.2
48,"phone",11,3,64
50,"web",2,9,26.7
35,"phone",9,9,40.7
50,"web",5,9,23
51,"email",8,6,35.6
58,"in-person",2,8,52.1
49,"web",4,4,37.4
26,"in-person",1,7,37
26,"phone",12,9,24.3
64,"web",1,1,48.3
33,"phone",15,10,28.3
47,"phone",1,6,45.7
30,"in-person",12,10,16.1
58,"phone",0,7,36
39,"phone",2,6,26.7
35,"phone",11,1,50.2
32,"in-person",7,9,8.3
32,"web",9,5,27.7
30,"email",14,1,40.8
24,"phone",6,7,30
77,"email",4,10,40.8
67,"phone",15,2,60
54,"in-person",10,2,48.3
41,"phone",8,6,57.5
44,"phone",9,3,54.8
44,"in-person",7,3,41.7
20,"in-person",14,6,10
35,"phone",11,8,35.5
33,"email",3,9,21
34,"web",6,8,30
18,"email",6,2,34.1
41,"phone",7,3,60.7
33,"in-person",1,4,37.5
37,"phone",0,7,49.1
33,"email",6,8,16.5
77,"in-person",9,5,56.6
69,"in-person",8,3,43.1
28,"email",15,9,8.5
50,"email",14,6,34.3
32,"in-person",9,7,25.5
62,"in-person",1,2,62.9
76,"email",1,7,45.3
33,"in-person",10,10,24.4
18,"phone",6,8,30.7
20,"phone",4,6,30.4
26,"in-person",2,7,28.9
45,"phone",10,6,43.2
57,"web",12,6,24.2
43,"web",9,5,40.2
75,"in-person",0,9,46.8
47,"in-person",9,7,41.4
78,"in-person",7,9,45.6
70,"phone",0,1,70
39,"email",6,3,44.8
43,"phone",10,1,61.2
48,"web",11,8,17.2
55,"email",10,8,28.2
61,"email",3,2,64.4
51,"email",1,10,10.9
24,"phone",14,2,54.8
53,"phone",12,5,38.9
64,"in-person",9,3,41.3
38,"in-person",14,2,44.9
62,"email",7,4,34.8
35,"in-person",13,6,41.7
59,"phone",2,1,61
43,"phone",4,5,57.4
78,"phone",7,9,41
54,"phone",8,2,57.8
39,"email",15,10,15.5
67,"phone",10,2,55.3
54,"email",8,4,36.4
73,"in-person",4,10,52.1
44,"phone",13,4,63.2
48,"phone",3,6,44.3
28,"web",13,7,29
26,"phone",4,8,35.9
18,"phone",6,5,28.7
25,"email",12,2,43.6
77,"web",14,1,55.4
22,"in-person",4,4,27.6
65,"phone",6,4,72.7
74,"in-person",1,5,48.2
25,"web",15,8,17.4
32,"web",13,4,45
36,"phone",10,4,51.4
31,"email",15,6,16
30,"email",15,3,52.1
40,"email",8,5,23.3
60,"web",1,2,45.9
23,"phone",0,4,50.7
21,"web",0,9,5
40,"email",11,6,26.3
45,"in-person",8,10,22.4
62,"web",5,1,57
44,"in-person",4,8,44.2
20,"in-person",3,10,20.2
37,"phone",1,8,37.4
19,"email",10,4,28.4
57,"web",5,4,41.5
72,"phone",6,9,55.1
19,"email",1,9,6.2
26,"email",1,6,33.6
22,"web",14,5,25.6
39,"in-person",6,7,36.5
51,"phone",2,6,37.1
56,"email",13,5,35.9
26,"in-person",7,7,37.8
35,"in-person",14,6,37.3
64,"email",11,8,33.1
37,"phone",4,7,45
75,"phone",6,10,61
40,"web",9,9,28.6
67,"web",3,3,50
79,"web",3,7,40
57,"email",12,6,25.7
65,"email",3,4,59.1
79,"in-person",1,4,63.5
46,"phone",1,10,35.7
49,"phone",10,9,37.7
74,"phone",3,10,36.5
60,"web",3,2,47.9
72,"phone",12,4,67.1
19,"web",2,6,34.2
24,"in-person",5,9,23.2
78,"email",9,2,58.5
33,"in-person",7,3,40.3
31,"in-person",11,2,37.8
45,"in-person",6,3,47.8
24,"web",14,8,12.6
74,"web",10,7,38.2
34,"in-person",1,8,26.2
79,"phone",6,1,59.2
79,"email",7,6,52.3
43,"web",0,10,31.3
21,"phone",8,1,51.1
47,"in-person",10,4,40.3
72,"phone",1,9,48.7
62,"in-person",11,4,57.8
58,"phone",3,8,56.5
39,"phone",7,8,56.6
80,"web",7,7,43.3
58,"web",9,1,47.8
59,"email",3,5,56.1
39,"in-person",2,7,42.2
23,"email",5,4,16.3
42,"phone",13,7,49.3
36,"email",5,1,30.7
49,"web",5,5,31
41,"phone",4,2,48.7
66,"in-person",6,9,32.6
79,"email",2,7,52
77,"in-person",1,10,36.7
67,"phone",6,6,53.4
50,"phone",1,1,60.4
19,"email",15,9,14.8
72,"email",6,7,30.9
54,"web",6,9,50.9
75,"web",12,2,45.7
34,"email",2,4,38.7
50,"in-person",9,7,46.5
72,"web",0,2,59.4
24,"in-person",1,10,30.2
64,"web",12,10,35.9
49,"phone",3,5,56.9
27,"phone",15,7,28.9
64,"email",14,3,45.3
73,"phone",6,5,58.6
70,"web",3,5,39.9
57,"web",1,3,40.1
68,"phone",6,5,55.1
19,"phone",15,4,21.6
74,"in-person",8,9,36.3
56,"phone",8,10,45.3
65,"phone",7,6,54.1
45,"in-person",11,4,40.7
36,"email",11,5,28.8
74,"email",15,7,46.4
29,"in-person",1,10,15.8
30,"in-person",3,2,36.6
49,"phone",4,7,52.8
72,"web",10,9,28.4
66,"email",14,6,55.6
33,"web",7,9,4.2
50,"in-person",13,5,42.6
32,"web",14,2,43.2
35,"phone",13,10,44.6
57,"web",15,5,26.3
77,"phone",8,9,55.9
32,"web",4,1,29.8
50,"web",5,8,21.7
59,"web",15,9,33.5
77,"in-person",9,8,46.7
53,"phone",13,5,52.2
49,"web",8,7,24
60,"email",8,6,41.2
29,"web",10,3,25
71,"web",9,5,42.8
69,"email",2,2,44.5
32,"in-person",8,9,15.1
31,"web",13,2,26.2
60,"phone",5,6,50.5
42,"email",9,9,15.7
66,"phone",2,2,64.7
53,"phone",2,9,47.3
63,"phone",7,4,49.4
50,"email",0,4,38.9
18,"in-person",8,1,38.5
21,"in-person",8,4,42.7
19,"email",3,9,20.1
60,"web",13,1,39.6
42,"web",12,8,33.8
66,"phone",7,4,54.5
20,"email",6,6,23.3
73,"email",12,6,55.5
61,"phone",3,1,52.8
36,"phone",1,4,44.7
70,"web",11,3,53.1
57,"email",0,9,27.3
68,"web",2,7,42.4
49,"web",13,1,40.9
54,"in-person",15,7,33.7
64,"web",3,9,26
59,"email",15,2,50.6
76,"email",2,10,41
72,"web",15,7,43.8
33,"email",15,4,28.2
49,"in-person",7,2,58.7
60,"email",6,3,61.7
61,"email",7,5,43.1
58,"phone",15,1,54.9
59,"web",2,10,29
35,"web",4,9,5.9
31,"email",3,3,35.2
66,"phone",2,1,51.1
56,"web",7,4,43.9
19,"web",2,9,25.8
25,"in-person",5,9,9.6
31,"phone",13,4,44.1
48,"phone",8,3,53.6
36,"in-person",4,6,38.2
47,"in-person",4,3,50
39,"in-person",0,1,52
28,"phone",7,7,48.5
79,"phone",2,6,79.4
65,"phone",6,5,63.2
75,"email",2,9,44.4
65,"phone",12,5,55
65,"phone",5,6,56.4
48,"email",8,3,43.1
63,"web",12,6,29.5
42,"in-person",0,5,45.2
54,"email",9,2,43.9
53,"web",1,10,20.1
23,"web",0,7,26.6
28,"email",1,9,6
54,"in-person",8,10,15.1
19,"web",2,2,32.8
76,"phone",5,5,70.1
69,"email",12,3,49.9
46,"phone",0,1,56.4
59,"phone",8,2,54.7
43,"web",12,4,47.8
18,"email",2,3,32.2
22,"phone",9,9,38.6
38,"email",9,10,23.9
36,"email",13,6,31.6
52,"email",4,4,40.9
80,"phone",10,10,52.7
58,"in-person",1,7,35.1
28,"in-person",9,6,12.9
26,"email",11,6,27.3
47,"phone",6,10,31.8
24,"in-person",5,5,39.9
64,"in-person",3,9,36.5
20,"web",6,1,42.3
50,"web",3,9,24.5
66,"email",7,2,52.2
50,"email",14,8,42.5
77,"email",6,4,51.7
56,"web",14,2,45.6
46,"web",5,1,46.9
21,"email",4,2,35.6
24,"phone",13,1,39.9
19,"in-person",1,1,46.9
80,"web",12,4,56.4
56,"email",4,7,14.4
32,"in-person",12,1,51
75,"phone",0,1,62.6
19,"email",11,6,22.3
35,"phone",7,4,55.4
21,"in-person",15,4,35.9
57,"in-person",2,2,53
39,"phone",8,2,57.8
38,"in-person",10,2,42.6
22,"phone",1,7,29.4
34,"phone",0,4,48.9
26,"in-person",10,1,45.1
72,"in-person",1,2,49.8
56,"email",2,5,42
57,"in-person",10,10,42.3
64,"web",3,1,62.6
41,"in-person",8,8,25.2
61,"phone",10,8,46.6
71,"phone",14,6,48.5
64,"email",10,1,42.2
60,"web",11,2,45.3
31,"web",1,7,35
56,"email",1,5,57.2
67,"web",9,8,15
57,"phone",3,1,50.9
47,"email",10,10,24.2
37,"phone",15,3,47.5
78,"in-person",5,1,66.3
46,"email",6,6,38.5
34,"in-person",15,4,32.5
53,"in-person",1,4,56.9
33,"email",15,4,25.8
69,"email",5,10,37.4
25,"in-person",2,9,32.2
36,"phone",9,4,59.1
51,"in-person",5,3,49.2
54,"phone",13,7,49.8
62,"web",0,10,32.6
21,"in-person",1,1,41
18,"web",13,9,22.6
56,"email",7,10,7.5
72,"phone",8,5,61.5
31,"in-person",0,1,45
42,"in-person",2,8,38.9
66,"web",11,10,11.8
64,"web",12,1,52.9
22,"web",2,8,18
21,"email",14,1,32.9
25,"email",3,2,35.1
47,"email",2,6,40.6
33,"phone",15,9,25.2
24,"email",10,1,31.2
56,"email",6,9,21.1
46,"phone",10,8,34.8
22,"email",11,8,21.2
65,"in-person",15,8,41.1
43,"phone",6,1,70.1
44,"email",3,2,45.4
66,"in-person",8,3,66.2
62,"email",10,5,42.7
38,"phone",6,7,38.7
37,"phone",10,9,37.6
54,"web",1,8,21
22,"email",8,6,25.7
73,"email",4,8,35.5
43,"phone",11,9,37
76,"phone",11,3,60.1
77,"phone",7,3,54.3
68,"phone",11,5,65.7
42,"phone",12,2,46
64,"in-person",4,9,43.6
56,"phone",10,9,32.1
52,"phone",5,3,56.1
76,"in-person",6,5,60.7
59,"phone",4,2,53.5
79,"email",10,8,40.7
79,"in-person",7,2,66.9
65,"phone",15,5,66.5
39,"email",10,6,24.8
61,"email",11,7,38.7
45,"email",3,3,42.3
47,"email",6,1,51.5
76,"in-person",7,9,52.5
65,"in-person",8,6,44.3
64,"in-person",11,2,55.7
28,"in-person",0,9,23
77,"in-person",5,9,57.8
32,"web",3,4,27.1
22,"email",1,9,21.1
79,"in-person",11,4,76.2
61,"web",13,8,28.9
48,"phone",7,2,44.4
47,"phone",5,10,36.2
80,"in-person",8,9,19.7
54,"phone",0,7,50.7
79,"in-person",8,1,75.5
60,"phone",2,8,38.9
24,"web",13,4,22.9
44,"web",15,3,35.4
44,"web",10,4,49.3
49,"phone",2,9,38.1
69,"web",3,7,45.4
31,"web",9,9,24.7
34,"phone",10,4,40.9
36,"in-person",2,8,36.1
37,"in-person",11,1,37.3
71,"email",3,3,51.4
20,"phone",14,9,23.1
78,"in-person",1,6,57.4
32,"phone",10,2,45.8
18,"email",10,4,25.8
52,"in-person",11,10,16.1
65,"web",14,8,32
43,"in-person",4,2,40.9
64,"email",8,2,44.1
59,"email",2,8,36.9
64,"web",13,4,50.5
80,"web",10,7,44.2
58,"web",6,7,43.9
43,"in-person",9,6,32.6
80,"phone",2,10,46.9
59,"phone",3,2,56.1
20,"web",7,6,32.2
26,"phone",10,9,28.4
69,"in-person",15,10,36.1
48,"web",12,9,31.6
39,"in-person",11,1,56.1
47,"email",7,8,29.8
70,"web",14,3,56.4
48,"in-person",1,1,51
59,"web",5,9,52.1
19,"phone",8,10,22.5
48,"email",1,10,13.4
36,"web",2,7,28
40,"in-person",13,7,41.1
57,"in-person",5,4,42.1
71,"in-person",5,5,38.7
41,"phone",15,3,60.3
47,"in-person",0,8,30
60,"in-person",13,6,47.1
51,"email",10,1,40.4
36,"web",8,1,21.7
43,"web",14,8,24.7
31,"phone",13,1,48.8
36,"web",8,6,11.1
61,"web",5,4,31.5
74,"in-person",15,6,51
77,"email",0,9,36.6
45,"email",12,10,8.9
56,"email",7,10,33.3
41,"web",14,4,24.5
69,"email",13,5,35
32,"web",9,5,26.4
30,"in-person",3,9,22.3
26,"web",3,5,24.6
33,"email",12,10,18.5
38,"email",12,2,55.9
23,"email",0,1,42.4
37,"phone",9,2,50.2
46,"in-person",6,7,38
51,"email",6,4,29.1
80,"phone",4,1,70.9
18,"web",8,8,28.9
61,"email",2,3,44.6
32,"web",10,7,34.6
21,"email",11,8,34.6
69,"phone",13,2,64.4
66,"email",5,6,36.3
44,"web",8,3,49.9
71,"in-person",0,6,49.5
71,"email",0,8,25.5
30,"in-person",2,7,23.2
47,"email",5,7,31
57,"in-person",8,5,51.2
42,"web",4,5,34.4
33,"email",15,5,28.6
70,"in-person",2,10,49.3
27,"phone",15,1,50.2
70,"web",0,9,33.1
18,"phone",4,7,34.5
48,"email",13,4,28.2
66,"web",14,5,48.7
73,"in-person",15,7,55.3
46,"email",1,6,17.4
21,"email",15,4,36.4
34,"in-person",13,6,45.7
49,"web",14,8,29.7
38,"email",7,3,40.4
33,"web",3,4,34.6
70,"phone",11,7,64
77,"in-person",6,7,53.2
77,"phone",5,6,65.1
63,"in-person",10,3,52.5
61,"phone",5,1,74.3
30,"in-person",2,2,42.4
59,"phone",7,8,39.5
66,"phone",11,6,46.8
38,"email",1,1,49.7
73,"phone",4,2,59.8
51,"in-person",13,9,42.2
47,"phone",8,1,47.5
29,"email",0,6,17
76,"web",9,7,43.3
54,"in-person",15,7,44.6
50,"web",8,6,33.8
78,"web",9,9,37.7
31,"in-person",11,1,57.2
53,"web",12,8,29
57,"phone",5,9,35.6
23,"in-person",6,7,17.4
30,"in-person",7,10,26.2
80,"web",3,4,61.9
59,"web",0,9,17.1
75,"in-person",8,2,62.7
66,"web",5,7,29.8
68,"web",11,10,42.1
59,"in-person",7,4,50.9
71,"in-person",15,8,63.4
19,"web",3,9,11.8
56,"in-person",15,5,33.7
71,"web",6,9,42.9
52,"web",14,8,43.3
67,"web",6,9,42.8
49,"email",1,5,22.6
37,"email",10,3,48.4
60,"phone",8,8,38.9
47,"phone",11,8,53
61,"email",15,7,37.1
74,"web",8,6,59.4
55,"email",1,6,38.3
56,"web",5,9,27.7
19,"email",0,4,24.3
79,"web",11,4,52.9
50,"web",9,7,23.5
67,"email",11,3,60.4
36,"web",5,10,20.3
39,"web",12,4,52.6
55,"phone",3,6,52.3
70,"email",6,4,30.4
68,"in-person",5,10,43.3
59,"web",10,1,49.5
76,"phone",13,3,75.9
37,"phone",8,2,46.1
36,"phone",6,7,33.8
73,"web",6,6,45.4
63,"web",5,10,21.6
75,"web",10,6,40.5
63,"email",2,5,41.4
49,"phone",4,6,36.2
62,"web",3,3,51.7
52,"phone",6,2,65.5
48,"web",13,9,23
77,"web",15,3,65.5
40,"email",13,1,47.2
41,"in-person",3,9,29.1
40,"phone",11,2,54.8
32,"web",9,9,8
36,"email",5,4,42.8
52,"email",12,8,24
72,"in-person",4,7,51.4
63,"web",8,3,51.8
43,"web",0,5,36.5
25,"in-person",9,5,36.2
21,"in-person",10,2,36.4
76,"email",5,7,35
79,"phone",8,3,66.3
27,"in-person",8,2,29.8
40,"web",9,9,25.2
45,"email",1,7,37.7
24,"phone",1,5,44
49,"email",12,8,38.9
64,"phone",11,2,68.2
59,"phone",10,4,46.6
35,"phone",0,3,48.5
63,"web",5,7,48.4
50,"in-person",3,9,41.5
54,"web",5,1,48.1
26,"in-person",3,8,18.9
45,"in-person",15,6,35.7
22,"web",1,3,27.8
66,"web",6,2,48.1
46,"web",0,2,50.8
71,"phone",4,8,64.5
38,"web",11,9,10.4
18,"phone",13,5,37.8
68,"in-person",11,5,41.2
40,"in-person",6,6,38.5
76,"email",13,6,52.1
31,"phone",2,2,50
65,"in-person",8,9,49.6
61,"phone",14,5,54
67,"web",8,4,43.4
39,"phone",8,6,39.7
74,"phone",8,4,55.7
42,"in-person",10,8,26.9
78,"phone",5,6,66.1
27,"email",4,3,6.7
74,"in-person",11,3,55.8
46,"phone",4,1,57.9
63,"phone",11,8,48.5
75,"phone",4,6,53.9
18,"in-person",6,5,25.4
26,"in-person",1,9,14.3
67,"email",10,5,36.9
55,"web",0,3,60
51,"email",7,10,30.9
66,"phone",1,2,59.5
18,"web",3,5,26.4
66,"web",9,6,36.3
58,"email",15,2,62.4
31,"email",10,1,43.4
68,"email",10,9,30.3
27,"phone",0,1,50.2
29,"in-person",9,1,57.1
20,"in-person",7,3,44.6
58,"email",2,3,42.2
18,"phone",7,9,7.1
72,"phone",3,2,62.9
74,"phone",1,2,60.3
33,"in-person",7,9,29.9
70,"email",14,9,45.5
63,"web",6,10,31.8
25,"web",6,9,25.6
77,"email",6,1,61.2
68,"phone",13,8,40.8
24,"email",3,7,33.8
61,"web",10,8,42
79,"email",3,9,34.9
80,"in-person",3,1,56.9
65,"phone",12,4,53.3
66,"web",11,1,46.9
54,"email",1,1,50.2
30,"phone",10,7,42.2
49,"phone",2,8,28.4
28,"phone",2,4,36.7
54,"email",0,1,44.2
22,"phone",4,1,45
25,"web",5,3,29.6
32,"phone",8,9,40.5
39,"web",8,8,30.1
48,"email",4,6,32.2
60,"web",8,2,55
41,"phone",13,8,23.8
20,"web",2,9,20.4
46,"in-person",2,6,32.8
80,"phone",9,5,55.4
31,"phone",1,3,49.8
41,"in-person",0,10,35.8
23,"web",1,7,19.8
31,"phone",11,5,43.4
70,"web",4,5,48.9
54,"phone",13,6,51
23,"phone",3,6,30.9
29,"phone",11,4,51.5
80,"phone",9,6,58.4
65,"in-person",3,5,46.9
21,"in-person",15,6,31.2
40,"web",1,9,21
20,"web",14,6,11
65,"web",4,5,41.3
54,"email",14,10,24.8
56,"in-person",10,10,31.1
67,"email",11,1,58.5
74,"email",0,8,25.5
26,"in-person",15,8,31.1
70,"web",15,5,42.8
56,"in-person",13,1,59.7
58,"email",15,9,35.5
32,"web",7,5,24.4
73,"in-person",1,4,48.9
77,"email",6,3,44.5
45,"in-person",1,10,31.3
22,"email",5,7,22.2
44,"phone",3,8,44.5
54,"phone",12,1,59.7
33,"phone",6,2,40.5
43,"web",6,3,22.4
35,"web",9,5,35
70,"in-person",3,10,35
43,"email",1,6,49.1
67,"phone",12,9,45.8
45,"in-person",4,6,36.8
42,"in-person",8,3,49.5
25,"phone",8,2,35.3
24,"phone",13,2,33.4
46,"web",15,5,30.4
22,"in-person",0,6,38.2
69,"phone",12,6,52.8
25,"email",14,2,41.9
71,"phone",0,6,38
48,"phone",0,7,50.7
27,"web",4,5,41.7
27,"phone",10,4,23.9
35,"web",2,10,18.3
41,"phone",14,9,44.8
69,"web",2,2,47.6
66,"web",6,10,27.2
74,"email",0,9,42.5
31,"in-person",12,4,27.4
30,"phone",5,1,37.8
59,"web",4,4,39.4
22,"email",13,2,36.1
45,"email",10,8,34.2
66,"web",8,10,32.4
46,"email",10,7,28.7
56,"phone",4,8,43.2
80,"email",1,7,48.4
26,"phone",13,7,38.6
60,"phone",2,4,53.1
44,"web",8,3,41.4
69,"in-person",0,3,51.5
48,"web",10,10,7.8
56,"web",6,5,25.8
78,"email",5,3,53.7
73,"phone",14,1,72.4
57,"phone",14,4,52.3
39,"web",14,4,41.6
43,"email",7,1,43.3
29,"email",5,9,13.7
40,"web",10,2,36.3
45,"web",12,4,28.1
55,"email",6,2,45.9
51,"email",1,6,32.2
37,"email",12,2,38.5
40,"in-person",9,9,26.9
34,"web",13,10,7.2
38,"in-person",6,8,29.7
73,"phone",11,2,74.7
58,"web",1,1,62.7
65,"phone",9,7,51.7
64,"email",7,10,19.6
20,"in-person",15,1,30.4
34,"in-person",5,9,30.7
69,"in-person",0,5,57.1
64,"web",13,3,52.7
49,"web",6,7,33.7
52,"in-person",9,10,37.8
49,"web",13,10,18.3
73,"in-person",14,7,29.4
42,"web",3,8,42.8
44,"in-person",12,9,32.9
52,"web",5,10,15.2
57,"web",12,6,35.4
80,"in-person",6,2,55.3
32,"email",2,2,42.8
66,"email",3,6,46.7
19,"phone",2,4,51.7
71,"in-person",13,5,44.9
33,"phone",10,7,35.9
25,"email",3,1,43.9
67,"email",1,4,56.7
42,"in-person",2,6,37.9
20,"in-person",13,6,15.8
78,"in-person",14,8,46.1
73,"web",6,5,36.6
36,"web",3,8,28.3
54,"in-person",9,6,47.6
56,"phone",12,8,41.1
77,"in-person",13,4,58.5
66,"phone",12,2,60.4
63,"email",12,10,42.7
25,"email",5,9,23.8
76,"web",8,6,50.6
42,"phone",0,5,25.2
53,"in-person",0,4,54.6
33,"in-person",0,10,20.3
50,"phone",12,7,43.3
63,"in-person",15,2,57.3
36,"web",12,5,19.5
45,"web",12,10,33.3
61,"web",0,8,39
45,"email",5,2,48.7
54,"web",2,5,48.3
25,"web",9,6,10.4
51,"email",14,4,35.9
28,"in-person",6,6,34.8
80,"in-person",2,5,58
57,"phone",5,3,49.7
58,"email",4,10,31.5
51,"in-person",14,4,50.5
53,"phone",10,9,35.8
44,"web",2,3,47
21,"phone",11,5,32.2
39,"phone",9,5,48.3
51,"phone",4,6,38.6
23,"email",5,10,21.3
24,"phone",4,9,33.6
59,"web",6,9,30.5
70,"web",2,1,46.6
56,"phone",15,1,63.2
54,"email",3,10,17.6
73,"phone",2,9,44.1
52,"web",8,4,27.3
45,"phone",15,10,32.3
23,"in-person",15,6,30.3
34,"in-person",10,3,50.9
28,"email",1,1,40.4
29,"email",10,4,32.3
50,"in-person",6,3,38.7
68,"email",12,8,55.5
52,"web",0,7,24.5
78,"email",8,2,48.1
39,"phone",9,8,25.1
77,"email",1,1,58.2
50,"in-person",10,6,37
42,"web",14,9,22.6
59,"in-person",7,10,21.3
55,"email",3,1,38.2
28,"web",11,6,30.8
47,"in-person",3,8,36.4
44,"phone",0,3,48.5
24,"email",14,5,28.8
29,"phone",4,7,35
40,"web",11,8,47
44,"web",0,2,47.4
39,"web",9,9,33.5
46,"phone",1,4,42.7
30,"web",1,8,21
51,"phone",12,1,57.3
52,"email",8,5,28.4
21,"email",7,3,35.5
77,"in-person",6,10,51.8
53,"phone",12,8,51.1
69,"email",6,6,59.9
34,"email",15,2,37.6
39,"web",14,10,12.6
73,"in-person",6,4,47.5
34,"in-person",1,1,39.4
59,"phone",7,1,57.2
24,"email",8,1,48
71,"email",12,3,51.6
37,"web",9,10,12.6
48,"in-person",14,1,46.6
60,"email",13,10,34.9
37,"phone",4,1,62.6
31,"email",15,7,28.4
54,"in-person",3,1,61.7
25,"web",3,4,31.1
59,"email",2,9,32.1
59,"email",11,8,26.7
42,"web",8,3,35.2
75,"web",6,5,37
36,"email",12,7,36.9
39,"in-person",9,10,19.2
71,"in-person",13,6,52.1
62,"email",2,3,42.7
80,"phone",3,2,73.5
46,"web",14,1,52.1
35,"email",10,6,13.4
74,"web",2,4,48.7
44,"web",6,3,42.9
71,"email",4,10,25.2
73,"web",4,5,43.4
29,"phone",7,10,17.3
73,"email",14,3,36.8
24,"email",4,1,39.8
59,"phone",7,4,54.5
33,"email",13,9,45.4
41,"phone",4,9,20.8
39,"phone",14,6,45.8
56,"email",2,9,30.3
43,"web",9,1,34.2
47,"web",8,9,24.6
45,"phone",8,10,31
31,"email",6,6,28.5
52,"phone",15,7,52.9
40,"web",12,10,17.4
29,"web",6,8,28
31,"phone",10,7,24.9
46,"phone",11,1,51.3
50,"phone",0,6,46.1
28,"in-person",4,7,32.9
67,"email",6,3,47
24,"phone",3,10,32
54,"in-person",5,5,50.6
36,"web",9,4,26.2
73,"in-person",0,5,57.1
52,"phone",7,6,48.1
33,"web",10,9,10.8
47,"phone",12,10,43.9
68,"email",13,5,55.7
69,"web",10,8,33.3
29,"email",10,5,36.3
71,"web",8,6,42.3
44,"email",11,8,28.6
38,"phone",15,10,34.3
23,"in-person",9,6,30.7
47,"in-person",12,2,51.5
68,"email",2,9,36.7
19,"in-person",10,9,24.7
55,"email",9,3,50
63,"phone",13,8,38.7
28,"email",12,6,34.8
41,"phone",14,10,19.6
77,"in-person",9,9,36.5
44,"email",4,2,38
31,"phone",9,1,49.1
22,"web",6,2,34.2
25,"in-person",6,10,16
52,"phone",7,1,59.3
18,"email",8,8,3.9
48,"email",9,8,33.7
70,"in-person",14,2,67.9
75,"web",7,7,42
60,"email",9,9,30
57,"in-person",5,7,37.5
35,"phone",15,6,35.5
41,"phone",12,7,39.9
71,"in-person",2,1,55.2
47,"email",3,2,47.6
70,"email",13,2,52.7
62,"phone",13,6,65.7
21,"web",0,9,15.1
53,"web",10,2,36.4
25,"web",12,5,19.2
26,"email",0,4,35.5
64,"web",2,6,33.8
36,"in-person",15,9,33.8
69,"phone",9,1,55.2
24,"phone",11,1,44.9
29,"email",7,5,36.5
34,"phone",8,4,45.4
62,"web",9,7,23.4
77,"email",7,8,40
63,"in-person",5,6,50.3
19,"in-person",7,1,39.4
37,"web",15,6,29.5
50,"phone",6,1,44.2
76,"email",0,6,53.7
40,"in-person",15,3,55.2
77,"in-person",14,3,50.2
74,"phone",5,8,48.6
77,"web",4,1,59.8
28,"web",13,6,28.4
76,"in-person",12,3,70.1
21,"in-person",6,8,39
48,"email",15,8,28.1
51,"in-person",12,1,56
39,"in-person",7,4,48.7
25,"email",14,10,29.5
18,"phone",13,5,25.3
34,"web",14,1,34.2
40,"email",4,5,52
74,"web",7,2,45.1
38,"phone",0,5,42.2
23,"in-person",0,1,32
75,"email",6,1,44.9
28,"email",2,4,24.2
79,"phone",12,6,60.1
44,"email",7,6,31
42,"email",9,2,45.7
48,"web",5,7,13.1
28,"web",1,7,26.5
60,"in-person",6,7,54.5
47,"email",6,2,39.7
79,"web",6,7,45.9
51,"email",6,8,47.5
57,"email",4,10,24.4
37,"email",3,10,16.8
22,"phone",8,3,44.1
50,"in-person",8,10,43
69,"phone",6,7,47
74,"email",13,9,31
61,"web",5,10,16
38,"web",14,6,33.2
61,"in-person",0,1,46.8
21,"web",2,1,40.1
22,"in-person",7,3,40.8
70,"web",5,8,40.4
24,"in-person",11,6,26.8
51,"in-person",14,9,36
18,"email",10,3,13
62,"email",6,4,37.7
38,"email",12,9,20.4
45,"in-person",6,6,33.9
62,"web",2,6,45.1
50,"in-person",0,9,32.9
69,"phone",5,6,63.9
71,"phone",4,6,60.3
77,"email",8,3,44.7
79,"web",8,1,45.1
23,"phone",12,2,41.1
71,"email",6,5,45.9
77,"web",2,1,70.5
69,"in-person",2,7,41.1
53,"web",12,10,20.4
61,"email",11,8,38.1
68,"email",15,7,49.6
18,"email",5,3,21.3
70,"phone",14,2,58.8
61,"phone",9,7,58.6
30,"web",12,2,28.3
31,"phone",1,10,33.6
54,"email",6,7,18.1
63,"phone",11,10,40
31,"in-person",12,9,24.6
28,"in-person",4,2,44.9
72,"phone",12,7,60.9
44,"in-person",13,3,53.7
45,"email",6,9,33
45,"phone",9,4,30.8
64,"email",2,8,46.7
78,"email",6,3,56.9
50,"email",8,2,46.7
62,"in-person",7,1,69.5
20,"email",15,9,16.8
27,"phone",5,3,44.6
73,"phone",8,4,62.9
51,"phone",15,9,47.7
18,"in-person",12,7,24.6
78,"web",9,9,39.1
39,"web",7,9,16.1
62,"web",13,4,35.1
50,"in-person",12,1,47.9
60,"phone",10,5,53.3
66,"web",8,6,41.6
55,"web",8,2,31.4
67,"web",12,10,46.3
29,"email",13,10,8.7
40,"phone",0,8,42.1
71,"email",6,5,52.4
52,"phone",13,3,56.8
39,"in-person",12,10,23.8
75,"web",2,6,31.6
67,"phone",4,10,48.2
23,"web",9,2,25
34,"web",13,9,22.3
72,"email",12,8,32
66,"in-person",9,3,40.1
63,"email",10,6,41.1
70,"phone",4,9,51
21,"in-person",8,9,31.3
68,"phone",6,8,28.8
75,"in-person",12,10,46.2
18,"email",5,3,26.7
30,"email",13,1,29.6
67,"in-person",15,8,48.5
55,"email",13,6,20.4
69,"in-person",13,5,65.7
80,"in-person",14,6,42
68,"web",2,3,40.8
42,"web",10,4,36
61,"in-person",1,4,45.9
78,"web",13,6,44.5
49,"in-person",14,2,57.3
45,"web",8,1,50.5
75,"email",8,2,52.2
39,"phone",4,8,29.9
76,"in-person",10,10,40
36,"web",14,9,20.6
56,"phone",9,9,39.3
53,"in-person",5,5,35.2
39,"email",5,10,10.3
58,"in-person",3,6,37.8
36,"email",0,5,35.3
76,"in-person",13,5,45.1
66,"in-person",8,1,59.4
30,"web",0,9,26.9
49,"in-person",9,8,46.5
40,"web",5,4,36.8
26,"in-person",8,2,26.7
58,"email",14,6,45.2
21,"in-person",9,2,35.7
58,"phone",12,1,47.3
22,"email",11,7,18.1
59,"in-person",11,6,51.1
80,"email",15,10,43.1
40,"in-person",0,4,39.4
74,"in-person",6,8,47.3
76,"web",10,1,53.5
39,"phone",9,6,39.9
24,"phone",8,4,37.9
57,"phone",4,3,67.7
38,"web",4,8,19.4
21,"web",10,9,19
21,"in-person",8,1,41
51,"web",12,1,54.8
56,"email",3,5,33.6
74,"in-person",0,10,43.1
69,"phone",7,8,32.3
46,"in-person",12,2,58.4
55,"in-person",0,2,35.9
62,"in-person",8,10,47.1
68,"in-person",12,5,52.4
62,"web",5,7,40.9
76,"email",11,8,65.3
23,"phone",9,4,48.5
48,"web",0,4,32.8
19,"phone",11,9,21.7
80,"email",2,5,43.9
34,"email",8,5,21
30,"web",5,3,43.6
74,"phone",14,4,70
63,"web",11,10,41.4
41,"in-person",9,3,41.4
35,"web",9,9,9.2
47,"email",4,10,49.9
53,"in-person",0,4,37.1
52,"web",6,8,33.6
48,"phone",0,9,42.6
36,"email",13,2,38.5
51,"in-person",12,10,32.4
65,"phone",10,8,40.2
27,"web",8,7,30.5
64,"phone",12,8,36.2
78,"phone",4,3,57.4
38,"phone",13,7,46.7
63,"in-person",1,7,40.9
73,"web",6,5,54.5
80,"phone",11,7,61.7
33,"phone",1,4,60.5
57,"web",0,4,47.6
28,"in-person",0,8,20.7
49,"web",2,5,43
51,"phone",5,3,51.7
29,"phone",8,1,57.5
48,"phone",8,5,72
28,"phone",11,9,36.5
68,"web",15,1,54.6
56,"email",14,2,51.8
20,"phone",8,8,30.6
59,"web",14,1,48.2
32,"phone",3,6,40.5
29,"in-person",8,3,63.5
70,"web",5,10,26
53,"phone",5,7,31.9
62,"email",7,8,34.7
61,"web",14,6,27.6
24,"phone",0,6,26.4
54,"phone",12,10,35.5
46,"email",7,3,36.1
55,"in-person",9,5,40.6
23,"in-person",8,5,43.6
44,"in-person",15,4,44.3
55,"email",6,2,57.8
60,"email",7,10,37.3
71,"email",15,6,41.3
26,"email",15,5,19.5
39,"web",12,3,52.2
65,"web",9,4,40.8
70,"web",10,2,63.9
45,"phone",6,1,66.7
36,"web",2,8,26.5
31,"phone",4,1,36.4
67,"email",4,4,37.5
46,"phone",10,1,64.9
22,"web",1,7,13.4
25,"web",7,6,7.3
50,"phone",12,10,48.3
21,"email",3,9,24.4
57,"email",12,1,37.9
52,"in-person",15,5,53.8
51,"in-person",15,2,56.4
37,"email",11,10,8.3
66,"web",1,10,35.3
77,"phone",10,5,61
29,"in-person",0,3,46.5
64,"email",2,4,57.5
35,"email",5,1,36
65,"email",1,10,24.7
39,"phone",9,6,39.3
23,"web",14,6,12.4
56,"in-person",8,8,44.7
26,"web",1,5,25.2
34,"email",8,5,40.9
46,"in-person",12,9,27.9
39,"phone",0,2,60.6
70,"email",10,2,53.2
43,"in-person",7,7,47.6
51,"web",14,3,47.3
58,"in-person",8,8,43.2
37,"web",4,7,32.3
75,"in-person",10,9,31.6
28,"in-person",1,2,44.8
38,"in-person",8,10,10.8
54,"email",1,7,38.4
22,"in-person",11,4,36.2
33,"web",11,4,27.1
38,"phone",2,2,49.7
50,"web",4,8,37.5
19,"in-person",3,8,41.6
74,"in-person",4,9,44.6
45,"in-person",13,8,25
75,"phone",8,4,58.8
35,"in-person",12,5,27.5
31,"email",13,1,36.4
32,"in-person",4,6,31.3
26,"email",14,7,35.4
43,"web",7,7,36.5
32,"in-person",6,10,14.1
40,"in-person",6,4,37.7
46,"web",14,3,30.4
51,"in-person",8,6,35.2
27,"email",0,10,11.7
36,"phone",5,2,57
71,"phone",10,7,56.3
24,"in-person",5,1,37.5
26,"phone",14,9,41
63,"phone",11,5,56.6
21,"in-person",14,1,49.1
37,"web",15,9,23.9
22,"in-person",0,1,43.2
52,"phone",9,4,53.5
61,"in-person",11,5,53.8
28,"in-person",15,2,44.7
25,"in-person",15,5,35.5
52,"email",15,5,31.7
73,"phone",13,3,62.8
67,"email",5,3,45.1
50,"in-person",1,5,49.9
40,"phone",4,7,47
58,"in-person",13,8,49.6
29,"web",15,6,32.7
80,"in-person",15,9,53.8
57,"web",14,3,44.5
75,"email",1,2,44.4
56,"web",11,6,34.2
55,"email",2,3,48
59,"web",3,8,25
76,"phone",3,1,64.8
46,"email",0,8,26.3
58,"email",7,10,7.5
50,"web",10,8,26.3
39,"phone",3,8,30.1
18,"web",12,5,16.7
67,"phone",9,1,73.5
45,"in-person",14,2,52
34,"in-person",11,3,49
61,"email",15,10,16
34,"web",13,2,52.7
78,"web",10,2,70.8
30,"email",0,4,29.2
20,"web",11,5,25
75,"phone",7,5,69.1
35,"email",7,6,39.4
42,"phone",5,7,33.9
20,"in-person",5,8,20
52,"web",5,1,47.6
48,"email",4,4,35
56,"email",13,3,44.9
41,"in-person",7,7,32.2
42,"in-person",15,8,24.4
19,"in-person",4,1,36.2
23,"web",3,9,24.8
32,"in-person",9,2,24.2
39,"phone",14,7,32
59,"web",14,5,42.5
39,"in-person",6,3,39.4
62,"email",5,10,33.9
67,"phone",11,1,59.4
49,"web",1,10,18.1
48,"email",14,3,43.6
59,"in-person",7,2,40.3
59,"web",2,10,24.6
21,"in-person",13,1,28.4
35,"in-person",13,4,32.8
27,"web",3,10,12.8
78,"phone",13,9,45.7
43,"in-person",11,3,44.9
21,"in-person",3,8,19.6
21,"in-person",2,5,36.2
54,"email",12,3,47.3
57,"phone",12,3,61.3
28,"email",3,8,5.1
19,"phone",12,7,30.8
50,"email",5,3,52.8
44,"email",15,7,46
23,"web",4,8,26.9
66,"in-person",10,6,65.6
62,"web",11,1,49.3
66,"email",11,1,68.2
42,"web",9,5,39.1
51,"phone",11,5,45.7
55,"web",14,1,59.6
46,"phone",5,9,24.3
68,"phone",14,10,46
30,"in-person",2,5,41.8
51,"web",12,3,47.2
45,"in-person",3,2,47.3
26,"in-person",5,3,41.4
78,"web",8,10,36.3
37,"phone",2,10,27.8
54,"web",15,10,25.9
36,"in-person",7,6,30.6
35,"web",15,1,38.1
49,"phone",12,4,50.3
61,"web",12,5,30.3
77,"web",6,3,59.3
64,"in-person",0,7,48.9
79,"in-person",12,7,59.1
25,"email",8,10,13.3
30,"phone",13,1,40.3
26,"phone",2,2,51.3
25,"web",4,2,38.2
80,"email",7,4,42
73,"email",11,9,42.1
65,"email",3,6,40.2
58,"phone",13,5,56.2
43,"in-person",3,1,54.8
52,"email",11,3,37.2
67,"email",12,10,36.6
37,"email",7,2,48.7
21,"in-person",3,10,14.7
54,"email",2,10,31.3
79,"phone",13,2,66.8
55,"in-person",6,3,47.2
23,"in-person",10,10,6.1
64,"web",7,1,52.9
78,"in-person",13,9,39.5
79,"email",5,10,31.2
40,"phone",1,5,34.4
41,"phone",12,1,45.9
76,"in-person",8,3,50.9
53,"phone",5,7,40
30,"phone",10,9,33.3
35,"email",4,10,28
36,"in-person",2,1,50.2
67,"in-person",15,5,48.6
73,"email",7,5,52.6
72,"phone",6,6,41.6
59,"web",14,9,26.7
69,"web",11,2,42.8
78,"in-person",9,6,44.4
30,"web",11,10,25.8
49,"email",12,2,36.3
31,"phone",10,6,30.8
50,"web",9,7,38.9
55,"phone",13,2,65.4
44,"email",14,4,39.1
71,"web",1,7,34.8
68,"in-person",2,4,41.2
79,"phone",11,7,41.8
63,"web",5,1,48.8
39,"in-person",13,1,55.7
20,"web",5,7,17
26,"email",1,4,29.3
80,"phone",15,9,62.7
66,"email",11,5,51
69,"in-person",0,5,52.4
48,"email",15,10,12.1
80,"email",0,7,34.1
50,"web",1,6,40.1
77,"phone",7,7,62
29,"web",8,8,30.2
46,"email",10,9,23
76,"web",12,2,61
47,"email",15,8,20.5
25,"web",5,3,28.4
71,"in-person",12,4,65.1
52,"email",15,2,44.4
51,"web",9,9,15.4
46,"in-person",4,9,42.7
73,"web",2,6,48.4
27,"phone",10,10,23.5
75,"in-person",13,7,40.2
77,"web",5,2,44.5
60,"web",2,7,40.2
45,"phone",11,10,35.9
27,"in-person",4,8,32.3
20,"email",8,8,19.4
53,"in-person",5,4,53.6
60,"in-person",14,8,32.3
66,"phone",3,8,52
55,"web",3,2,55.5
66,"email",6,5,50.8
77,"web",11,5,45.8
28,"web",1,2,31.3
41,"email",2,6,25.6
48,"phone",1,4,55
53,"in-person",4,1,53.5
29,"phone",7,10,32.5
75,"email",11,5,51.3
30,"web",9,9,15.2
80,"phone",15,9,54.6
54,"email",12,2,48.8
18,"web",9,3,22.7
50,"in-person",1,2,55.4
27,"web",5,4,22.5
68,"phone",11,4,55.6
29,"phone",8,5,50.1
32,"email",5,1,37.4
35,"in-person",7,10,19
59,"phone",7,3,55.1
57,"phone",1,8,39
27,"web",12,4,27.2
68,"phone",3,1,73.5
59,"phone",8,8,43.9
66,"in-person",4,8,38.9
22,"web",1,8,23.7
55,"phone",11,8,38.3
18,"web",13,3,21.5
54,"email",14,9,20.3
76,"phone",13,5,49.9
21,"in-person",0,5,30.3
60,"web",1,8,50.8
62,"in-person",4,4,47.7
66,"in-person",3,1,58.3
56,"in-person",9,1,51.2
37,"phone",1,3,54.8
61,"email",7,6,28.4
35,"email",12,5,15
44,"web",9,4,42.7
72,"email",4,9,24.7
21,"phone",12,6,37.4
47,"web",5,2,39.4
48,"web",6,7,32.5
36,"in-person",4,3,51.8
59,"email",8,4,57
27,"phone",8,9,14.1
21,"in-person",12,7,32.3
68,"email",7,10,31.1
55,"email",11,5,40.2
41,"phone",8,10,33.9
33,"email",5,6,26.7
55,"in-person",8,4,58
24,"phone",7,6,42.2
46,"web",13,2,47.4
24,"email",2,4,34.6
31,"phone",14,1,60.1
47,"email",14,1,39.9
71,"in-person",10,7,63.8
26,"in-person",1,10,19.2
37,"phone",0,6,33.7
36,"web",0,4,29.7
75,"phone",11,7,52.9
60,"phone",0,10,31.8
39,"email",12,6,34
46,"email",1,8,20.7
36,"phone",10,6,51.8
57,"in-person",1,3,47.6
58,"phone",14,8,36.4
23,"phone",6,9,25.3
68,"in-person",2,6,48
38,"phone",12,8,27.6
60,"web",7,5,37.8
78,"email",7,2,45.5
58,"in-person",11,3,51.3
23,"email",13,4,19
72,"phone",3,7,44.6
31,"web",9,1,48.9
27,"web",11,5,36.3
38,"phone",10,7,41.3
71,"web",1,1,73.7
55,"web",13,10,26.3
23,"web",11,8,14
77,"web",12,4,46.5
25,"phone",0,1,55.6
29,"web",7,7,21.5
64,"web",7,5,43.2
51,"phone",9,5,33
50,"in-person",5,3,50.6
30,"email",9,6,31.4
58,"phone",2,2,60.6
70,"in-person",6,7,44.2
67,"email",13,7,25.7
34,"in-person",5,9,43.4
33,"in-person",14,4,34.7
55,"in-person",4,2,56.5
42,"email",9,3,46.6
45,"phone",0,3,58.6
65,"phone",15,1,57.3
26,"web",10,6,20.5
73,"email",14,3,46.3
36,"email",12,3,32.3
39,"email",0,5,35.3
18,"web",0,8,5.2
34,"phone",14,3,54.4
46,"email",10,3,37
71,"in-person",6,5,51.8
32,"phone",13,2,68.5
20,"phone",5,5,35.8
32,"phone",6,1,70
47,"phone",11,8,45.8
54,"email",14,6,37.9
63,"email",10,8,15.5
67,"web",4,8,42.5
63,"in-person",13,2,54.1
72,"phone",10,3,55.5
70,"in-person",15,5,59.2
41,"phone",9,5,63
77,"in-person",4,4,65.8
56,"web",9,9,37.1
47,"email",6,1,44.4
32,"web",15,8,38.1
34,"email",4,1,31.5
41,"email",6,3,40.5
64,"in-person",5,2,48.8
61,"in-person",1,7,47.1
69,"in-person",8,6,50.9
48,"phone",9,8,49.5
72,"web",7,2,40.5
29,"web",14,4,35.9
75,"phone",5,5,65.2
54,"in-person",7,6,45.1
46,"phone",3,1,61.7
30,"email",12,7,17.7
68,"web",5,1,51.4
27,"web",2,1,27
80,"phone",4,2,62
53,"email",9,8,37
33,"email",14,1,38.6
29,"email",2,8,16.2
50,"email",6,8,25.4
78,"phone",9,3,66.4
65,"web",5,5,41.2
27,"in-person",2,5,32.8
59,"web",6,8,50.7
45,"in-person",4,6,33.6
24,"email",11,8,18.6
67,"phone",1,7,57.1
20,"phone",7,4,49.1
28,"phone",4,6,41.4
54,"web",3,9,23.9
53,"web",0,9,15.2
54,"email",3,3,40.5
45,"web",11,6,32.7
72,"in-person",1,7,23.6
76,"email",12,9,61.7
54,"email",15,3,36.8
45,"web",14,6,30.6
39,"email",12,7,28.6
40,"web",3,8,24.1
51,"phone",11,10,20.1
26,"email",6,10,33
47,"email",13,1,33.9
23,"email",6,2,40.1
44,"web",4,10,11.5
30,"email",9,7,29.5
67,"in-person",10,1,67.4
39,"email",8,9,32
41,"email",2,9,39.2
44,"phone",15,3,70.5
35,"phone",10,8,41
48,"phone",15,7,32.8
36,"phone",5,4,48.5
75,"phone",13,6,55.4
68,"in-person",4,2,60.2
43,"phone",9,10,27.1
70,"email",2,8,44.3
61,"phone",9,9,30.5
49,"phone",1,8,40.3
23,"web",2,4,24.4
34,"in-person",12,7,24.9
58,"web",0,5,27.7
36,"web",13,10,25
42,"web",12,8,31.5
75,"in-person",15,1,51.5
44,"email",2,1,42.6
32,"in-person",9,9,27.4
40,"web",5,5,37.4
54,"phone",8,5,52.8
78,"phone",15,6,55.9
41,"email",9,8,25.9
54,"phone",0,6,52.3
51,"phone",11,4,53.3
25,"web",4,8,23
32,"phone",8,10,43.9
36,"web",9,6,24.6
19,"in-person",0,5,21.8
77,"email",11,3,53.2
33,"phone",13,6,38.6
50,"phone",8,9,36.6
62,"in-person",9,2,64.6
45,"email",2,9,12.4
25,"in-person",5,5,15.1
69,"email",5,6,45.1
62,"web",8,2,56.3
80,"web",1,2,57
51,"web",0,8,39.5
79,"phone",1,2,63
28,"in-person",10,10,16.5
37,"web",7,8,33.6
71,"web",4,3,60.2
61,"email",14,2,37.3
71,"web",7,2,49.2
53,"phone",14,2,67.4
70,"email",13,2,43.2
22,"web",13,2,51
29,"phone",12,4,39.3
54,"email",1,1,55.7
41,"email",14,1,47.3
62,"web",11,8,22
23,"web",15,6,22.6
41,"email",1,4,50
76,"in-person",7,5,40.7
48,"web",12,4,38
27,"web",10,1,34.7
58,"email",10,2,46.3
34,"in-person",13,2,42.2
50,"in-person",3,6,41.8
78,"web",14,8,45.8
44,"email",14,1,49.8
47,"in-person",14,4,39.8
45,"in-person",7,5,47.6
27,"web",11,3,38.8
33,"phone",6,3,72.3
39,"in-person",8,1,47.5
70,"phone",11,3,60
71,"web",2,1,63.8
44,"web",4,3,45.2
40,"web",1,2,47.5
73,"in-person",12,2,48.4
20,"email",6,6,18.2
72,"in-person",4,7,50.5
59,"phone",4,1,57.5
29,"email",9,7,29.3
55,"phone",7,9,48.4
24,"web",8,3,42.4
24,"in-person",12,10,14.7
23,"phone",1,6,43.3
77,"phone",0,6,58.5
70,"email",11,4,63.8
55,"email",8,6,39.5
75,"phone",5,4,66
56,"in-person",0,4,50.3
44,"web",2,8,24.5
34,"email",10,7,33
55,"web",3,4,44.4
70,"phone",10,10,47.4
75,"web",10,4,52
35,"phone",6,2,51
68,"email",8,10,30.3
48,"in-person",2,6,47.2
50,"phone",11,2,51.3
33,"web",1,3,22
23,"email",7,5,40.4
47,"email",1,7,30.3
35,"web",9,4,41.7
80,"web",10,2,49.2
47,"in-person",8,3,33.9
25,"phone",7,2,35.2
56,"in-person",9,4,40.5
34,"in-person",7,8,18.3
74,"phone",10,3,59.5
74,"in-person",0,1,72.1
53,"in-person",13,9,33.6
47,"in-person",6,3,49
68,"in-person",10,10,53.8
52,"email",11,8,35.7
53,"email",9,1,33.4
20,"phone",1,10,27.6
50,"in-person",13,1,60.4
26,"in-person",0,7,26.7
51,"web",12,3,30.3
34,"phone",6,2,54.6
77,"web",10,5,38.2
78,"phone",8,7,53
64,"in-person",6,6,39.6
59,"email",11,6,32
52,"web",11,8,24.9
69,"web",7,3,42.1
37,"web",4,10,23.3
56,"web",4,3,50.3
23,"web",12,7,31.2
59,"web",6,6,38.4
51,"in-person",11,4,48.1
59,"email",1,1,51.1
47,"web",13,4,41.2
27,"phone",15,7,18.2
47,"phone",8,10,44.6
76,"phone",5,1,66.4
62,"phone",8,3,62.2
67,"web",5,3,60.2
34,"web",2,6,28.8
47,"in-person",0,2,58.4
50,"web",13,9,23.6
66,"web",2,8,28.6
25,"web",7,1,41.3
73,"email",15,10,50.3
73,"web",10,1,50.3
54,"phone",5,3,49.3
47,"in-person",3,2,52.1
20,"phone",3,3,48.7
18,"in-person",0,7,36.4
51,"phone",9,7,51.4
50,"in-person",0,10,26.5
54,"web",6,5,35.4
79,"in-person",10,7,63.7
60,"web",1,1,60.4
76,"email",8,6,40.4
69,"in-person",13,9,42.9
40,"phone",5,3,45
58,"web",7,9,36.4
38,"web",11,8,19.8
74,"in-person",4,1,68.4
66,"email",2,7,36.6
44,"phone",14,5,44.9
69,"phone",4,9,45.3
20,"web",4,5,30.6
57,"phone",6,1,45
38,"in-person",12,6,40.7
33,"web",7,2,41.6
29,"phone",4,7,36.7
61,"web",11,3,44.5
27,"phone",13,9,31.6
36,"phone",5,2,55.1
58,"email",11,10,27.1
70,"web",14,1,66.8
77,"in-person",4,1,76.5
25,"web",1,10,18.2
59,"email",8,3,36.3
55,"phone",1,7,61.4
22,"in-person",13,5,28.4
61,"phone",6,2,72.1
36,"phone",5,1,45.4
75,"phone",1,8,54.9
60,"web",14,8,39.6
49,"web",8,1,56
80,"in-person",11,1,73.2
63,"phone",10,5,55.3
28,"in-person",0,10,27.1
79,"email",10,7,51.8
40,"email",1,1,47.1
19,"web",1,3,30.7
33,"phone",0,5,39.7
78,"web",5,10,27
44,"email",1,5,36.1
39,"email",7,9,12.1
65,"web",0,5,45
63,"email",12,2,54.9
18,"web",9,7,21.5
68,"phone",4,8,61.8
57,"in-person",1,10,30.2
74,"phone",9,8,68.8
30,"email",8,5,23.4
62,"in-person",6,3,46.9
36,"email",4,8,29.2
22,"in-person",7,2,33.8
47,"email",15,8,25.7
32,"phone",11,2,44
19,"web",10,4,27.3
34,"phone",1,10,42.4
58,"in-person",8,1,52.4
60,"in-person",7,5,50.8
19,"email",7,7,21.2
77,"in-person",11,7,57.7
26,"in-person",11,8,31.2
21,"email",3,6,12.7
79,"email",7,8,50.6
69,"phone",13,10,30.8
57,"web",5,10,29.2
52,"phone",0,7,40.2
31,"in-person",14,4,29.1
43,"email",7,7,29.2
42,"in-person",14,4,34.8
24,"in-person",8,3,25.6
32,"in-person",8,5,45.8
27,"in-person",11,8,23.7
19,"web",13,8,10.1
56,"email",7,2,47
35,"web",2,10,21.9
29,"phone",6,10,20.1
61,"email",3,8,26.6
70,"in-person",2,8,41
25,"in-person",7,9,26.4
64,"email",6,8,31.7
25,"web",1,10,9
57,"phone",15,4,62.8
79,"web",15,4,45.4
31,"email",2,2,32.5
39,"web",6,2,50.8
36,"in-person",5,1,42.5
34,"in-person",2,9,10.6
40,"email",0,6,35.3
58,"web",9,1,44.2
25,"email",11,8,30.5
63,"in-person",6,2,42.9
72,"phone",12,10,54.1
37,"in-person",9,3,54.6
54,"in-person",3,7,32.1
61,"email",8,9,21.1
80,"web",9,5,49.7
61,"email",10,2,25.7
56,"in-person",4,7,47.3
25,"phone",0,10,38.4
66,"email",14,1,47.8
21,"phone",13,3,48.5
34,"email",10,10,23.1
51,"in-person",4,2,52.9
75,"web",6,2,47.2
19,"in-person",9,7,38.4
25,"email",2,3,42.8
59,"phone",2,10,42.9
36,"in-person",1,3,38.6
36,"email",15,3,36.3
79,"email",2,2,51.8
74,"in-person",15,7,48.8
20,"email",12,10,9.3
22,"web",7,9,15.3
75,"email",2,5,55
33,"in-person",11,1,44.4
38,"web",7,3,43.4
75,"in-person",0,10,37.1
43,"email",14,7,19.5
46,"phone",12,4,58.3
77,"web",5,7,36.1
51,"email",4,5,43.5
45,"phone",1,6,39.4
68,"in-person",12,9,38.4
35,"web",11,9,11.4
56,"in-person",3,3,49.3
64,"in-person",6,5,46.4
29,"email",3,5,19.5
47,"web",6,9,24.1
19,"in-person",5,5,28
24,"email",2,6,29.2
65,"web",10,8,41.1
77,"email",3,4,53.3
48,"web",10,1,33.2
34,"phone",8,6,46.8
28,"phone",15,10,25.3
38,"in-person",14,10,29.7
63,"email",1,9,20
60,"email",12,10,37.1
21,"phone",10,10,18
45,"web",2,6,31.5
67,"phone",5,10,31.3
28,"phone",7,10,42.1
64,"phone",9,3,49.1
59,"web",11,2,56.2
34,"phone",5,2,50.9
46,"web",15,6,28.5
38,"in-person",15,6,44.9
42,"in-person",0,5,44
48,"phone",15,1,63.6
56,"in-person",7,7,21.5
29,"email",4,1,36.9
30,"email",1,4,21.2
37,"in-person",13,4,35.7
62,"phone",9,7,42.9
43,"phone",6,2,60.2
62,"phone",15,7,58.9
49,"email",6,10,1
62,"in-person",14,10,27.3
18,"phone",12,6,43.3
40,"email",12,1,48
36,"phone",1,10,23.1
48,"email",5,2,52.5
52,"web",10,8,33.4
60,"in-person",15,4,48.2
57,"phone",3,6,43.5
80,"phone",5,6,55.9
68,"phone",9,3,53.5
74,"in-person",14,2,69
69,"email",7,1,58.2
53,"email",13,8,31.8
58,"in-person",3,6,38.1
56,"email",1,8,23.8
33,"phone",12,4,45
33,"email",0,9,13.9
37,"email",1,2,37.4
55,"in-person",4,6,38.2
46,"phone",3,3,41.4
75,"email",6,10,17.3
47,"phone",8,10,32.8
71,"phone",7,3,49.8
73,"in-person",10,6,37.5
52,"web",10,6,33.4
57,"in-person",4,3,50.8
42,"email",5,9,27.6
46,"email",9,1,46.6
67,"phone",15,7,55.6
29,"in-person",12,9,6.2
80,"email",10,2,48.3
74,"in-person",4,1,65.4
34,"web",10,3,31.1
34,"email",12,10,13.3
31,"in-person",7,6,23.2
36,"in-person",5,9,21.7
32,"in-person",7,7,24.1
66,"in-person",14,4,48
70,"email",2,1,50.3
78,"email",12,10,31.6
25,"phone",2,3,46.2
26,"phone",7,5,41.2
59,"web",13,5,43.4
59,"email",8,7,31.2
44,"web",9,8,22.8
51,"in-person",11,3,50.3
69,"in-person",1,4,54.9
22,"phone",0,10,30.1
35,"phone",11,1,62.8
70,"phone",14,9,61.3
62,"email",14,1,54
34,"web",11,8,32.1
37,"email",1,10,14.9
69,"phone",10,2,72.9
66,"email",4,7,40.9
71,"web",9,7,52
27,"web",9,5,27.1
21,"phone",14,6,38.9
65,"in-person",10,6,37
55,"in-person",9,1,61.1
51,"in-person",13,10,36.8
74,"in-person",5,3,55.3
49,"web",5,10,22.8
75,"phone",4,1,58.3
42,"email",12,1,42.6
74,"email",13,3,53
31,"web",6,10,9.2
65,"phone",13,9,69.4
66,"web",13,1,45.8
61,"phone",13,2,59
64,"phone",3,7,51.9
60,"web",9,9,37.8
39,"web",0,3,45.3
45,"email",7,8,40.2
18,"email",15,8,11
67,"email",9,2,55.9
72,"web",0,2,51.8
19,"phone",7,10,13.3
57,"web",2,6,45.5
23,"web",14,8,19.6
49,"in-person",10,6,47.3
26,"in-person",0,8,36.9
78,"email",1,9,25.6
78,"phone",2,10,52.5
37,"in-person",2,4,45.5
37,"email",1,8,23.5
38,"phone",14,9,36
25,"phone",6,5,36.8
34,"web",11,3,43
56,"web",12,5,27.5
32,"web",8,4,40.2
39,"in-person",15,8,32.7
27,"phone",6,10,38.2
79,"email",11,6,58.4
77,"email",5,2,53.5
55,"web",5,7,29.3
23,"in-person",10,10,11.1
79,"email",9,5,55.9
24,"web",4,7,22.8
72,"in-person",8,5,57.4
30,"phone",15,4,40.6
73,"email",2,3,53.2
20,"web",1,3,25.3
54,"in-person",13,3,37.8
49,"in-person",12,1,50.1
42,"in-person",5,2,48
47,"web",0,9,32.6
75,"in-person",14,7,39.4
62,"phone",1,7,47.4
53,"phone",13,8,52
58,"in-person",7,10,42.8
20,"phone",8,3,43
48,"phone",0,1,66.1
40,"email",7,3,26
42,"phone",6,7,45.9
71,"in-person",8,3,65.6
56,"email",8,3,51.8
37,"in-person",6,2,47.3
63,"email",2,8,48.3
59,"phone",0,10,32.5
26,"in-person",0,4,31.6
36,"phone",7,2,59.6
36,"phone",8,5,41.2
43,"in-person",15,7,35.5
74,"web",15,5,55.9
34,"in-person",7,1,53.2
22,"web",12,4,39.7
18,"phone",2,4,59.7
27,"email",12,10,17.4
37,"email",3,1,35.3
70,"email",1,8,31
63,"web",10,5,45.5
70,"in-person",7,2,57.4
76,"web",13,3,59.8
22,"web",8,2,31.9
75,"in-person",0,2,52.2
43,"phone",7,2,47.6
33,"phone",8,5,57.5
50,"email",11,3,28.3
20,"web",9,2,30.7
52,"in-person",8,9,39.7
18,"in-person",0,1,53.8
21,"web",0,4,30.5
77,"phone",13,6,43.8
24,"web",6,9,26.5
65,"web",12,10,47.4
80,"web",14,4,55.2
34,"phone",5,4,48.9
68,"in-person",10,9,39.1
67,"phone",12,5,56.2
23,"in-person",9,2,34.1
47,"web",3,2,34.1
46,"in-person",11,5,58.7
58,"phone",6,4,65.4
21,"phone",14,10,23.6
77,"in-person",8,8,63.9
70,"phone",2,7,40.7
58,"email",1,2,59.4
36,"in-person",12,1,54.6
22,"web",11,1,30.6
38,"in-person",7,6,35
27,"phone",4,10,12.6
41,"web",3,5,27.4
23,"in-person",0,10,12.1
66,"web",0,9,30.3
51,"email",9,6,39.7
31,"in-person",15,3,31.9
80,"web",4,6,61.2
41,"in-person",0,8,18.2
46,"phone",8,1,57.4
22,"in-person",2,10,27.8
50,"email",6,4,41.2
55,"in-person",6,10,53
78,"web",8,7,30.9
34,"email",10,6,27
64,"in-person",10,8,44
79,"in-person",7,6,43.4
77,"email",12,1,59.3
42,"email",10,6,22.5
36,"phone",1,3,53.2
34,"in-person",15,1,55
80,"phone",3,3,70.1
43,"in-person",2,4,44.8
50,"phone",11,8,36.1
32,"phone",2,8,32.9
22,"email",12,1,43.1
25,"web",8,9,23.7
41,"in-person",4,7,42.5
45,"phone",1,2,45.1
37,"web",10,4,48.6
50,"web",10,1,37.3
65,"in-person",13,3,59.7
33,"email",3,10,9.9
66,"web",3,7,30.6
27,"in-person",13,3,39.5
80,"phone",12,4,65.4
43,"phone",0,4,50.3
78,"in-person",10,10,33.8
60,"web",1,3,43.7
21,"web",6,6,22.3
19,"web",14,6,13.1
25,"in-person",13,6,27.2
58,"in-person",0,10,21.5
58,"email",3,1,44.9
21,"email",8,3,23
64,"web",10,9,41.9
65,"email",9,9,45.1
60,"email",11,3,42.1
39,"in-person",7,7,11.6
32,"web",13,8,10.5
71,"in-person",8,5,43.8
53,"web",3,1,47.9
21,"web",8,4,37.8
41,"in-person",1,3,45.7
30,"email",10,1,49.5
20,"in-person",13,6,24.4
48,"phone",2,1,55.1
26,"phone",5,2,34.1
35,"email",14,10,5.8
26,"email",2,5,20
25,"email",3,7,31.7
40,"web",3,1,41.3
62,"email",2,9,23.6
62,"web",13,3,57.4
66,"in-person",10,4,43.1
40,"email",0,2,49.8
50,"phone",0,7,42.1
36,"email",15,9,16.2
37,"web",8,4,42.9
61,"phone",13,10,57.3
20,"web",8,10,2.6
66,"phone",1,7,43.4
29,"web",1,4,27.8
77,"web",6,1,58.8
34,"web",10,4,34.9
44,"phone",8,4,53.1
18,"email",2,9,19
75,"in-person",6,1,64.1
79,"in-person",10,6,46.1
51,"in-person",8,3,52.4
47,"web",9,7,22.5
27,"email",2,4,13.2
31,"email",12,8,33.7
52,"email",5,3,33.8
30,"web",11,8,37
38,"in-person",11,1,46.3
76,"email",7,9,56.3
69,"phone",12,5,58.2
75,"phone",3,10,47.6
29,"email",14,5,23.2
57,"web",1,10,22.8
74,"web",12,2,47.2
79,"phone",6,7,60.5
20,"web",0,2,14.5
74,"email",10,7,34.8
21,"in-person",2,8,14.5
32,"phone",13,1,39.6
61,"in-person",2,1,39.4
35,"email",1,2,29.9
55,"phone",2,9,43.3
77,"phone",13,6,62.1
35,"in-person",5,10,16.7
27,"email",13,2,34.2
50,"email",1,6,41.7
78,"phone",15,8,57.8
64,"email",3,3,50
68,"email",12,8,31.3
65,"in-person",0,3,60.1
47,"phone",5,10,27
42,"phone",11,9,31.9
56,"in-person",14,4,55.4
19,"email",3,2,35.1
63,"web",4,10,22.6
74,"phone",4,4,41.6
78,"phone",11,3,56.1
31,"phone",9,10,47.6
38,"phone",7,9,32
69,"phone",1,5,61.8
73,"phone",7,2,69
74,"in-person",6,6,50.7
64,"in-person",14,3,55
18,"phone",3,9,19.7
37,"in-person",12,5,42.2
45,"email",5,2,47.6
24,"web",3,1,47.2
73,"phone",14,4,64.7
75,"email",14,2,60.3
79,"in-person",5,7,46.4
25,"web",8,7,20.5
30,"web",11,6,36.1
79,"phone",9,2,63.6
42,"phone",15,4,51.7
69,"in-person",11,6,54
49,"in-person",14,5,59.7
67,"phone",15,6,62.3
53,"phone",13,9,30.3
55,"phone",5,2,61.7
72,"phone",2,8,34
36,"in-person",13,9,9.3
25,"phone",15,2,52.4
50,"web",2,2,41.8
44,"email",10,9,10.2
74,"phone",14,2,68.2
48,"phone",10,7,51.3
31,"phone",10,1,54.4
41,"phone",13,2,52.5
45,"email",6,7,19.7
36,"email",12,7,36.3
75,"in-person",11,9,49
72,"email",4,8,40.9
74,"phone",3,7,47.5
65,"in-person",0,6,53.2
47,"web",12,10,32.3
43,"email",3,1,56
65,"in-person",0,10,34.3
57,"web",13,3,55.1
28,"phone",15,4,52.8
71,"email",13,7,39.9
75,"email",15,6,61.3
23,"email",14,8,26
41,"email",6,9,26
52,"web",7,10,20.2
62,"email",3,5,39.2
50,"email",14,10,19.1
63,"email",4,8,36.6
73,"in-person",15,10,41.1
78,"in-person",4,7,50.5
71,"email",1,5,33.3
59,"phone",9,5,59.4
44,"email",6,1,41.9
80,"email",10,5,43
57,"phone",9,10,49.6
50,"email",12,1,42
56,"email",9,2,53.4
61,"phone",2,4,41.8
54,"phone",0,3,54
64,"in-person",2,6,48.8
67,"email",12,8,49.7
41,"in-person",9,6,32.8
27,"web",7,1,43.3
32,"in-person",14,3,36.3
73,"email",2,1,57
25,"web",9,6,26.2
59,"in-person",12,10,44.7
33,"in-person",6,10,38.9
22,"email",15,6,28.1
18,"phone",2,7,37.4
31,"web",13,5,37.1
44,"phone",13,5,52.7
23,"in-person",1,1,43.4
75,"phone",12,2,74.2
56,"email",4,2,46.2
62,"email",4,6,49.5
71,"in-person",10,5,64.2
26,"in-person",3,6,37.2
64,"in-person",12,10,33
62,"email",3,4,33.3
67,"phone",5,5,48.7
63,"email",2,8,34.9
20,"phone",7,9,37.2
79,"phone",4,7,58.3
24,"email",8,5,11.1
51,"web",8,5,40.4
57,"email",12,8,30.3
40,"phone",6,10,27.2
20,"email",6,9,1
68,"email",5,8,44.4
47,"web",11,6,34.8
44,"web",14,2,49.2
72,"phone",8,1,69.3
23,"phone",10,3,54.3
57,"email",8,1,50.4
27,"web",4,1,32.7
69,"in-person",11,2,59.4
65,"phone",2,6,55.5
71,"web",15,6,39.9
76,"web",2,3,55.5
69,"web",4,5,57.3
36,"web",5,3,34.3
74,"in-person",0,10,46.1
31,"email",3,2,42.2
67,"phone",2,4,47.5
38,"in-person",4,1,61
36,"web",13,3,34.5
42,"email",13,1,63
23,"web",10,7,29.9
36,"in-person",5,1,47.7
39,"in-person",7,5,39
31,"web",4,7,15.8
47,"phone",7,6,48.1
35,"in-person",3,1,39.1
40,"in-person",5,3,47.9
29,"in-person",7,1,42.2
32,"in-person",6,8,38.9
77,"in-person",7,3,65.2
24,"in-person",11,5,36.8
73,"phone",13,8,56.2
36,"web",1,10,11.1
39,"in-person",13,10,29.2
44,"web",8,9,20.5
43,"email",1,3,47.7
34,"web",4,2,40.5
27,"email",10,1,38.1
68,"in-person",0,6,43.3
55,"phone",4,8,31.5
27,"in-person",5,1,57.9
72,"in-person",2,5,50.3
28,"email",13,6,29.6
31,"phone",11,10,48
60,"phone",3,3,56.4
64,"in-person",5,1,52.5
37,"phone",5,10,39.4
23,"web",0,4,36.7
53,"in-person",12,8,37.4
26,"email",13,6,23.3
18,"web",8,1,28.3
56,"in-person",4,7,46.2
26,"phone",8,9,30.6
35,"in-person",11,3,31.4
34,"web",13,8,46.4
72,"web",1,2,46.8
64,"email",5,7,23.4
19,"email",5,8,11.9
50,"email",4,1,44.5
79,"in-person",2,6,38.6
45,"web",0,3,42.3
67,"in-person",4,2,58.9
76,"in-person",8,7,51
44,"phone",2,8,41.7
63,"email",2,4,42.5
63,"in-person",6,6,34.2
45,"phone",3,3,55.2
58,"email",12,9,31.7
37,"email",12,9,14.3
22,"email",11,2,36.9
74,"phone",5,4,70.1
56,"in-person",12,4,60
27,"web",5,4,32.8
32,"in-person",15,3,44.3
43,"web",7,4,32.2
36,"in-person",1,1,29.2
68,"in-person",1,2,62
23,"email",8,10,7.1
76,"email",7,5,66.4
70,"email",14,5,38.4
24,"phone",14,1,42.7
60,"email",7,5,44.7
41,"in-person",0,7,39.9
66,"in-person",5,8,36.9
47,"email",7,10,22.9
29,"in-person",9,3,43.3
75,"phone",5,10,44.2
26,"phone",12,4,33.3
58,"in-person",3,7,42.6
28,"email",6,1,48.5
74,"in-person",12,9,54
58,"phone",8,6,53
40,"in-person",1,7,37
66,"phone",0,5,67.3
73,"email",3,3,58.9
20,"web",2,9,12.1
53,"phone",13,5,52.6
80,"email",2,3,50.1
22,"web",2,3,31.2
74,"email",9,6,47.7
62,"email",1,10,40.5
62,"phone",12,6,58.1
69,"phone",13,4,52.9
21,"web",12,6,16.6
25,"phone",10,6,35
30,"in-person",5,3,36.4
18,"phone",4,2,37.7
20,"phone",4,6,43.3
56,"email",12,6,38.9
35,"email",5,8,32.4
40,"phone",14,8,40.1
31,"email",1,1,44.7
29,"phone",10,8,36.9
57,"in-person",6,2,58.4
71,"web",13,7,37.3
69,"email",14,10,36.4
79,"phone",0,9,48.9
40,"in-person",9,3,42.7
59,"phone",12,3,48.1
71,"in-person",12,1,71.4
31,"phone",6,10,28.5
35,"web",13,4,34.5
51,"email",8,6,29.4
63,"web",6,8,37.9
22,"web",2,4,23.3
58,"phone",4,10,32.2
69,"email",8,6,44.1
59,"email",15,5,49.1
41,"web",12,2,40.6
54,"web",15,10,25.2
76,"web",4,6,45.3
40,"phone",12,5,56.8
37,"phone",8,2,55.4
30,"in-person",1,2,53.5
18,"web",13,2,43
69,"phone",15,6,53.5
38,"in-person",13,5,35.6
26,"web",8,6,20.3
55,"phone",1,1,54
38,"email",6,7,28.8
63,"web",13,4,46.9
25,"phone",12,5,35.1
68,"in-person",12,6,54
22,"phone",6,3,49.7
42,"in-person",11,10,27.4
33,"in-person",7,10,32.8
77,"web",12,4,43.4
21,"in-person",13,8,27.9
38,"web",8,8,35.5
29,"web",10,10,19.3
47,"web",2,4,35.3
49,"in-person",5,10,27.5
67,"email",0,9,22
75,"email",15,9,32.6
26,"web",3,2,39.8
77,"email",13,6,40.7
60,"in-person",11,4,46.5
36,"web",1,4,25.9
70,"in-person",3,10,39.4
41,"phone",6,1,64.4
58,"email",2,9,26.3
37,"in-person",5,8,8.8
71,"in-person",1,4,71.1
39,"in-person",14,1,59
79,"in-person",4,6,61.7
56,"phone",11,3,58.7
43,"email",4,9,32.1
41,"in-person",6,5,36.2
41,"in-person",13,5,31.6
48,"phone",10,4,47
43,"web",1,4,37.6
40,"phone",8,2,56.9
69,"in-person",1,6,54.3
62,"email",0,10,18.5
33,"email",6,5,23.1
47,"in-person",13,7,34.6
35,"in-person",5,10,27.4
48,"email",11,2,37.5
39,"email",15,6,29.1
71,"web",11,7,36.4
23,"web",4,4,38.7
77,"phone",14,5,64.1
75,"in-person",0,4,62.1
46,"web",2,10,25.7
70,"web",4,4,33.5
77,"phone",0,5,56.1
26,"phone",1,3,45.5
53,"web",10,8,36.5
44,"web",5,5,32.4
23,"email",8,3,28.3
51,"web",8,7,28
18,"phone",4,3,31.4
53,"in-person",3,3,44.1
42,"in-person",5,8,40.5
27,"email",3,10,16.4
26,"in-person",15,8,21.6
44,"web",12,5,31.4
60,"in-person",6,9,44.1
46,"email",4,1,49.1
52,"web",12,2,49.2
23,"email",15,4,31.7
39,"phone",14,2,37.9
31,"in-person",8,3,41.4
30,"in-person",6,10,30.4
61,"email",6,3,61.3
75,"email",11,8,43.7
50,"phone",4,10,29.8
51,"web",4,9,21.3
33,"phone",8,8,31.3
64,"phone",9,3,49.1
34,"phone",12,4,43.3
31,"web",14,1,62.6
65,"email",13,5,37.6
59,"email",14,5,34.4
65,"in-person",15,8,43.1
42,"web",13,7,31.3
40,"email",11,6,24.5
59,"email",1,9,21.4
41,"phone",11,7,47.3
23,"in-person",3,8,31.3
46,"web",9,6,42.9
61,"web",8,3,31.9
56,"in-person",6,8,51.7
68,"phone",8,2,59
27,"in-person",6,2,34.4
53,"email",11,2,60.4
19,"email",4,6,26.2
26,"web",9,6,27.8
63,"email",11,3,66
24,"web",7,6,25
54,"email",14,6,46.8
74,"web",8,4,40.6
29,"phone",11,10,38.9
45,"in-person",5,5,45.4
70,"email",4,1,66
79,"in-person",15,8,42.5
22,"phone",15,8,27.5
28,"in-person",8,6,37.3
66,"in-person",1,10,43.3
51,"web",15,9,23.8
60,"phone",1,9,33.4
33,"phone",10,10,50
80,"web",8,1,48
80,"phone",11,10,40.2
67,"in-person",10,8,45.7
18,"web",15,10,5
26,"phone",7,7,38.4
77,"phone",3,6,66.7
25,"email",9,2,49.4
80,"in-person",6,10,27.6
52,"email",5,6,36.9
73,"in-person",12,10,28
66,"in-person",1,6,50.7
69,"in-person",15,2,48.7
30,"phone",11,1,51.2
74,"web",3,3,52.3
61,"email",9,9,45.6
47,"in-person",8,3,49.2
31,"web",5,5,32.2
22,"web",3,1,50.4
71,"email",1,8,32
25,"web",6,4,17.3
63,"in-person",8,10,38.5
54,"in-person",12,6,39.2
40,"in-person",12,8,26.4
27,"email",0,5,19.3
38,"web",12,7,28.2
64,"web",7,1,46.2
48,"phone",14,4,59.5
78,"phone",11,7,53.2
28,"phone",13,7,46.9
27,"in-person",6,1,48.4
58,"web",3,9,22.8
77,"web",0,4,41.4
38,"email",7,4,34.6
66,"email",15,7,49.7
63,"web",1,6,56.1
73,"phone",2,8,50.8
79,"in-person",11,8,37
25,"in-person",15,8,19
18,"email",11,8,27.5
43,"web",13,7,33
65,"web",12,2,51
20,"web",10,7,14.9
73,"web",10,2,36
20,"email",10,5,31.4
36,"phone",8,5,44.1
24,"email",15,6,16.5
56,"phone",5,8,47.9
28,"in-person",11,1,53.2
31,"in-person",7,4,28.9
51,"email",0,5,29.1
51,"email",6,7,28.3
31,"email",15,2,20.5
51,"in-person",12,9,43.6
33,"in-person",8,4,48.6
47,"web",6,7,42.7
78,"web",8,9,44.1
38,"email",9,2,41.5
22,"in-person",13,6,37.8
43,"in-person",4,5,25.5
75,"phone",0,10,50.8
18,"web",1,2,20.7
79,"email",13,8,29
26,"email",5,1,48.5
38,"web",13,2,42.7
59,"phone",11,3,56.3
74,"email",1,4,59.5
52,"email",10,4,43.1
34,"in-person",3,3,45.9
80,"web",0,6,48.8
53,"web",11,2,45.2
77,"email",2,10,39.5
74,"web",1,3,59
66,"email",4,7,39.5
19,"phone",13,1,46.2
51,"web",2,3,41.7
48,"web",8,3,51.4
23,"phone",4,9,29.8
67,"in-person",9,1,63.3
47,"in-person",15,6,34.1
30,"email",6,8,31.4
76,"email",8,1,64.7
55,"web",9,8,27.2
66,"email",15,7,38.7
63,"web",9,10,40.8
42,"web",11,7,31.2
58,"phone",15,6,54.8
19,"email",15,10,2.5
75,"in-person",13,6,52.7
39,"web",4,8,15.5
38,"in-person",4,9,31.4
24,"web",2,4,30.7
67,"web",3,2,58
43,"in-person",3,9,43.7
79,"phone",0,10,42.7
37,"email",1,8,28.2
22,"phone",5,5,44.1
41,"phone",1,3,54.7
38,"email",8,8,21.3
69,"phone",7,3,69.7
75,"web",0,9,44.6
55,"web",7,1,58
38,"email",11,4,28
26,"phone",6,4,31.8
38,"email",14,2,32.3
58,"web",10,2,47.7
41,"email",8,5,43.2
48,"web",9,7,12.1
64,"email",2,10,29.7
39,"email",14,3,25
76,"email",6,3,41.7
63,"email",3,8,37.8
21,"phone",12,7,31.8
63,"web",6,8,36.2
73,"email",11,9,39.4
44,"web",11,6,38.4
31,"email",3,8,18.8
46,"phone",1,4,31
33,"email",7,9,20.3
37,"phone",7,7,37
76,"phone",6,6,65.9
71,"web",5,7,40.3
31,"web",9,8,25.4
25,"in-person",7,3,47.5
18,"email",6,10,15.5
51,"phone",9,4,54
54,"phone",3,1,55.2
49,"phone",3,7,35.7
46,"web",3,6,45.5
27,"in-person",10,7,32.4
26,"email",11,8,19.5
34,"phone",9,3,56.8
51,"email",12,6,29.1
32,"in-person",8,4,45.8
71,"email",15,6,45.4
61,"email",7,4,46.7
72,"email",8,3,53.6
60,"phone",0,6,54
46,"phone",9,5,54.8
61,"phone",9,7,54.7
33,"in-person",14,5,39.1
48,"email",2,6,40.7
47,"web",13,3,40.6
49,"email",13,4,28.4
58,"email",7,10,31
19,"in-person",14,3,29.8
32,"email",4,3,32.3
66,"email",3,3,47.1
18,"phone",14,4,46.4
76,"in-person",0,6,66
74,"web",4,2,56.2
33,"web",7,7,46.1
30,"phone",10,3,39.9
34,"in-person",13,7,32.8
48,"email",6,8,25.5
55,"web",15,6,29.9
80,"phone",11,7,56.2
72,"email",4,9,31.8
33,"in-person",12,3,18.8
37,"phone",4,5,35.6
19,"in-person",11,9,31.6
19,"web",14,7,20.3
54,"phone",3,1,57.7
31,"phone",12,1,33.6
74,"web",13,1,61.8
69,"web",8,3,48.4
48,"email",14,3,30.8
79,"phone",0,3,57.4
66,"phone",1,3,55.4
36,"email",3,9,4.8
20,"phone",6,7,29
21,"phone",7,5,38.4
79,"email",7,2,47
72,"in-person",14,1,62.7
51,"email",14,7,25.3
54,"web",2,7,46
48,"email",10,8,34.5
55,"web",14,10,23
52,"in-person",13,3,54
74,"phone",7,8,49.7
24,"web",10,5,23.8
39,"email",11,10,13.9
41,"phone",4,6,47.5
42,"web",4,7,38.3
63,"email",14,7,33.2
37,"web",13,4,49.8
35,"email",5,10,22.2
67,"web",9,6,25.9
80,"in-person",7,10,48.5
18,"phone",15,8,34.4
64,"in-person",3,2,54.4
71,"web",0,8,37
36,"in-person",7,2,47.5
34,"phone",2,9,31.7
75,"web",11,8,34.4
65,"in-person",14,1,41.7
39,"web",6,3,37
62,"web",11,4,42.8
64,"email",12,1,55.9
63,"email",0,8,35.9
51,"phone",3,2,48
75,"email",6,1,51.4
22,"in-person",1,2,53.6
24,"phone",13,7,40.5
26,"in-person",13,3,51.4
55,"in-person",0,7,41.2
34,"web",15,3,56.9
60,"web",8,7,35.1
57,"phone",2,9,42.2
21,"phone",15,7,16.9
57,"in-person",12,8,30.4
36,"phone",4,10,41.9
49,"web",12,4,43.7
51,"email",0,6,32
32,"in-person",12,10,14.1
74,"web",0,3,51.2
19,"web",1,5,24.2
70,"in-person",8,5,49.2
24,"phone",14,5,43.4
44,"in-person",15,7,35.2
75,"web",3,5,54.4
48,"web",11,5,39.1
49,"web",13,8,32.4
45,"phone",14,10,37.9
23,"email",8,9,13
68,"web",11,9,34.6
59,"web",14,10,33.4
66,"in-person",3,4,72.2
55,"phone",4,5,36.8
19,"in-person",8,4,30.7
72,"email",12,5,44.6
72,"web",0,6,44.7
23,"phone",10,2,39.7
78,"in-person",5,9,30.6
32,"in-person",12,2,31.3
33,"in-person",11,3,29.2
38,"phone",5,8,31.7
38,"phone",3,3,39.9
71,"phone",3,7,51.9
32,"web",3,4,23.6
28,"email",15,4,38.3
40,"in-person",5,10,17
34,"web",15,3,28.8
63,"web",9,2,55.1
73,"email",12,3,47.9
19,"email",8,10,10.2
64,"in-person",1,10,40.9
42,"web",2,2,33
28,"phone",7,2,54.6
35,"email",7,1,29.1
23,"phone",10,5,30.5
30,"web",7,10,20.9
35,"web",13,7,35.2
41,"email",15,6,36.5
24,"web",11,1,42.9
37,"phone",13,4,49.2
65,"web",4,2,37.3
38,"web",8,10,26.9
47,"phone",13,6,47.6
27,"in-person",11,6,27
27,"in-person",6,4,41.5
22,"email",5,6,31.3
46,"web",10,5,28
50,"web",1,2,40.1
80,"phone",8,6,52.3
33,"phone",13,6,46.7
66,"in-person",1,8,46.8
76,"in-person",1,5,50.8
75,"web",11,2,64.8
78,"web",15,2,46
56,"in-person",3,6,44.2
67,"email",2,10,46.4
25,"in-person",5,9,18.5
64,"web",8,3,57.4
53,"phone",14,10,42.3
77,"phone",0,5,63.1
75,"web",15,7,37.7
68,"web",1,8,40.2
31,"email",3,2,38.1
55,"phone",6,8,48.7
25,"email",13,3,44.5
74,"phone",9,8,49.3
22,"in-person",11,3,34
18,"phone",9,1,43
72,"in-person",8,2,62.7
72,"email",8,3,50.7
49,"email",6,2,30
31,"email",5,6,21.8
66,"phone",6,3,63.4
18,"web",4,3,40.8
30,"phone",8,5,56
72,"in-person",3,5,62.3
68,"web",9,1,55.9
74,"phone",8,5,65.8
72,"web",13,7,42.4
74,"phone",9,4,50.8
45,"web",5,8,36
42,"web",0,3,58.5
65,"email",0,4,51
57,"in-person",4,8,35.6
51,"web",2,9,33.4
46,"web",14,1,48.1
71,"in-person",12,3,52.5
35,"email",1,9,30.9
28,"web",8,4,24.6
66,"web",8,2,40.2
76,"web",11,10,29.6
60,"phone",15,1,72.9
70,"phone",15,3,56.3
56,"phone",3,1,63.5
52,"web",14,3,37.2
38,"phone",9,7,42.2
65,"phone",11,5,65
31,"phone",3,6,35.5
24,"email",8,4,28.3
80,"web",12,8,41.8
38,"web",13,4,34.8
62,"phone",11,5,58.2
37,"web",15,2,34.3
34,"email",9,4,29.4
31,"email",1,9,17.4
66,"phone",10,9,51.3
43,"in-person",4,3,54.3
47,"in-person",3,5,51.1
58,"email",7,1,57.6
62,"phone",4,6,52.9
64,"web",13,10,12.6
28,"in-person",5,8,25.9
68,"email",11,1,54.4
52,"web",0,10,43
18,"email",4,9,18.3
37,"web",8,8,15.2
39,"phone",8,1,68.7
38,"web",8,3,40.4
48,"web",2,6,33.1
51,"in-person",0,1,44.6
77,"web",0,2,52.7
19,"email",9,4,25.8
64,"phone",8,8,43.2
70,"phone",3,9,41.4
29,"in-person",9,5,34.7
54,"phone",12,5,49.3
37,"in-person",1,5,34.7
57,"in-person",14,3,58.8
34,"web",11,5,23.6
48,"in-person",8,6,41.7
58,"web",11,6,39.9
21,"web",6,9,4.8
62,"phone",4,5,62.9
28,"web",6,2,44.6
67,"email",8,1,59.2
62,"phone",2,8,30
35,"in-person",9,5,32.9
77,"phone",15,9,49.9
36,"web",0,2,34.6
75,"web",6,7,48.1
76,"email",2,1,63.8
19,"phone",1,10,13.4
33,"web",4,1,28.1
29,"phone",10,9,23.3
37,"in-person",6,9,19.2
34,"email",6,5,24.7
47,"web",15,8,19.8
72,"email",7,5,45.9
49,"email",14,3,47.2
33,"in-person",6,7,34.8
58,"phone",10,8,40.7
55,"email",15,3,37.7
46,"in-person",12,10,18.6
25,"email",12,7,28.4
35,"in-person",0,4,22.9
19,"in-person",11,6,15
52,"email",12,5,32
19,"phone",7,3,39.3
20,"web",15,6,26.9
56,"email",14,1,59.4
58,"phone",15,8,40.2
62,"web",0,2,51.6
58,"phone",12,2,55
49,"email",4,9,37.3
33,"phone",6,5,47.9
23,"web",8,6,28.4
76,"in-person",1,8,40.4
37,"phone",7,10,20
67,"web",6,10,29.1
55,"email",14,10,31.2
76,"email",14,2,48.5
45,"email",7,10,26.3
40,"phone",0,9,24.1
34,"phone",10,9,19.7
20,"in-person",7,9,18.1
36,"email",14,2,43.7
57,"in-person",5,3,51.7
50,"in-person",9,3,44.5
71,"web",7,4,41.5
18,"phone",14,3,55.4
31,"web",15,4,13.9
32,"email",1,5,23.1
68,"in-person",11,6,50.1
29,"web",9,9,7.1
26,"web",11,4,22.1
73,"email",7,1,60.6
49,"in-person",9,4,49.5
75,"email",2,3,60.9
41,"email",12,6,16.9
56,"web",3,5,28.1
47,"phone",9,4,42.9
36,"email",14,6,24.4
33,"web",7,6,27.9
25,"email",10,9,13
26,"phone",15,8,36.7
20,"in-person",2,10,15.6
41,"phone",11,6,36.9
64,"email",6,7,25.2
59,"in-person",1,1,57.3
45,"phone",14,3,59.2
64,"web",15,8,36.5
52,"phone",12,3,53.7
45,"email",9,2,46.3
75,"email",3,4,45.2
44,"web",1,9,26.2
43,"in-person",15,9,36.3
44,"phone",12,8,46.1
48,"phone",0,2,49
67,"web",2,5,55.1
23,"in-person",7,1,53
38,"phone",11,3,47.3
64,"in-person",5,1,62.2
30,"phone",12,5,36.4
79,"phone",1,9,50.9
51,"in-person",10,3,42.7
58,"in-person",10,3,70.3
62,"web",0,2,41.5
21,"in-person",6,9,1.7
71,"in-person",12,7,68.8
63,"in-person",11,4,60.1
72,"phone",3,2,50.8
71,"in-person",10,1,71.1
36,"web",11,10,15.1
46,"email",6,5,34.1
63,"email",4,8,30.2
38,"web",9,8,22.8
24,"email",9,6,37.2
65,"in-person",8,3,53.9
49,"in-person",7,8,42.4
76,"phone",5,3,62.9
31,"email",9,7,26.6
35,"in-person",2,10,16.5
35,"email",14,10,24.6
47,"email",1,4,34.1
56,"email",10,5,40.4
79,"in-person",7,1,69.3
57,"web",1,7,43.5
18,"phone",1,7,35.1
23,"in-person",2,5,35
26,"in-person",3,5,40.1
29,"web",10,6,32.8
20,"web",15,6,11.9
25,"web",10,7,20.3
66,"email",12,3,49.1
43,"in-person",0,2,45.8
52,"in-person",9,5,50.4
18,"phone",9,8,12.7
57,"email",12,2,48.1
70,"phone",5,7,37
25,"phone",6,4,31.9
46,"in-person",11,1,54.1
75,"email",9,5,44.4
55,"web",13,1,47.4
21,"in-person",5,9,11.7
56,"web",8,8,31.2
79,"web",10,4,55.2
68,"phone",13,2,78.1
31,"phone",10,6,43.7
58,"email",8,4,50.2
48,"phone",2,9,24.3
57,"in-person",3,3,64.9
47,"web",13,7,29.3
76,"email",11,5,60.1
41,"phone",0,10,45.2
39,"in-person",1,6,19.9
33,"email",3,4,42.6
26,"web",9,10,15.2
32,"email",9,10,15.1
79,"in-person",13,6,55.2
76,"web",6,10,31.4
36,"phone",12,1,44.5
70,"email",1,4,43.3
78,"in-person",6,3,73.5
70,"email",14,5,45.1
66,"phone",0,8,50.7
55,"web",2,1,48.3
37,"web",9,6,31.1
30,"email",13,6,34.5
68,"email",14,1,51.9
30,"in-person",15,10,33
27,"in-person",13,3,39.7
56,"phone",15,3,60.1
47,"in-person",9,5,43.5
38,"in-person",10,1,54
25,"phone",4,4,29.6
46,"in-person",0,2,52.3
55,"in-person",9,10,38.7
69,"web",8,10,17.6
30,"email",12,2,48.8
53,"email",15,7,13.7
41,"in-person",8,5,47
71,"in-person",7,6,64.2
53,"in-person",14,5,39.8
53,"in-person",4,5,45.4
61,"email",4,10,31
79,"web",9,6,41
51,"email",2,1,39.6
21,"phone",8,1,55
41,"email",12,6,30.1
20,"web",9,6,25.5
49,"email",6,5,32.3
79,"email",10,10,48.4
57,"in-person",5,9,29.7
56,"phone",8,1,64
52,"in-person",6,9,17.7
40,"web",4,2,34.6
42,"email",1,10,19.6
71,"email",2,1,54.6
20,"in-person",13,7,38.6
75,"email",14,1,57.9
48,"web",12,10,32.1
66,"web",0,8,34.4
65,"in-person",6,3,68
79,"web",6,8,27.9
25,"email",11,7,23.7
79,"phone",7,5,53.3
27,"phone",8,5,30.9
57,"in-person",0,1,42.1
32,"email",14,5,47.9
58,"email",14,2,33.6
32,"web",13,10,23.9
24,"web",0,9,22.9
27,"email",7,4,34.3
79,"in-person",0,1,66.8
37,"web",15,3,26.5
24,"phone",6,10,20.6
57,"in-person",15,7,44
41,"web",11,10,25.6
24,"in-person",14,5,40.5
63,"web",12,8,28
76,"in-person",10,9,50
80,"web",2,8,19.4
52,"web",6,5,21.7
21,"web",13,10,10.3
62,"web",15,4,45.3
75,"in-person",0,3,53.3
76,"phone",10,7,49.1
42,"web",7,7,18.3
48,"in-person",8,5,50
51,"email",3,5,35.2
39,"in-person",13,1,50.4
52,"email",4,3,44.2
78,"phone",10,8,53.9
47,"web",7,6,52.8
65,"web",15,4,34.7
46,"email",13,5,30.8
31,"phone",10,3,64.6
29,"web",11,10,30.4
18,"email",4,3,24.8
41,"email",5,6,19.2
74,"in-person",7,5,56.1
28,"email",4,1,30.6
68,"email",7,6,50.5
49,"web",0,5,36
57,"web",8,6,35.9
24,"phone",11,10,20.2
36,"web",11,8,34.3
44,"web",10,7,12.3
44,"email",3,7,38.6
48,"phone",1,6,49.3
78,"phone",14,2,73.7
43,"in-person",4,6,37.1
39,"phone",1,9,42.3
25,"phone",13,5,39.9
27,"in-person",14,8,23.9
57,"phone",6,7,38.8
44,"email",12,3,33.6
41,"phone",3,9,35.4
33,"web",4,9,32.9
66,"phone",4,10,39.4
64,"phone",14,6,56
75,"in-person",6,6,49.7
46,"in-person",1,6,36.8
21,"email",15,5,22.5
72,"email",2,1,60
22,"email",5,2,27.5
64,"email",2,9,31.7
23,"in-person",4,4,24.9
43,"in-person",9,7,34.1
39,"email",11,9,26.1
25,"phone",11,5,43.3
60,"in-person",0,4,57.5
63,"in-person",11,10,46.9
70,"phone",9,4,61
46,"email",7,3,43.6
72,"in-person",9,6,46.4
32,"email",3,8,39.9
59,"in-person",9,6,30.3
80,"phone",6,2,72.5
33,"phone",12,10,22.2
79,"email",4,2,57.8
31,"phone",6,10,32.2
35,"email",8,8,11.2
54,"email",1,3,51.5
68,"email",1,7,38.4
29,"phone",10,3,46.5
37,"web",8,5,35.6
75,"web",12,8,38.8
67,"email",0,10,41.2
66,"web",9,5,45.9
47,"email",6,2,41.7
57,"phone",15,1,71.7
48,"in-person",8,5,41.4
66,"email",5,6,38.3
74,"email",2,4,45.4
48,"phone",6,2,54.4
72,"web",6,10,30.5
67,"email",11,6,50.2
59,"phone",10,3,51.7
46,"web",11,4,35.6
61,"in-person",5,4,59.1
37,"email",12,10,18.9
64,"email",2,8,37.7
51,"email",15,1,41.5
32,"web",0,5,33
41,"web",9,1,51.8
44,"email",14,2,44.5
63,"email",12,3,53.6
35,"web",1,9,13.6
53,"phone",4,7,35.4
41,"web",3,10,8.5
64,"phone",14,1,50
19,"phone",4,4,33.5
53,"web",4,9,28.9
40,"email",10,10,8.8
33,"web",9,7,31.9
44,"email",8,9,36.7
62,"email",4,6,49.5
33,"web",8,1,38.8
31,"phone",15,6,44.4
38,"in-person",6,9,20.2
28,"email",13,4,36.3
49,"email",9,10,17.6
79,"web",12,3,48.9
27,"phone",9,2,41.2
44,"email",4,1,34.6
35,"in-person",0,6,33.5
35,"email",7,3,32.3
69,"in-person",3,2,45
55,"web",10,4,45.5
52,"in-person",12,7,55.1
23,"in-person",0,6,28.3
21,"web",3,9,10.9
51,"in-person",2,9,36.7
50,"phone",4,2,64.2
24,"phone",9,10,20.3
25,"in-person",10,8,38.2
25,"in-person",5,6,38.8
28,"email",9,7,19.5
24,"in-person",8,8,21.4
62,"email",5,9,28.6
32,"in-person",13,8,33
54,"phone",3,8,51.4
66,"email",2,4,47.4
73,"phone",12,2,88.5
32,"email",13,3,43.8
62,"web",3,8,26.9
57,"email",10,3,38.4
80,"in-person",3,5,75.4
30,"email",7,5,20.1
26,"email",7,2,28.4
35,"web",12,4,46.5
29,"web",11,5,32.8
77,"phone",12,4,55.3
24,"email",11,10,14.8
22,"email",10,9,20
74,"web",6,6,44
46,"email",9,9,30.2
49,"in-person",0,2,53.9
21,"web",5,5,20.7
21,"web",14,4,27
18,"in-person",10,9,13.6
77,"in-person",14,5,52.5
19,"in-person",0,10,20.3
63,"web",11,3,44.6
54,"email",3,4,38.1
43,"in-person",14,9,17.8
51,"in-person",3,6,40.5
78,"in-person",6,3,51.9
80,"email",14,2,53.8
59,"web",0,4,35.9
36,"phone",4,3,38.3
78,"phone",15,2,72.1
52,"phone",7,9,45.3
41,"web",13,3,57.9
76,"web",0,7,44.5
63,"in-person",10,2,57.6
44,"phone",6,10,35.1
56,"phone",2,2,61.4
19,"phone",8,1,38.8
37,"web",1,6,21.9
60,"in-person",6,7,52.8
76,"in-person",1,2,53
66,"phone",11,5,64.6
71,"web",2,3,52.8
74,"web",2,9,37.1
21,"web",2,8,24
26,"in-person",6,8,20.3
73,"phone",4,9,35.2
25,"phone",7,4,47.6
56,"web",7,10,23.6
22,"in-person",1,10,28.6
50,"web",8,8,35.6
23,"in-person",7,5,38.6
29,"phone",6,8,28.5
46,"email",8,7,37
73,"email",8,2,53.8
44,"phone",13,4,67.5
18,"phone",2,5,43.7
54,"in-person",6,5,66.4
31,"in-person",11,10,29.2
58,"phone",2,9,39.5
71,"web",3,1,52.7
39,"email",0,10,12.8
76,"in-person",7,5,56.9
51,"in-person",0,4,40.9
38,"web",0,1,48.2
68,"phone",2,7,54.8
50,"in-person",0,7,34.1
36,"web",15,2,43.4
80,"email",7,5,40.8
19,"email",11,9,10.3
39,"in-person",2,1,47.2
36,"email",12,9,23.1
67,"email",7,2,43.8
59,"web",4,9,30.4
40,"web",4,7,19.8
34,"in-person",7,10,42.6
77,"email",14,3,66.5
79,"phone",3,10,59.4
60,"in-person",1,6,56.9
21,"email",13,3,28.7
41,"in-person",10,7,41.1
31,"web",5,8,34.6
37,"in-person",4,7,30.6
68,"phone",5,3,75.7
52,"web",15,8,34.3
71,"phone",13,7,50.6
40,"web",15,4,28.8
24,"phone",9,6,29.3
66,"email",3,7,32.8
58,"email",12,3,53.1
19,"web",8,2,36.4
66,"email",13,5,46.4
53,"web",7,2,58
68,"in-person",8,9,41.6
55,"phone",4,10,51.3
62,"email",15,10,37.2
42,"web",11,2,52
21,"email",1,2,23.7
66,"phone",10,6,60.7
60,"email",13,1,59.1
30,"web",8,4,19.4
42,"phone",2,6,55.9
71,"in-person",0,6,45.6
59,"phone",14,5,34.3
58,"web",5,7,34
34,"in-person",3,5,59.9
38,"email",3,5,31.3
56,"email",3,4,41.1
76,"web",4,9,47.4
60,"in-person",1,9,40.9
58,"web",5,9,26.3
66,"web",11,3,53.8
79,"email",9,9,37
46,"in-person",14,8,40.6
20,"web",2,1,33.1
22,"in-person",5,3,41.1
76,"phone",15,6,51.9
75,"web",10,6,28.5
44,"phone",7,10,40.4
43,"in-person",2,3,51
57,"email",9,6,35.5
47,"phone",1,1,57.1
22,"email",14,3,26.5
40,"web",8,4,40
62,"phone",13,10,43.9
46,"in-person",7,10,31.1
24,"in-person",2,2,39.2
26,"web",5,5,40.3
53,"email",12,8,33.5
60,"web",13,1,55.5
23,"phone",13,10,29.6
66,"phone",14,7,54.5
54,"web",15,8,25.9
42,"email",4,7,25.3
52,"in-person",7,5,28.5
45,"in-person",13,2,42.6
62,"email",0,4,37.2
68,"email",14,2,59
46,"email",1,6,37.4
64,"phone",13,1,64.1
39,"in-person",15,7,29.9
57,"phone",3,10,32.1
38,"in-person",8,5,26.9
63,"in-person",12,5,54.6
32,"phone",7,10,28.5
67,"in-person",7,6,57
32,"in-person",8,3,34.1
36,"email",13,7,30.4
32,"email",9,3,38.8
55,"web",15,3,50.7
73,"in-person",7,3,58.5
36,"web",1,6,19.9
79,"web",15,3,60.2
24,"in-person",2,9,18.5
28,"email",0,2,38
74,"email",7,9,23.1
46,"in-person",13,1,52.6
53,"email",2,4,58
32,"email",11,3,30
48,"in-person",9,2,52.6
21,"phone",14,5,35.2
34,"web",1,5,40.7
66,"email",12,4,52.5
59,"phone",13,7,48.2
65,"web",6,3,49
49,"phone",7,4,58.3
73,"in-person",15,6,29.8
32,"email",9,8,8.6
28,"phone",7,1,29.9
33,"in-person",8,4,25.2
70,"phone",5,6,50.5
23,"phone",10,4,39.9
67,"phone",7,10,60.8
52,"email",14,8,48.8
28,"web",2,3,29.5
74,"email",12,8,47.1
69,"web",2,4,45.5
41,"in-person",10,4,47.5
42,"email",15,8,14
21,"web",4,2,40.5
75,"in-person",3,3,58.1
29,"web",1,10,11
44,"web",9,10,17.1
76,"in-person",0,5,60.3
63,"in-person",12,1,59.6
40,"in-person",12,8,43.2
30,"email",1,2,28.8
20,"phone",13,6,47
59,"in-person",15,3,51.7
62,"email",4,1,44.9
44,"phone",2,4,57.8
31,"web",9,5,26
71,"in-person",15,10,34.8
67,"email",10,9,25.5
43,"phone",15,9,36.4
30,"in-person",11,7,23.5
47,"web",6,4,32.8
28,"web",15,2,23.9
24,"phone",8,2,50.4
67,"email",3,3,46
49,"phone",3,2,53.6
66,"web",1,6,34.5
44,"in-person",11,5,45.4
33,"web",6,4,43.9
26,"web",11,4,39.2
61,"email",0,7,28.5
21,"email",13,3,30.1
67,"phone",13,9,56.9
60,"in-person",15,1,62.3
59,"email",6,1,63.4
44,"phone",9,4,57.8
77,"phone",0,3,62.4
42,"web",7,1,45.1
21,"web",5,1,30.1
40,"email",14,4,38
39,"in-person",10,2,41
78,"email",10,4,36.7
33,"in-person",0,8,32.4
31,"web",8,8,12.1
69,"in-person",1,10,31.7
25,"in-person",12,7,34.5
29,"web",5,4,29.7
79,"phone",6,6,74.4
67,"email",2,10,38
72,"in-person",12,7,57.4
70,"web",3,3,46.3
53,"email",4,7,37.2
40,"in-person",3,2,48.7
34,"web",6,5,20.4
34,"in-person",9,2,49.9
44,"web",5,8,24.5
46,"email",15,5,30.4
29,"web",0,9,24.3
74,"email",3,7,37.3
59,"web",7,5,31.9
53,"in-person",5,1,53.3
66,"email",12,10,46.3
40,"phone",5,2,69.2
75,"web",15,2,52.8
66,"web",6,9,37.3
21,"web",2,5,29.7
23,"in-person",8,5,37.6
61,"phone",11,3,42.6
72,"web",8,10,38.5
74,"web",1,5,44.7
28,"web",3,7,18.9
63,"in-person",12,6,40.8
47,"email",14,7,31.7
77,"in-person",6,8,53.4
19,"phone",15,8,41
43,"email",6,9,16.2
21,"phone",15,10,19
25,"in-person",12,7,28.7
28,"email",12,8,23.1
67,"email",5,5,49.7
26,"email",2,9,18.8
60,"in-person",0,8,36.4
41,"in-person",14,5,40.4
34,"email",0,3,25.3
66,"web",1,9,23.4
61,"phone",3,5,55.9
48,"in-person",5,4,40.4
64,"in-person",14,5,42.2
63,"web",9,8,40.1
30,"web",1,5,37.3
43,"email",9,10,28.1
23,"email",12,3,22.1
58,"phone",9,7,59.3
43,"email",0,2,42.7
50,"in-person",10,9,32.5
68,"in-person",1,5,47.1
56,"web",9,5,32.1
24,"email",3,4,28.4
39,"in-person",14,1,39.8
23,"in-person",8,3,47.7
54,"email",1,7,37
32,"web",11,10,13
65,"phone",5,2,69.8
24,"phone",0,8,29
58,"phone",8,1,61.3
72,"web",6,7,44.9
54,"email",2,1,50
20,"phone",2,4,69.3
76,"email",1,9,34.9
80,"email",3,7,33
72,"email",12,6,58.1
29,"email",10,6,21.6
71,"phone",12,2,58.2
18,"in-person",6,3,30.1
48,"web",4,7,20.1
36,"phone",1,3,42.1
22,"email",7,4,37.6
46,"web",3,7,27.6
27,"phone",11,2,47.7
64,"email",13,10,33.7
50,"in-person",5,8,51.2
34,"phone",4,1,54.6
56,"email",2,8,32.4
56,"email",5,4,36.9
62,"phone",5,6,60.6
52,"in-person",13,2,42.9
65,"web",3,2,48.3
58,"in-person",7,5,48.4
61,"email",13,2,40.9
79,"phone",13,6,52.2
33,"phone",13,3,50.9
32,"in-person",13,4,35.4
37,"email",12,2,37.3
21,"web",11,8,22
30,"email",6,3,5.2
30,"phone",14,8,37.3
66,"phone",15,4,52.3
48,"in-person",2,6,44.1
55,"web",14,1,64
34,"phone",12,5,31
52,"in-person",7,2,38.2
22,"email",6,1,40.7
18,"in-person",4,5,26.4
58,"web",4,4,55.6
67,"email",3,1,47.3
21,"phone",2,3,43.4
36,"web",1,3,38.3
70,"in-person",6,1,63.8
18,"in-person",1,1,42.7
19,"phone",9,6,31.9
34,"in-person",12,4,37.4
22,"in-person",5,1,48.5
61,"phone",2,1,57.6
38,"web",4,1,51.7
45,"phone",0,10,17.3
30,"phone",0,1,53.7
62,"in-person",7,2,60.7
20,"email",6,10,13
34,"web",9,7,20.6
67,"in-person",11,2,61.7
77,"in-person",4,3,62.5
68,"in-person",10,4,55.6
59,"web",15,8,17.9
21,"in-person",8,10,24.5
77,"phone",14,5,56.4
19,"phone",6,3,40.1
52,"email",1,7,29.5
69,"web",9,4,46.9
76,"web",6,7,40.1
55,"in-person",4,7,34
23,"phone",11,4,33.2
53,"phone",12,3,50.7
56,"phone",8,8,38.1
63,"web",3,5,46.8
76,"email",0,10,44.6
56,"in-person",15,4,50.9
53,"web",13,8,20.6
61,"in-person",2,10,37.5
70,"email",14,1,52.2
32,"in-person",2,2,47.7
34,"in-person",12,7,40.4
48,"phone",6,8,34.4
60,"in-person",3,1,52.8
50,"phone",12,1,53.6
52,"web",10,2,39.7
19,"web",3,1,27.7
29,"phone",5,6,26.6
31,"in-person",2,2,49.2
31,"web",10,4,40.3
66,"email",7,9,49.9
32,"in-person",11,1,53
26,"phone",14,3,37.4
43,"in-person",5,9,30.6
55,"phone",3,2,45.8
68,"email",8,1,58.1
53,"in-person",0,4,43.2
40,"web",8,7,38.5
61,"web",12,6,43.6
19,"in-person",1,2,29.5
24,"phone",1,10,32.3
54,"in-person",1,2,56.4
25,"web",1,5,12.6
47,"web",10,1,43.2
78,"phone",3,6,65.9
72,"web",4,2,53.7
22,"in-person",4,9,11.1
48,"web",8,8,23.6
26,"phone",5,3,49.4
33,"phone",8,7,27.6
32,"in-person",14,8,31.7
34,"web",7,9,23.5
23,"email",7,8,18.2
20,"in-person",8,4,31.2
30,"web",10,1,37.6
50,"email",2,10,32.5
31,"phone",14,4,32.7
56,"in-person",9,6,38.6
48,"email",6,9,26.4
29,"web",14,3,37
46,"email",5,6,47.3
38,"phone",8,8,33.1
18,"email",2,6,27.4
68,"in-person",10,1,61.7
67,"phone",8,8,38.9
20,"in-person",10,2,41.9
69,"phone",2,8,61.9
58,"phone",6,9,32.8
60,"email",0,3,45.2
42,"in-person",15,4,38.7
59,"email",4,8,27.4
77,"in-person",14,7,34.2
76,"in-person",2,8,38.1
36,"email",13,10,23.2
31,"web",4,10,11.2
80,"in-person",10,2,56.5
45,"in-person",6,2,49.4
53,"in-person",8,5,55.4
67,"phone",6,1,46.6
49,"email",11,6,11
37,"phone",2,8,33.8
44,"in-person",15,6,41.4
30,"phone",15,4,35.3
40,"phone",13,1,59.2
69,"in-person",1,3,49.9
69,"in-person",12,2,67.2
62,"in-person",14,8,31.5
79,"email",5,5,47
56,"in-person",11,5,49.6
67,"in-person",12,9,44.9
43,"web",14,9,19.3
26,"in-person",0,9,3.1
65,"web",14,8,46.2
48,"web",12,5,36.6
46,"web",11,1,51
33,"email",6,2,32.2
48,"web",0,8,46.8
77,"phone",11,8,27.7
40,"phone",5,1,47.7
58,"email",1,6,43.7
24,"in-person",15,4,39.2
75,"email",14,7,40.4
75,"email",9,9,38.1
54,"email",8,8,36.9
64,"phone",14,8,48.2
68,"email",13,10,25.2
76,"phone",5,4,59.9
33,"phone",6,10,40.9
47,"in-person",11,1,54.3
75,"email",1,6,61.5
57,"phone",0,7,47
24,"email",12,7,25.1
29,"in-person",1,8,34.8
52,"web",8,8,28.4
29,"phone",9,4,31.9
22,"in-person",8,9,27.2
74,"in-person",11,9,39.2
34,"phone",15,1,47.5
35,"email",10,7,25.2
37,"email",5,10,23.7
27,"web",8,9,15.9
20,"email",1,9,21.7
50,"email",4,3,42.9
38,"in-person",1,9,24.4
48,"in-person",7,3,47.9
26,"in-person",4,1,43.2
26,"email",8,2,44.9
64,"in-person",4,7,39.9
34,"email",15,8,13.8
41,"web",4,7,33.9
41,"email",12,9,37.7
18,"phone",10,6,45.1
75,"phone",14,10,40.2
45,"email",3,9,23.8
75,"email",10,10,39.1
44,"in-person",14,10,17.6
32,"phone",15,10,24.2
48,"email",9,10,17.4
25,"phone",6,9,29.2
21,"in-person",0,9,15.8
34,"email",7,9,7.1
42,"email",10,3,33.6
68,"email",15,2,45.4
29,"in-person",8,1,48.8
63,"phone",9,5,60.8
25,"email",15,9,24
63,"in-person",13,3,63.7
75,"in-person",8,1,68.5
68,"email",12,4,65.2
25,"email",0,9,26.2
23,"web",5,9,29.1
28,"email",0,5,26.4
51,"phone",6,9,43.6
79,"in-person",10,9,48.6
79,"email",9,6,48.4
50,"in-person",9,6,56.2
47,"web",0,9,21.1
59,"email",0,3,34.8
52,"web",1,8,23.4
78,"web",13,5,33.8
26,"email",8,8,24.4
27,"in-person",12,7,20.7
37,"email",8,5,32.1
19,"web",14,10,2.3
43,"in-person",9,4,47.8
31,"in-person",5,1,41.7
69,"phone",2,10,51.2
68,"email",2,9,35.3
80,"email",8,5,45.5
45,"phone",9,7,46.5
42,"web",5,5,13.4
38,"web",13,7,33.5
40,"web",4,1,42.4
69,"web",5,7,44.7
20,"in-person",12,6,28
41,"in-person",14,9,25.6
78,"phone",6,1,78
43,"web",3,5,25.1
21,"email",1,1,37.9
57,"in-person",0,2,45.6
26,"phone",10,6,49.8
47,"email",4,10,31.6
33,"in-person",15,4,38.8
77,"web",4,9,39.4
63,"in-person",14,8,29.9
34,"email",15,8,28.2
46,"in-person",12,3,47.8
57,"phone",2,8,49
31,"in-person",15,5,53
42,"phone",12,6,48.5
50,"email",13,5,28.6
77,"email",0,4,57.8
19,"phone",11,8,20
59,"in-person",7,2,62
38,"email",3,9,14
69,"phone",2,3,72.5
51,"in-person",14,7,33.2
42,"web",12,8,46.5
52,"web",1,2,48
35,"web",5,4,47.4
72,"in-person",9,1,64.5
43,"in-person",3,6,40.9
30,"email",13,6,32
34,"in-person",15,3,39.6
42,"phone",0,5,53.5
67,"email",1,4,45.1
59,"in-person",9,1,59.4
76,"web",5,4,55
64,"phone",10,7,50.6
31,"web",4,1,47.2
51,"web",12,10,23.2
26,"in-person",7,7,19.4
52,"email",15,8,24.7
61,"in-person",4,9,18.3
31,"web",3,2,34.6
73,"email",2,3,50.9
24,"in-person",2,5,32.1
62,"email",12,7,46.6
63,"phone",10,4,49.6
63,"web",12,5,57.7
37,"email",10,3,45.8
60,"web",2,5,32.3
39,"web",15,9,17.2
36,"phone",1,4,52.5
79,"phone",11,10,44.5
24,"web",7,7,13.1
57,"in-person",1,8,33.4
39,"email",7,7,25.3
40,"email",9,6,19.8
33,"phone",5,3,46.1
39,"email",10,10,21.1
71,"in-person",1,4,49.6
74,"email",13,2,61.8
33,"email",5,9,19.6
51,"in-person",7,7,43.5
25,"email",3,5,18.2
22,"web",9,5,26
68,"email",12,6,34.1
35,"phone",12,1,57.8
39,"phone",5,10,37
47,"in-person",0,2,41.8
50,"in-person",11,4,40.4
49,"in-person",14,7,31.4
34,"web",8,1,39.3
54,"phone",9,6,60.1
79,"in-person",11,3,59.6
45,"in-person",7,7,38.2
49,"phone",3,8,34.3
27,"email",14,9,14.1
67,"web",13,1,57.5
63,"email",10,5,40.9
63,"email",3,6,38.1
21,"in-person",11,2,36.4
24,"email",14,3,11.2
73,"phone",6,9,42.3
56,"web",6,4,39.7
28,"email",6,5,29.5
30,"phone",5,6,28.9
18,"email",4,8,23.5
25,"in-person",0,8,7.7
20,"web",4,5,40.5
68,"in-person",0,8,21.2
23,"in-person",8,9,17
24,"in-person",9,8,37.6
61,"in-person",1,10,26.8
69,"phone",13,8,42
55,"web",11,10,28.9
55,"in-person",5,1,50.5
66,"email",3,1,57.3
32,"phone",2,8,42.1
62,"phone",13,10,43.1
30,"web",0,10,30.3
61,"email",12,6,36.3
45,"email",0,3,43.9
36,"phone",15,8,34
53,"phone",13,5,45.2
21,"in-person",9,1,48.7
48,"phone",3,8,43.8
78,"web",7,10,34.7
72,"phone",8,6,66.2
67,"email",0,1,52.8
47,"web",2,7,19.9
48,"in-person",8,7,47.4
67,"in-person",13,8,32.9
80,"phone",5,7,49.1
69,"web",10,8,33.4
36,"phone",5,5,36.9
48,"email",3,8,32.1
78,"web",9,10,41.9
50,"in-person",4,4,42.9
27,"phone",15,2,44.5
40,"email",1,1,49
51,"web",13,10,24.1
33,"phone",7,10,39.6
65,"phone",11,6,51.2
52,"web",15,7,31.2
47,"phone",4,8,39.1
79,"phone",4,1,71.5
43,"email",7,8,20.6
74,"email",7,10,43
68,"in-person",6,7,39.1
60,"phone",10,3,72.4
47,"web",0,9,23.2
23,"phone",5,6,36.9
78,"web",0,3,37.8
23,"phone",9,10,23.1
27,"phone",13,5,39.1
47,"phone",6,1,56.2
21,"phone",11,2,43.6
80,"web",5,1,53.1
43,"phone",11,7,49.7
28,"web",6,6,27.8
28,"in-person",14,6,41.8
66,"web",2,7,58.5
75,"phone",2,10,48.3
68,"phone",8,2,70.1
72,"in-person",2,9,53.1
19,"phone",4,9,33.3
36,"email",14,2,42.9
77,"email",10,2,54.6
75,"web",5,4,45.1
79,"phone",13,5,59.2
78,"email",11,9,41.2
70,"email",5,2,48
43,"web",1,6,23.9
53,"email",13,6,50.1
76,"phone",7,9,45.9
79,"email",2,1,64.8
28,"in-person",5,3,43.8
62,"email",2,3,50.8
44,"web",1,9,28.5
36,"in-person",5,5,18
50,"in-person",13,4,28
72,"phone",3,10,45.6
67,"web",15,6,38.4
47,"email",10,1,48.9
61,"web",6,2,46.3
80,"in-person",4,2,58.2
18,"phone",4,6,38.6
34,"email",8,1,42.9
67,"web",8,5,54
74,"web",13,9,31.8
22,"email",15,7,24
23,"phone",10,3,41.5
41,"in-person",9,6,35.1
63,"web",3,10,41.8
42,"in-person",7,2,39.8
73,"phone",11,1,73.2
24,"phone",11,5,52.2
32,"web",3,7,34.1
80,"in-person",7,7,43.9
77,"phone",10,7,67.2
18,"web",11,3,40.7
56,"web",1,10,24.7
44,"in-person",13,3,38.6
56,"email",6,2,51
71,"phone",14,3,76.7
74,"in-person",4,8,43.1
75,"in-person",8,6,61.7
29,"in-person",7,3,42.2
31,"phone",14,3,49.7
19,"email",6,1,34.2
54,"email",10,10,35.7
19,"in-person",7,2,33.3
52,"phone",5,1,41.9
45,"web",14,5,34.3
52,"web",14,7,30.2
28,"phone",14,3,38.8
21,"in-person",1,6,31.5
63,"in-person",0,1,53.5
47,"phone",5,8,31.6
60,"web",14,2,58.3
36,"web",10,8,30
25,"in-person",6,10,21.6
33,"phone",12,9,31.5
76,"email",4,4,48
37,"in-person",3,3,47.3
71,"in-person",10,2,54.8
71,"email",2,5,41.5
52,"email",11,6,33.5
41,"web",7,10,19.2
31,"phone",13,6,26.3
46,"email",15,2,41.5
43,"web",2,3,34.2
36,"phone",14,3,51.7
47,"email",15,7,23.8
69,"phone",0,10,56.7
68,"in-person",11,1,62.7
40,"email",12,6,19.5
34,"in-person",9,2,41.4
39,"email",15,5,36.6
32,"web",10,1,34.1
49,"in-person",9,2,54
24,"web",11,6,30
67,"phone",9,1,79.3
54,"web",11,8,44
25,"in-person",15,2,52.8
66,"phone",11,5,51.4
19,"web",15,9,14.5
43,"email",10,3,49.4
31,"web",3,2,25
46,"web",8,5,48.9
38,"phone",10,7,41.4
53,"web",13,1,34.2
64,"in-person",13,1,53
62,"email",1,10,26.6
62,"phone",7,10,50.8
55,"web",12,4,58.1
43,"web",5,5,35.1
69,"email",7,5,49.9
41,"email",7,3,34.6
30,"email",9,9,29.5
41,"in-person",0,10,24.1
80,"in-person",2,9,64.9
56,"web",8,1,45.4
31,"email",1,10,17.7
22,"in-person",8,5,37.3
31,"in-person",14,2,39.2
52,"in-person",11,5,32.3
23,"phone",0,10,30.4
63,"in-person",9,10,36.7
29,"phone",12,8,29
70,"email",12,8,36.5
57,"email",0,5,58.9
61,"web",13,3,39.9
59,"web",0,8,29.8
29,"web",12,9,22.1
70,"web",14,7,49.1
59,"web",1,6,32.9
56,"email",2,10,32.4
76,"in-person",0,10,36.2
55,"phone",10,7,45
40,"phone",9,4,52.9
61,"phone",6,1,65.7
27,"phone",5,7,35.4
38,"web",11,3,40.4
41,"phone",7,6,26.4
54,"web",11,4,37.6
80,"phone",15,2,64.9
66,"web",1,1,53.5
50,"web",6,6,40.5
41,"in-person",7,2,57.9
76,"email",13,2,65.4
21,"email",15,1,43.1
51,"web",1,7,29.8
38,"email",3,5,22.1
38,"email",0,4,31.1
75,"email",12,10,29
69,"phone",3,6,55.7
65,"web",7,8,23.4
61,"web",15,5,38.6
55,"email",15,10,15.2
74,"email",5,6,46
53,"email",12,3,41
23,"in-person",2,7,19.8
48,"in-person",5,10,37.1
41,"web",1,4,30.5
38,"email",12,9,6.7
68,"web",11,3,37.5
35,"email",7,10,30.2
67,"in-person",7,10,21.8
32,"email",2,6,26.4
75,"in-person",1,3,80.7
64,"phone",12,4,52.8
18,"web",3,10,11.4
76,"phone",2,6,59.1
64,"email",12,7,41.9
32,"web",14,1,43.8
43,"phone",14,5,50.6
78,"phone",11,8,36.3
67,"web",8,6,26.5
19,"in-person",5,2,45.8
54,"web",8,10,36.4
76,"in-person",0,9,51.5
21,"email",4,8,9.2
35,"web",10,1,49.5
46,"phone",0,10,26.2
33,"in-person",2,9,25.8
43,"web",9,4,37.2
30,"web",1,7,20.9
56,"phone",6,8,59.4
23,"phone",10,5,47.1
73,"email",8,2,60.4
80,"web",12,9,38.7
77,"phone",11,10,54
29,"web",1,1,34.7
63,"phone",6,9,48.9
75,"web",9,10,34.9
31,"in-person",8,9,27.6
32,"in-person",3,4,34.3
54,"in-person",12,4,55
63,"web",11,5,35.2
19,"phone",13,7,28.8
28,"email",11,7,18.5
28,"web",10,4,24.3
43,"web",10,6,36
43,"email",13,3,33.2
19,"phone",14,2,48.2
76,"email",14,3,64.9
70,"email",15,5,29.8
60,"web",15,8,43
22,"phone",9,1,44.8
23,"email",1,3,21.2
61,"email",14,7,36.6
72,"phone",15,10,41.5
41,"in-person",9,9,39.9
58,"web",4,1,56.8
31,"in-person",8,6,21.2
61,"web",0,5,56.1
20,"web",10,1,49.6
29,"phone",1,8,39.5
42,"in-person",10,4,36.8
41,"email",2,4,37
44,"email",2,8,22.3
51,"in-person",4,3,61.1
30,"phone",6,4,51.1
70,"web",0,9,29.3
47,"web",9,6,25.7
60,"in-person",1,6,46.8
51,"web",7,2,38.2
62,"email",4,2,40.1
22,"in-person",3,4,40.9
43,"email",13,10,19
58,"in-person",3,9,33.6
58,"email",0,1,58.9
37,"in-person",10,3,29.4
61,"email",14,7,32.8
42,"phone",2,6,34.6
32,"email",8,4,26.9
49,"email",3,6,48.8
66,"in-person",8,6,51.3
23,"phone",10,1,36.1
52,"phone",14,4,64.2
77,"web",8,1,54
28,"in-person",1,7,33.1
57,"email",8,9,11.5
66,"web",14,1,49.7
39,"phone",7,7,23.6
28,"web",6,9,8.7
22,"web",1,8,28.8
35,"email",6,8,18
27,"in-person",1,2,44.6
57,"phone",10,2,54.3
70,"in-person",10,4,61.7
26,"phone",4,9,18.7
18,"phone",7,7,38.5
37,"web",11,7,41.4
37,"phone",2,8,41.6
79,"phone",0,7,70.7
19,"email",8,4,28.7
55,"in-person",13,10,20.8
46,"web",3,7,23.9
54,"phone",12,3,72.4
71,"phone",7,9,62.7
71,"phone",1,10,55.2
79,"email",14,2,45.2
66,"phone",14,8,63.5
67,"web",14,1,41.8
79,"phone",9,5,56.5
28,"phone",1,8,25.5
53,"phone",5,10,33.5
69,"phone",14,6,53.5
47,"web",7,2,46
37,"email",12,4,40.2
57,"in-person",5,10,27.7
40,"phone",3,4,54.5
79,"in-person",10,1,63.8
80,"email",0,5,50.1
29,"phone",4,8,53
65,"in-person",3,1,89.1
34,"email",3,5,50
62,"in-person",4,3,40.3
59,"phone",7,2,48.2
72,"phone",5,2,77.1
41,"in-person",1,2,43.9
21,"web",14,10,6.4
23,"in-person",3,9,29.7
73,"in-person",14,1,72.1
58,"web",5,9,41.5
76,"web",1,1,59
74,"email",3,1,55.4
50,"in-person",10,5,35.7
36,"phone",10,6,34.4
51,"phone",8,9,37.3
23,"email",8,4,17.7
57,"in-person",9,10,29.3
19,"in-person",14,8,1
41,"in-person",0,8,23.2
51,"phone",6,10,26.3
72,"email",4,7,54.1
26,"web",0,3,40.2
46,"email",2,3,44.5
43,"email",7,9,24.7
28,"in-person",2,1,52.4
23,"email",5,5,25
50,"web",13,6,40.5
22,"email",13,8,21.3
78,"phone",10,4,79.7
65,"in-person",12,9,36.2
71,"web",3,7,53.4
64,"web",3,6,42.5
40,"web",4,7,13.6
62,"web",11,10,27.6
79,"in-person",10,2,62.7
37,"email",13,9,17
37,"phone",3,5,62.7
68,"web",5,1,55.1
40,"web",4,7,29.1
59,"web",5,9,44.7
38,"phone",1,8,31.8
75,"web",2,1,60.2
52,"phone",12,4,60
18,"web",5,1,28.1
29,"phone",7,1,51.3
30,"email",9,6,21.9
68,"web",9,2,58.8
51,"in-person",10,4,50.5
38,"email",8,6,26.2
72,"in-person",10,7,37.5
50,"in-person",10,1,41.2
41,"in-person",14,2,44.8
19,"web",9,9,22
23,"in-person",6,4,34.9
42,"web",15,1,33.6
20,"phone",13,5,39.2
30,"web",13,6,20.5
49,"in-person",1,2,42.6
29,"phone",2,10,28.7
56,"web",15,3,55.6
63,"in-person",6,1,63.5
26,"email",14,5,28.8
44,"email",8,4,49
72,"email",2,10,36.5
60,"email",6,4,43.1
47,"web",2,5,36.2
49,"phone",11,1,65.3
68,"phone",1,6,51.6
68,"in-person",8,2,60.9
73,"email",4,9,32.7
27,"email",6,2,32.4
31,"email",7,2,38.1
72,"in-person",2,8,39.8
73,"email",14,7,57.7
78,"in-person",3,3,53.8
76,"phone",10,3,67.9
30,"in-person",6,3,33.2
26,"email",3,9,6.4
77,"in-person",1,10,50.5
70,"phone",6,5,62
24,"email",9,9,14.3
38,"email",14,4,47.6
31,"phone",14,7,32.2
45,"email",8,6,35.3
77,"web",2,3,52.7
68,"email",5,5,34
75,"web",7,9,40.1
48,"in-person",12,9,37.2
75,"in-person",8,8,58.9
68,"in-person",0,9,20.9
57,"web",3,8,39.1
50,"web",5,5,47.4
80,"web",1,7,51.2
77,"web",10,1,59.2
80,"in-person",3,5,68.5
22,"phone",10,4,35.3
68,"phone",12,2,51.7
44,"phone",5,2,59.5
73,"email",4,3,59.9
68,"in-person",10,8,46
63,"web",15,1,39.9
28,"in-person",3,1,51.5
49,"phone",9,7,49.4
61,"in-person",11,1,48.7
63,"email",7,1,60.2
61,"phone",8,9,47.1
30,"phone",0,2,49.1
68,"in-person",13,2,70.1
55,"email",14,10,26.5
39,"web",14,9,16.3
68,"phone",2,2,68.4
73,"email",15,8,35.7
77,"web",9,6,52.6
30,"email",0,4,19.7
63,"in-person",12,10,34.3
61,"web",15,7,34.7
43,"web",8,3,34.8
66,"phone",15,10,51.1
45,"phone",10,8,41.8
73,"in-person",2,5,50.1
65,"web",14,5,29.8
63,"in-person",0,8,37.9
65,"email",12,4,56.1
74,"web",8,2,47.6
33,"email",14,4,39
47,"email",6,7,36.4
32,"in-person",14,4,31.8
64,"web",14,4,40.6
22,"phone",7,4,52.6
62,"phone",2,9,55.3
58,"web",9,7,38.6
72,"in-person",6,4,50.3
32,"phone",2,2,52.3
54,"email",12,4,45.6
63,"in-person",11,8,47.9
24,"email",14,5,40.7
50,"in-person",9,7,39.6
28,"phone",9,4,49.5
52,"email",10,2,53.4
24,"email",5,6,31.7
74,"in-person",14,1,59.3
26,"web",10,8,10.9
70,"web",9,5,65.6
40,"in-person",2,3,45.2
31,"email",2,6,27.1
25,"email",13,3,24.3
50,"phone",7,3,54.7
31,"in-person",12,10,12.9
35,"web",3,1,37
75,"in-person",5,1,62.2
19,"web",7,2,39.2
30,"email",6,3,34.9
78,"phone",14,8,45.8
25,"phone",8,9,25.8
79,"email",7,3,64.2
63,"email",11,2,66.4
80,"phone",1,2,76.6
20,"email",7,1,36.8
73,"web",12,10,34
21,"email",4,5,28.1
49,"phone",5,1,48.9
50,"in-person",15,6,29.5
58,"phone",0,5,57.3
32,"phone",2,4,52.6
57,"email",13,4,39.3
80,"web",13,10,27.3
49,"email",4,6,49.6
47,"in-person",13,2,44.9
27,"web",4,2,32.6
78,"in-person",7,6,59
65,"email",5,7,48.5
75,"email",10,4,56.5
60,"phone",10,8,50.2
32,"email",8,3,27
23,"phone",6,3,49.9
67,"email",11,1,53.1
78,"email",10,3,53.2
27,"in-person",5,8,28.1
72,"email",11,6,47.1
71,"in-person",14,2,67.9
26,"email",15,4,22.1
68,"web",2,4,43
68,"email",11,4,53
26,"phone",5,3,44.1
53,"web",7,4,33.4
48,"phone",4,10,37.6
20,"email",15,1,40
45,"web",3,7,29.2
63,"in-person",11,4,72
33,"phone",12,9,31.9
63,"in-person",2,7,44.6
42,"in-person",11,7,28
19,"in-person",13,6,29.8
73,"phone",12,5,50.5
27,"phone",7,2,39.5
25,"web",7,7,31.1
22,"web",2,4,20.3
70,"email",10,9,30.9
63,"phone",9,9,60.9
74,"email",12,8,24.7
78,"in-person",6,7,56.8
18,"phone",8,6,24.7
64,"email",14,6,28.4
56,"in-person",15,9,31.9
56,"web",1,8,18.7
71,"phone",9,3,64.2
64,"phone",2,10,36
31,"phone",0,8,46.8
62,"web",5,7,32.8
23,"phone",14,4,45
47,"phone",13,10,37.1
45,"email",12,1,46.8
64,"email",14,3,44.5
53,"in-person",5,5,50.2
67,"phone",14,5,58.9
45,"in-person",14,9,30.5
36,"web",3,1,50.6
58,"phone",3,2,72.6
69,"in-person",12,6,54.3
76,"email",8,9,34.6
52,"email",7,4,35
72,"web",0,6,43.4
75,"email",12,1,64.7
30,"phone",6,4,47
78,"web",4,4,54.4
70,"web",5,3,46.5
64,"email",11,6,41.9
56,"phone",9,10,32.9
80,"web",13,4,51.6
56,"in-person",0,6,53.8
26,"web",1,5,35.4
33,"phone",3,3,57.1
50,"web",4,9,24.6
33,"phone",6,1,49.1
20,"web",14,1,33.7
78,"email",1,4,56.2
37,"in-person",7,2,42.9
74,"in-person",8,5,60.6
61,"in-person",12,10,39.5
80,"in-person",9,8,57.7
52,"phone",15,10,42.5
31,"email",11,4,38.3
19,"in-person",7,8,32.6
65,"email",8,6,44
27,"in-person",12,4,41.1
79,"in-person",12,8,40.5
28,"web",5,6,30.8
64,"email",10,9,27.4
63,"email",11,3,48.1
56,"in-person",3,6,48.2
51,"in-person",15,1,70.4
76,"phone",2,1,83.1
70,"phone",0,9,49.5
36,"web",11,7,28.8
68,"email",11,10,35.7
29,"web",0,8,20.2
61,"in-person",1,2,61.5
56,"in-person",5,4,45.4
52,"phone",3,2,46.7
49,"email",15,6,40.1
75,"email",2,4,46
22,"phone",14,10,42
61,"email",3,8,51
66,"web",12,9,31.7
80,"in-person",2,5,47.5
72,"web",14,6,33.8
65,"phone",0,2,58.3
44,"email",8,1,62.5
51,"web",12,6,38.4
60,"in-person",3,4,51.2
35,"phone",3,4,51
42,"email",1,1,61.7
50,"phone",10,9,43.1
74,"phone",2,1,68.2
61,"phone",14,1,68
26,"in-person",10,6,29.3
32,"phone",11,6,25.9
25,"email",6,6,9.7
71,"web",9,3,72.2
76,"phone",8,6,50.2
64,"phone",1,8,41
46,"email",7,10,23.6
34,"phone",8,9,18
19,"web",6,6,24.9
27,"in-person",6,7,26
66,"web",0,10,31.9
35,"in-person",10,3,48.9
76,"web",14,3,56.6
69,"phone",1,8,37.7
25,"phone",12,3,57.8
29,"phone",6,7,43.6
46,"email",0,8,24.7
45,"web",7,6,35.5
34,"in-person",0,10,26.1
69,"email",12,5,30.2
57,"web",7,8,37.7
19,"email",8,10,15.7
34,"in-person",3,2,48.1
23,"web",4,8,18.7
66,"email",3,4,41.1
51,"phone",5,4,46.9
18,"email",13,6,22.3
56,"email",9,10,29.8
48,"phone",2,10,27.1
28,"in-person",8,5,28.6
78,"email",7,3,44.7
32,"email",2,8,20.7
62,"web",0,8,29.9
47,"web",6,5,42.3
41,"email",10,4,9.6
62,"email",8,7,41.2
47,"in-person",13,5,28
20,"web",10,7,24.2
72,"phone",6,9,45.8
62,"email",10,2,46
41,"web",1,4,28.9
66,"web",7,5,42.1
69,"phone",13,3,47.3
29,"in-person",7,5,45.4
36,"in-person",12,2,39
40,"in-person",14,7,29.8
78,"web",13,6,45.1
55,"web",8,2,51.2
34,"in-person",4,9,35.4
67,"web",13,6,32.9
63,"email",1,3,65
38,"email",6,5,37.9
53,"web",6,7,46
46,"in-person",1,1,63.1
66,"phone",6,5,56.3
66,"email",7,9,26.1
57,"email",9,7,30.7
20,"in-person",3,8,34.1
55,"phone",7,8,44.6
54,"email",12,1,48.9
18,"in-person",15,3,32.7
39,"in-person",3,9,41.8
23,"phone",12,6,29.4
77,"email",9,7,42.5
80,"in-person",5,5,55.1
78,"web",1,7,29.2
70,"email",14,2,51
54,"in-person",3,1,56.2
20,"email",15,1,29.1
34,"email",14,8,27.7
71,"phone",14,3,64.1
63,"web",9,9,30.7
73,"phone",5,2,64.6
23,"web",0,8,6.6
41,"phone",6,9,35.3
32,"email",12,2,30.5
21,"phone",13,4,32.3
54,"web",7,9,23.8
44,"web",13,10,21.7
49,"in-person",0,5,53.5
27,"phone",7,1,52.8
48,"phone",15,4,42.6
55,"phone",11,2,52.5
18,"email",11,8,3.7
49,"phone",9,8,29.8
54,"in-person",12,9,34.1
57,"email",8,8,48.9
55,"phone",6,5,52.5
80,"email",3,9,32
39,"in-person",0,8,30.5
35,"web",0,2,43.4
71,"web",7,7,32.3
72,"email",13,6,50.2
73,"in-person",7,8,42.8
64,"web",5,7,25.1
33,"email",11,7,43.3
70,"web",0,7,23.3
44,"in-person",5,2,44.8
75,"web",9,8,44.8
78,"phone",8,8,58.6
69,"in-person",9,3,56
33,"phone",0,9,43
39,"web",6,8,27.1
19,"phone",10,1,46.7
80,"phone",0,10,53.3
54,"web",14,1,44.8
67,"email",12,6,50.8
42,"phone",12,7,65.7
18,"in-person",4,4,22.8
58,"in-person",9,2,60
26,"in-person",9,6,21.2
57,"in-person",14,10,35.7
80,"in-person",15,2,53.8
29,"email",11,9,14.6
55,"web",15,8,28
68,"phone",7,2,53.2
31,"phone",1,4,37.5
78,"phone",9,5,54
27,"phone",7,1,51
18,"email",8,1,36.6
41,"phone",7,5,44.6
29,"phone",15,10,27
77,"in-person",10,10,42.1
79,"web",11,3,59.4
72,"email",14,2,64.1
27,"phone",6,7,30.3
19,"web",14,3,29
58,"email",4,2,50.7
77,"in-person",11,2,47.3
59,"in-person",7,3,52
62,"email",15,10,37.6
29,"phone",7,6,37.9
36,"phone",14,10,32.2
50,"email",9,9,18.3
21,"phone",5,10,37.6
64,"phone",3,3,53.8
45,"in-person",3,8,52.5
23,"web",5,1,35.2
33,"in-person",11,1,39.5
69,"email",3,3,58.7
32,"in-person",10,4,41.7
47,"email",11,8,24.5
78,"web",10,5,50.7
24,"web",6,9,1
73,"email",8,6,45.9
26,"phone",4,9,18.7
69,"web",1,1,40.3
46,"in-person",8,10,19.3
79,"web",7,4,37.8
74,"email",12,10,34.6
77,"phone",3,6,46.1
45,"phone",1,2,51.1
39,"web",4,9,26.2
20,"email",9,4,23.8
63,"in-person",4,1,48.2
20,"phone",13,1,40.6
75,"in-person",1,3,65.9
35,"web",4,10,15.4
20,"web",0,6,24.7
47,"web",12,6,25.8
75,"in-person",1,10,45.9
52,"web",8,9,9.9
18,"phone",2,2,32.2
36,"web",12,3,38.7
66,"web",3,6,51.7
32,"email",0,3,20.8
20,"web",9,6,13.2
50,"phone",11,7,34.3
25,"web",10,9,13.2
34,"web",10,10,14.3
43,"phone",11,6,37
20,"web",15,1,27.9
64,"email",15,8,34.1
77,"web",11,3,44
40,"web",2,3,50.4
26,"in-person",3,4,24.5
35,"web",8,4,34.8
33,"web",9,1,26.2
43,"in-person",11,4,44.3
25,"in-person",9,6,38.6
33,"email",9,3,30
61,"web",5,8,24.5
51,"web",11,2,44.4
80,"phone",8,10,37.2
27,"web",13,6,7.3
78,"in-person",8,8,34.4
36,"web",5,3,36.2
52,"email",1,5,23.9
21,"web",8,9,10.7
66,"web",15,9,41.4
70,"email",2,1,60.6
80,"web",12,8,40.3
47,"web",11,5,38.1
38,"in-person",3,3,48.4
56,"in-person",13,7,43.9
68,"web",12,5,54.7
79,"in-person",3,10,38.7
48,"email",4,8,37.2
38,"in-person",9,9,35.4
62,"email",1,5,41.6
44,"in-person",6,2,56.1
73,"phone",0,3,69.1
25,"email",5,6,4.5
32,"phone",13,3,46.8
79,"phone",9,8,63.8
52,"email",3,3,29
55,"email",1,5,38.7
61,"web",1,10,25.1
43,"web",3,7,16.8
32,"in-person",6,2,49.2
48,"web",14,3,31.3
26,"in-person",4,10,9.2
73,"email",5,2,70.2
62,"web",3,5,44.8
75,"in-person",15,5,45.9
26,"in-person",11,1,34.6
69,"email",6,10,35.5
80,"phone",15,1,71.3
79,"web",5,6,42.6
34,"web",5,4,46.3
47,"phone",8,6,52.4
46,"web",1,10,24.4
32,"email",10,7,36.5
50,"web",4,9,13.9
49,"web",7,9,16.5
47,"phone",14,8,43.2
80,"email",0,5,39.7
31,"web",11,4,29.8
20,"web",14,10,13.1
38,"email",12,2,31.1
75,"email",0,8,35.2
72,"phone",13,3,58.6
56,"email",9,9,27
30,"web",11,4,32.6
51,"email",1,4,48.9
59,"web",7,3,48.3
79,"in-person",12,5,63.2
29,"web",15,6,28.1
68,"web",8,3,42.6
26,"email",11,5,47
18,"web",9,3,37.2
31,"web",11,9,15.3
38,"web",3,1,48.7
77,"web",1,10,30.4
60,"email",2,5,35.6
66,"phone",3,4,72.8
73,"in-person",2,7,42.7
45,"web",12,5,41.3
33,"web",10,2,31.9
67,"email",6,5,45.1
55,"in-person",15,10,29.5
29,"in-person",3,5,26.3
31,"phone",2,6,56
78,"web",0,7,43.2
44,"phone",3,1,49
60,"web",14,1,61.5
48,"web",8,9,10.9
43,"phone",4,2,60.3
36,"web",15,2,48.3
73,"in-person",5,3,67.3
31,"web",15,5,35
26,"email",13,4,25.2
19,"phone",12,1,43.2
66,"web",4,1,60.3
39,"phone",0,8,32.1
40,"phone",6,9,34.8
34,"email",8,6,33.5
67,"email",1,2,54.6
73,"phone",15,7,55.7
31,"email",1,7,22.6
29,"email",0,2,34.6
27,"web",12,1,22.2
78,"in-person",1,10,41
70,"web",11,3,64.8
21,"web",1,4,26.7
46,"email",11,7,25.1
20,"in-person",8,7,38.4
58,"in-person",14,10,7.1
53,"web",15,4,35.2
41,"email",11,5,38.3
68,"in-person",2,5,52.5
53,"web",12,1,36.7
62,"in-person",4,8,31.8
50,"phone",14,10,24.9
72,"phone",13,3,67.4
72,"web",2,4,34.2
80,"phone",12,10,56.5
79,"phone",4,8,54
80,"email",5,8,55.3
62,"in-person",13,6,28.5
74,"web",5,1,70.7
35,"in-person",13,2,47.5
57,"phone",0,10,32.1
56,"web",12,9,32.6
63,"email",3,10,24.6
69,"in-person",10,1,72.1
25,"web",4,4,28.7
63,"web",11,1,50
62,"web",5,3,50.3
74,"web",9,5,50.9
20,"email",3,2,39.5
61,"in-person",13,8,46.3
24,"phone",6,7,27.4
25,"email",8,1,41.7
22,"web",1,7,15.9
28,"phone",4,9,49.6
38,"web",13,9,34.2
46,"email",11,6,23.8
58,"web",7,2,63
73,"web",2,3,40
36,"email",4,1,50.5
46,"web",8,7,18.9
44,"in-person",10,1,45.4
38,"web",9,1,66.2
67,"web",4,2,36.6
46,"phone",2,9,35.5
79,"web",3,10,45
33,"phone",11,4,57.3
18,"in-person",3,5,28.9
51,"phone",15,1,65.2
44,"phone",12,9,34.6
20,"web",9,10,1.9
56,"phone",8,7,43.6
47,"web",6,2,26.6
46,"in-person",8,3,42.6
42,"email",0,2,34.3
64,"email",2,8,29.3
51,"web",11,1,36.8
60,"email",15,10,29.5
31,"web",15,3,26
51,"phone",5,4,51.6
19,"web",11,6,27.1
35,"web",8,3,37.1
39,"in-person",9,9,29.9
60,"email",15,3,54
26,"in-person",0,2,48.1
36,"phone",13,8,35.3
80,"web",6,4,68.7
29,"email",1,10,19.9
55,"email",13,2,60.6
76,"web",6,2,56.2
77,"phone",8,9,58
76,"in-person",3,8,44.9
74,"phone",0,8,61.6
49,"web",6,2,55.7
75,"in-person",15,3,46.5
76,"email",2,6,53.6
38,"web",3,5,42.2
47,"web",15,10,35.6
25,"phone",8,2,37.6
20,"in-person",13,6,36.5
57,"phone",14,7,60.6
47,"phone",6,8,33.6
57,"in-person",4,8,31.6
18,"in-person",15,2,27.3
46,"in-person",10,8,31.7
23,"in-person",1,3,42.1
54,"phone",5,1,59.2
39,"in-person",4,2,49.4
37,"in-person",14,3,39.8
25,"phone",3,3,46.1
33,"email",0,8,22.7
66,"email",11,6,41.6
69,"email",15,5,44.5
75,"in-person",13,2,65.2
38,"web",2,7,22.6
52,"in-person",7,8,41.9
24,"phone",0,7,25
34,"email",1,5,19.1
53,"phone",2,8,28
24,"web",15,5,26.7
34,"web",4,9,14.7
59,"web",0,4,38.7
19,"web",6,8,25.6
55,"in-person",7,7,30.8
22,"phone",6,4,47.9
23,"in-person",11,6,33.8
74,"phone",0,8,60.5
80,"phone",1,1,66.5
75,"in-person",0,4,40.2
59,"in-person",0,7,40.4
63,"phone",6,6,37.8
47,"web",10,1,45.5
47,"phone",11,10,46.1
76,"phone",3,4,66.6
28,"web",14,10,20.7
69,"in-person",2,2,53.6
77,"phone",3,10,49.6
62,"email",3,8,23.3
41,"web",6,2,35.5
61,"web",7,6,30.9
41,"email",0,1,51
79,"in-person",8,6,47.5
65,"in-person",13,1,62.8
56,"web",12,5,39.4
22,"in-person",9,4,30.4
79,"web",8,2,58
40,"web",7,7,24.9
52,"in-person",9,2,53.6
57,"web",10,8,33.5
52,"web",7,9,16.8
54,"email",2,10,25.5
22,"in-person",11,7,17.8
25,"web",3,1,36.6
77,"email",13,9,38.5
30,"web",8,9,17.4
46,"email",1,6,32.5
43,"in-person",4,2,57.3
37,"web",8,10,20.9
78,"in-person",9,1,69.2
43,"email",8,3,36.4
54,"phone",5,9,40
50,"email",11,9,50.8
45,"email",6,3,49.6
65,"phone",0,2,62.6
22,"web",8,5,35.4
40,"in-person",2,9,35.6
37,"in-person",5,9,12.7
66,"phone",2,10,31.9
53,"phone",1,7,50.6
65,"in-person",3,4,52.4
71,"email",7,1,55.5
76,"in-person",8,1,69.6
80,"phone",1,10,51.3
77,"email",7,5,51
51,"in-person",4,2,60.5
32,"in-person",15,1,39.8
53,"email",5,8,29.1
51,"web",14,4,47.5
31,"in-person",5,9,18.1
28,"in-person",8,5,31.7
40,"in-person",0,5,38
42,"in-person",12,9,29.6
71,"phone",13,1,67.5
43,"email",13,1,32
50,"email",13,1,52.1
72,"web",10,9,25.8
45,"web",0,9,14.6
58,"in-person",11,3,53.9
49,"phone",10,2,52.8
73,"in-person",13,6,45.3
56,"in-person",5,1,66.6
67,"phone",7,3,53.2
43,"in-person",6,3,37.6
31,"web",12,7,37.4
68,"email",9,6,30.8
68,"web",15,10,40.3
23,"web",4,7,12.3
30,"in-person",15,8,26.2
25,"email",1,5,37
26,"phone",8,8,22.4
62,"phone",9,1,66.6
32,"email",11,6,29.3
48,"email",6,4,46.1
66,"web",14,8,37.6
45,"web",2,5,47.7
30,"in-person",4,4,22.1
66,"in-person",10,10,25.5
52,"email",10,6,23.8
70,"in-person",3,5,46.9
52,"phone",14,4,47.8
51,"email",10,1,38
25,"web",9,10,22
50,"phone",4,2,57.9
69,"in-person",14,9,49.9
76,"phone",12,10,39.3
60,"phone",13,1,74.3
75,"phone",1,6,65.1
20,"phone",6,6,29.6
65,"web",14,8,22.3
69,"in-person",7,10,45.7
31,"phone",15,9,39.6
32,"in-person",12,2,41.7
22,"in-person",10,7,30.4
37,"in-person",7,6,25.4
77,"phone",7,2,63.7
38,"web",14,6,23.9
46,"email",11,1,38.8
61,"in-person",9,2,40.7
48,"in-person",2,9,38
37,"email",3,9,22.9
26,"in-person",5,2,27.8
25,"email",2,6,27.3
28,"in-person",14,9,23.2
39,"web",6,6,26.7
73,"phone",6,2,77.2
28,"in-person",11,10,33.6
54,"in-person",4,1,68.1
36,"in-person",6,1,37.9
59,"phone",6,4,46.3
41,"email",2,2,36.4
74,"web",9,10,19.2
36,"phone",11,5,45.5
75,"email",2,3,44.4
79,"web",8,9,41.6
80,"email",9,1,65
22,"web",10,6,34.9
36,"phone",7,10,22
40,"in-person",12,7,38.1
47,"email",10,2,38.6
44,"phone",15,3,31
60,"in-person",1,10,34.4
45,"email",3,1,51.2
26,"email",12,6,22.9
37,"in-person",10,1,65.2
77,"in-person",11,9,49
38,"phone",14,3,39.8
48,"phone",10,5,43.8
34,"web",10,6,20.7
51,"email",13,8,36.3
80,"phone",8,6,51
38,"in-person",2,6,30.3
46,"in-person",8,8,36.6
57,"phone",11,10,47.7
68,"email",15,6,44.8
71,"phone",2,6,57.3
34,"web",10,9,24.6
47,"in-person",10,6,30.2
39,"phone",8,10,35.9
66,"phone",15,7,56.5
76,"in-person",10,5,67.3
42,"web",2,2,47.3
22,"in-person",4,6,28.9
38,"web",9,10,11.2
43,"phone",0,2,54.7
60,"phone",10,10,35.6
77,"email",8,7,32.5
53,"email",4,2,33.8
58,"phone",7,9,25.6
36,"web",1,4,39.2
76,"email",13,8,24.6
62,"phone",3,4,52
53,"in-person",0,8,31.5
23,"email",4,10,31.4
54,"phone",1,10,32.4
79,"email",8,7,32.7
25,"phone",13,5,40.4
42,"email",13,3,38.9
38,"web",9,7,38.9
60,"email",11,1,58.6
19,"phone",14,1,45.5
48,"web",8,4,39.4
32,"in-person",3,9,38.4
27,"email",8,2,31.3
47,"phone",10,9,43.8
77,"email",10,7,61.6
55,"in-person",11,2,57.4
39,"email",3,1,37
33,"email",2,3,29.4
47,"web",7,7,37.7
19,"email",9,5,18.9
51,"web",15,9,38.9
20,"email",1,3,45.7
75,"in-person",6,9,32.3
68,"web",15,6,30.9
49,"email",0,10,27.3
26,"web",2,9,17.4
77,"phone",4,2,65.6
75,"email",7,6,36.9
51,"in-person",7,4,40.5
56,"in-person",8,4,61.4
18,"web",2,7,17.4
23,"email",3,5,26.7
51,"web",3,5,32.6
23,"email",12,2,28.9
24,"phone",2,8,45.1
70,"email",11,5,46.2
40,"phone",8,4,45.2
20,"phone",11,10,6.9
27,"in-person",4,9,27.7
48,"in-person",3,2,56.1
78,"in-person",3,10,39.4
71,"in-person",9,1,65.3
80,"web",0,5,54.1
74,"web",8,1,75.2
29,"phone",9,6,38.2
54,"phone",5,5,50.1
57,"web",4,8,40.9
49,"phone",14,1,64.5
36,"phone",2,6,38.8
35,"phone",8,7,28.9
46,"in-person",12,8,37.2
29,"email",13,7,35.2
29,"in-person",1,9,36.5
68,"email",2,5,71.6
50,"web",9,10,19.1
66,"web",12,7,25.6
26,"email",9,8,13
18,"phone",9,3,34.2
53,"email",4,6,43.6
77,"email",15,7,39.4
74,"web",8,2,53.7
70,"web",3,10,33
45,"web",8,3,31.2
41,"email",13,8,17.8
31,"phone",4,4,50.7
18,"in-person",4,6,33.2
30,"in-person",5,2,32.7
48,"phone",7,6,53
79,"email",10,1,59.4
43,"email",6,4,32.3
67,"email",4,7,47
26,"phone",12,4,42.6
64,"in-person",7,1,45.4
52,"in-person",10,1,53
45,"email",8,4,26.8
53,"web",1,1,48.8
62,"in-person",5,7,43.1
30,"email",6,9,24.9
69,"web",7,7,27.6
36,"in-person",1,8,26.2
30,"phone",2,10,43.3
42,"phone",5,5,55.5
28,"in-person",4,2,45.2
59,"email",0,3,53.8
60,"email",6,1,66.7
63,"email",5,4,43.1
68,"in-person",4,9,24.9
34,"email",9,7,26.4
42,"email",11,7,14.6
30,"web",13,10,24.9
53,"email",14,9,23.8
48,"in-person",11,2,56.1
21,"phone",14,4,38.2
57,"email",12,10,20.4
41,"web",5,1,50.3
37,"email",0,8,21.7
29,"web",14,6,24.6
18,"phone",6,7,35
51,"web",15,9,19.6
41,"email",9,5,39.2
70,"in-person",3,7,39.5
61,"email",14,5,31
66,"email",5,7,30
34,"email",5,9,11.5
42,"phone",12,10,26.3
26,"email",11,3,26.9
62,"in-person",14,9,38.3
45,"web",13,1,41.6
76,"in-person",6,2,57.5
50,"in-person",0,4,53.4
54,"phone",8,8,53.7
45,"web",7,10,22.5
25,"in-person",0,9,17.8
48,"web",15,5,39.9
29,"email",10,7,26.6
40,"email",1,10,28.5
24,"web",6,1,52.6
36,"web",3,7,45.7
61,"email",12,3,47.2
51,"web",11,10,36.6
73,"web",13,6,53.2
48,"web",6,10,8.7
53,"phone",8,8,44
25,"phone",2,3,51.1
58,"web",13,5,57.2
46,"in-person",2,2,38.6
64,"email",3,7,41.5
64,"in-person",0,2,42.2
23,"phone",0,4,57.1
27,"email",12,8,21.5
49,"in-person",1,8,22.7
20,"web",1,5,37.3
64,"in-person",0,10,40.6
38,"phone",5,7,25.6
79,"email",15,9,20.1
78,"phone",5,10,57.1
66,"email",13,4,27.2
25,"web",14,6,14.1
52,"in-person",11,8,33.9
59,"web",0,6,39.4
24,"web",9,4,15.7
24,"phone",12,9,42.5
46,"email",5,8,29.5
79,"web",10,4,51.7
60,"web",15,9,40.1
40,"phone",2,1,57.2
67,"in-person",5,4,60.4
55,"in-person",4,4,53.2
62,"phone",7,7,44.8
23,"phone",15,5,26.8
56,"phone",11,2,63.6
63,"phone",10,7,55.7
51,"in-person",15,9,45.2
62,"email",2,3,49.8
61,"phone",15,4,61.7
71,"email",11,8,48.7
46,"in-person",9,6,21.4
58,"email",13,8,25
25,"phone",6,5,44.4
47,"in-person",6,3,37.2
44,"phone",3,9,46.7
79,"in-person",6,10,54.1
68,"in-person",8,7,51.1
38,"phone",3,1,81.3
37,"web",4,7,31.2
68,"in-person",12,4,48
67,"web",10,5,54.5
41,"email",5,9,24.5
53,"web",15,7,26.7
74,"email",7,4,51.6
21,"email",3,7,15.7
22,"phone",6,1,48.3
61,"in-person",9,8,39
24,"in-person",6,5,27.3
75,"web",3,3,44.7
50,"web",6,2,41.8
76,"email",8,3,48
21,"web",3,2,39.3
44,"phone",1,1,52.3
64,"email",14,2,47.1
51,"phone",1,2,42
66,"phone",2,6,38.6
28,"web",5,5,25
57,"email",4,8,28.7
36,"email",12,5,36.2
69,"web",1,6,38.5
57,"phone",1,2,64.5
54,"in-person",15,10,24.5
40,"phone",0,3,42.9
36,"web",6,8,28.8
62,"email",6,1,48.6
76,"in-person",0,10,49.3
29,"in-person",8,3,35.8
71,"phone",11,2,61.1
53,"email",3,8,17.6
65,"web",2,1,56.6
42,"email",12,3,43.9
18,"phone",4,8,38.2
55,"email",14,9,42.5
20,"web",15,7,18.8
22,"web",4,9,7.8
51,"email",2,10,40.6
24,"email",14,3,24.5
46,"in-person",13,1,47.9
53,"in-person",13,4,42.3
59,"web",13,9,18.8
44,"email",6,6,32.1
27,"email",11,1,54.2
66,"email",15,4,39.6
77,"email",0,1,70.1
58,"web",4,3,42.9
48,"web",3,7,38.8
31,"phone",13,8,28.9
77,"phone",15,6,62.1
76,"email",9,10,39.5
31,"in-person",1,8,16.2
69,"email",0,5,42.5
19,"in-person",1,1,45.3
51,"phone",10,6,41.6
59,"web",9,8,42.8
32,"phone",12,9,37.9
41,"in-person",14,8,35.7
42,"in-person",2,5,18.5
68,"email",0,3,40.4
79,"phone",4,4,55.3
66,"in-person",12,9,33.5
40,"phone",6,9,31.1
45,"phone",1,8,24.5
42,"email",14,4,36.4
43,"email",15,10,26
69,"web",10,4,56.7
28,"email",11,6,23
36,"web",2,1,44
40,"web",2,1,44.4
49,"email",10,1,43.6
31,"email",1,6,31.3
50,"phone",15,2,40.4
22,"phone",6,10,29.5
63,"email",1,8,27.5
28,"email",5,6,21.2
49,"in-person",0,4,43.6
45,"email",3,10,22.2
62,"in-person",6,7,52.8
36,"web",3,6,20.7
71,"phone",9,9,58.5
61,"email",10,5,47.5
51,"web",3,6,50.2
67,"email",8,10,27
42,"web",15,8,31
50,"email",11,4,47.2
77,"web",11,6,34
44,"in-person",3,4,53.1
45,"web",15,5,43.8
61,"in-person",8,4,50
53,"email",5,8,19.7
77,"in-person",7,1,66.8
22,"phone",9,9,35.5
36,"web",9,1,37.4
69,"email",5,10,42.6
44,"phone",15,1,54.8
72,"web",6,2,40.4
27,"phone",4,5,46.1
22,"email",3,6,26.2
44,"in-person",9,10,35.2
79,"email",14,2,74.8
37,"in-person",13,3,52.6
32,"web",11,6,38.9
18,"in-person",14,9,20
53,"in-person",3,5,48.3
58,"in-person",5,6,29
68,"email",11,5,50
28,"phone",10,5,43.3
45,"in-person",15,6,41.1
63,"phone",13,7,47.4
69,"in-person",0,9,44.6
52,"email",6,3,55.8
70,"in-person",15,3,55.3
41,"phone",8,3,55.6
30,"web",2,2,17.4
30,"email",4,5,16.1
60,"email",10,6,32.1
73,"email",1,3,55
43,"in-person",3,2,51.4
28,"phone",12,6,40.7
27,"phone",0,4,45.5
18,"in-person",11,4,41.6
32,"phone",11,2,56.5
23,"in-person",11,7,31.1
80,"email",0,5,58.2
77,"in-person",12,2,56.4
31,"in-person",6,1,51.9
25,"web",10,7,14.6
40,"web",11,2,29.1
71,"email",9,3,55.9
23,"in-person",3,5,40.2
55,"email",14,10,18.2
47,"in-person",9,7,36.3
70,"in-person",13,9,48.5
22,"web",9,9,28.2
25,"in-person",8,6,23.2
61,"email",11,3,36.5
73,"email",0,1,48.1
38,"email",5,3,31.1
58,"web",2,6,36.8
48,"email",3,8,40.2
45,"email",0,1,37
40,"web",13,5,41.2
24,"web",12,1,42.9
74,"email",2,4,50
38,"email",10,2,44.7
50,"web",6,1,46.1
71,"email",15,4,53.4
75,"email",15,7,40.3
48,"phone",14,5,60.9
33,"email",2,4,36.2
30,"web",4,3,32.8
26,"phone",3,10,32.1
61,"in-person",11,3,54.4
68,"web",13,5,48.9
78,"email",9,6,52.9
19,"web",6,9,18.2
58,"web",12,10,25.7
21,"email",12,4,23.3
33,"web",10,2,50.5
41,"in-person",2,4,40.3
45,"email",13,8,12.3
19,"phone",9,6,45.6
25,"web",3,3,45.6
70,"email",13,1,63.9
41,"web",14,1,53
44,"web",13,6,34.8
73,"phone",7,9,50.8
46,"phone",12,10,44.4
25,"in-person",6,4,38.2
19,"in-person",4,8,11.7
31,"phone",15,9,36.2
78,"phone",9,1,74.4
28,"in-person",12,1,23.9
36,"email",1,4,30.1
65,"web",10,5,60.2
56,"web",0,4,32.8
69,"web",6,10,42.9
70,"email",15,4,52.6
19,"web",12,10,21.3
35,"phone",7,8,31.8
72,"phone",0,3,63.1
60,"in-person",1,5,62.6
47,"web",7,3,37.4
23,"email",0,9,21.5
56,"web",14,1,42.9
70,"phone",7,1,60.5
46,"web",0,7,29.2
52,"phone",12,2,66.6
36,"email",2,3,21.1
66,"phone",1,7,53.2
51,"email",11,2,52.7
71,"email",13,2,65
70,"phone",4,8,53.1
38,"email",10,10,21.6
65,"web",11,1,49.3
38,"web",7,9,37.9
57,"phone",1,6,42.5
34,"web",13,3,35.4
21,"phone",7,8,24.5
27,"web",11,10,26
39,"web",14,1,52.4
44,"phone",3,8,35.1
49,"in-person",11,10,43.4
66,"phone",6,9,47.8
56,"web",11,5,35.7
74,"phone",0,2,68.6
46,"email",14,3,39.2
80,"web",0,4,57.8
27,"phone",13,4,57.7
70,"email",0,1,54.5
78,"in-person",3,3,70.1
24,"in-person",12,7,26.7
57,"in-person",10,5,37.9
50,"in-person",2,8,28.3
25,"email",9,9,22
74,"email",12,2,43.5
66,"phone",15,1,65.2
75,"phone",15,10,48.4
34,"in-person",8,2,50.1
67,"email",4,10,32.1
48,"in-person",13,7,39.4
29,"web",14,1,36.8
59,"phone",5,4,55
42,"in-person",15,7,35.7
40,"web",8,7,40.1
43,"phone",6,10,31.5
76,"web",2,9,34.6
80,"email",7,6,46.7
58,"web",10,7,26.2
73,"email",4,10,22
35,"web",10,3,27.4
72,"email",11,7,48.8
74,"in-person",5,7,49.6
57,"web",14,10,39.1
47,"email",15,9,25.4
59,"phone",4,9,44
53,"phone",15,7,54.8
30,"phone",0,1,45.9
53,"phone",7,9,35.2
35,"in-person",3,10,9.5
27,"phone",13,7,33.6
41,"email",12,8,37.3
25,"phone",1,6,44.1
22,"web",10,2,32.3
47,"email",2,4,35.3
31,"web",6,4,33.6
74,"web",6,2,53.8
31,"email",0,8,31.6
33,"email",6,3,29.4
60,"phone",0,3,58.1
79,"in-person",12,9,42
72,"phone",14,10,47.4
33,"phone",2,2,40.1
26,"phone",0,4,55.1
25,"phone",4,7,37.4
62,"in-person",7,2,52.3
20,"in-person",11,7,37.1
51,"in-person",11,4,37.4
30,"in-person",11,5,27.1
39,"phone",3,5,27.3
57,"web",5,10,25.3
22,"in-person",7,2,54.9
42,"web",0,9,31.7
35,"email",10,8,31.6
35,"email",8,4,46.3
45,"email",3,8,21.3
74,"phone",9,1,79.9
27,"phone",10,2,54.4
29,"phone",4,8,29.3
26,"web",13,2,30.9
47,"phone",12,10,50.5
34,"in-person",8,6,33.4
78,"in-person",8,4,57.7
34,"email",11,6,30.3
24,"web",2,4,29.2
52,"in-person",8,7,40.1
45,"phone",5,5,51.1
35,"phone",13,5,40.2
62,"in-person",15,6,33.5
38,"phone",6,3,55
54,"email",1,6,31.7
65,"phone",13,2,58.7
62,"web",4,3,51.2
75,"in-person",9,9,39.5
42,"web",11,1,41.1
23,"in-person",13,10,16.1
60,"email",14,4,48.4
34,"email",12,3,50.9
47,"web",0,10,10.3
63,"phone",10,8,50.6
69,"email",1,10,33.3
26,"in-person",9,2,54.5
59,"phone",11,7,44.7
80,"web",15,3,40.9
44,"email",2,7,27.2
43,"phone",0,8,41.8
32,"in-person",8,2,45
18,"web",14,4,33.1
48,"phone",15,10,28.9
55,"phone",2,10,49
64,"phone",9,10,51
80,"web",14,5,37.8
70,"in-person",1,3,49.1
50,"email",14,2,43.8
36,"email",13,1,52.1
39,"in-person",14,7,43.8
28,"email",1,5,32.7
72,"phone",10,3,64.7
45,"web",15,4,26.9
71,"phone",7,10,47.3
35,"in-person",13,8,26.4
64,"in-person",7,1,66.5
23,"email",4,8,11.2
32,"web",4,1,51
72,"in-person",1,6,36.8
71,"in-person",7,3,62.2
24,"in-person",4,9,12.4
23,"web",7,8,8.7
75,"web",3,4,38.9
32,"phone",4,4,52.4
44,"phone",6,6,49.5
68,"web",5,4,43.6
27,"email",2,7,38.3
45,"in-person",7,3,34.4
67,"phone",13,2,52.4
68,"email",0,1,52.9
40,"phone",14,6,41.1
24,"in-person",4,5,17.4
41,"web",1,1,51
66,"in-person",9,1,65.3
24,"email",15,7,13.3
21,"phone",10,2,38.3
80,"email",9,5,60.6
54,"in-person",8,10,21.1
27,"email",13,4,42.2
68,"web",13,9,27.4
41,"phone",1,9,32.9
31,"web",9,10,13.5
67,"phone",7,4,51.5
79,"web",4,4,50.4
47,"web",1,5,38.4
64,"email",3,6,35.8
70,"phone",7,7,53.1
73,"email",13,6,44.6
63,"phone",7,3,63.2
48,"phone",12,2,57.8
53,"email",14,1,43.2
30,"web",2,9,6.9
35,"email",1,6,23.3
53,"web",14,2,48
34,"in-person",7,4,37
48,"web",12,6,38.9
51,"email",12,4,29
63,"phone",5,5,58.1
39,"phone",4,9,38.9
40,"web",6,10,13.2
40,"web",5,5,32.8
35,"in-person",12,9,31.6
72,"in-person",1,5,40.9
50,"web",8,10,35
41,"phone",8,10,35.6
64,"web",0,5,49.9
36,"email",12,4,30.5
73,"in-person",0,3,58.1
23,"in-person",2,8,11.4
59,"web",4,5,44.3
77,"phone",3,10,56.2
40,"phone",5,9,28.8
50,"email",4,8,26.2
26,"email",0,7,35.1
19,"phone",15,3,38
75,"in-person",5,1,76.3
18,"email",2,7,1
38,"in-person",7,2,41.9
37,"in-person",4,10,20.4
62,"in-person",6,1,69.7
39,"email",11,3,41.5
74,"web",6,8,54.8
66,"phone",5,9,60.4
67,"in-person",14,3,60.1
39,"phone",12,9,49.2
67,"web",2,4,39.1
39,"web",1,6,23.1
56,"in-person",14,10,37.8
34,"in-person",13,5,35
73,"web",5,5,48.4
31,"email",13,7,5.5
80,"phone",13,1,76
78,"email",13,10,40.4
78,"in-person",0,3,64.2
47,"in-person",14,10,22.3
41,"email",10,4,17.5
63,"in-person",7,2,52.6
31,"web",15,10,14.9
59,"phone",7,2,46.8
19,"web",15,7,9
69,"in-person",5,10,26.5
18,"phone",0,2,47.6
68,"in-person",12,7,39.5
56,"in-person",10,7,34.4
49,"in-person",11,6,47.4
58,"in-person",1,7,49.2
67,"email",9,2,44.9
61,"phone",9,7,56.7
34,"phone",2,5,44.5
77,"in-person",13,7,60.3
42,"web",13,10,28.9
62,"phone",4,5,39.8
46,"email",5,2,48.9
49,"email",5,4,36.2
34,"email",2,5,35
51,"email",15,10,31.3
75,"phone",15,5,48.6
80,"web",4,4,52
56,"web",8,3,58
60,"web",5,10,29.3
37,"in-person",7,6,39.1
20,"web",14,9,17.4
47,"phone",9,7,26.9
40,"web",11,9,14.1
30,"in-person",14,8,12.4
21,"phone",3,9,31.4
26,"email",3,5,24.6
55,"in-person",6,5,45.8
23,"in-person",14,6,27.6
31,"phone",14,4,50.9
59,"web",1,5,33.5
23,"email",15,4,32.1
47,"in-person",12,7,41.6
58,"email",13,4,46
78,"in-person",14,9,50.3
28,"web",12,8,21
38,"phone",8,10,42.3
65,"in-person",12,8,38
23,"phone",9,9,46.7
77,"in-person",3,3,62.3
39,"web",13,8,30.3
53,"in-person",7,10,34.4
65,"phone",3,8,69.9
24,"email",9,9,13.4
44,"phone",12,10,30.4
73,"web",7,1,49.7
79,"web",14,1,61.6
51,"web",4,10,19.7
64,"phone",9,8,53.4
33,"email",13,2,41.3
65,"phone",12,5,56.5
47,"in-person",13,9,30.7
63,"email",15,6,47.6
72,"phone",7,8,45.9
72,"in-person",8,9,46.8
18,"phone",5,4,34.3
59,"web",7,4,27.8
42,"phone",3,4,48.4
20,"email",4,9,2.4
46,"phone",12,9,28.9
27,"email",10,10,3.1
72,"web",2,8,41.1
55,"web",10,4,41.9
18,"in-person",2,6,28.1
75,"web",3,1,59.9
80,"phone",0,1,82.9
74,"in-person",3,9,39.7
79,"in-person",11,8,63.9
48,"phone",2,4,60.6
80,"web",15,5,45.6
62,"email",11,1,54.4
79,"in-person",7,5,52
69,"web",10,3,60.2
65,"web",14,8,34.9
75,"email",5,10,34.3
70,"in-person",2,8,40.2
74,"email",11,2,72.7
38,"email",8,3,31.6
32,"in-person",10,3,35.6
47,"web",9,3,29.4
33,"web",8,1,41.4
22,"in-person",5,3,44
73,"web",15,8,29.4
42,"in-person",2,5,33.7
37,"web",2,3,41.7
28,"web",4,5,18.5
57,"web",10,9,24.8
45,"in-person",13,4,45.8
67,"in-person",5,3,63.2
30,"in-person",15,1,43.8
75,"web",14,9,36.9
61,"in-person",5,2,57.3
68,"web",5,4,43.7
28,"web",15,1,46.2
44,"web",1,4,30.4
48,"phone",7,5,46.1
52,"web",8,1,53
48,"email",5,3,40.5
20,"phone",9,9,28.3
69,"web",4,2,57.3
46,"phone",5,1,50.3
59,"email",8,3,39.4
72,"web",13,4,38.1
43,"web",8,5,32.2
60,"in-person",11,9,26.2
22,"in-person",12,9,1
45,"web",12,6,44.3
54,"phone",11,3,57.1
63,"in-person",3,1,70.3
28,"web",15,7,37.9
69,"web",2,5,51.1
23,"phone",3,3,36.1
77,"web",12,4,43.1
36,"email",15,10,22.8
23,"in-person",8,8,23.9
58,"phone",4,7,53.1
35,"phone",9,7,52.2
68,"web",2,8,30.6
31,"phone",5,2,44.9
27,"phone",1,5,44.9
56,"phone",5,7,42.1
33,"email",3,2,31.5
44,"email",15,1,35.7
34,"phone",7,7,26.1
37,"phone",9,8,23.8
55,"phone",7,4,51.2
52,"phone",15,10,45.6
53,"phone",11,10,32.4
29,"web",0,4,22.3
24,"web",9,5,41.4
28,"email",15,1,41.1
79,"email",2,10,45
38,"web",5,7,31.7
60,"in-person",0,7,55.2
70,"web",15,3,55.6
55,"in-person",3,4,35.8
35,"in-person",5,3,41.9
27,"in-person",10,8,34.2
24,"in-person",3,9,33.9
60,"web",13,1,42.6
36,"web",7,5,21.2
19,"web",7,7,23
43,"web",10,7,42.1
37,"email",3,8,20.5
27,"phone",2,4,43
68,"email",8,8,45.8
66,"email",6,5,40.7
21,"email",1,3,30.5
67,"in-person",15,2,44
39,"phone",15,8,32.4
36,"in-person",5,1,53.6
23,"email",11,1,37
21,"email",1,6,27.1
66,"email",8,8,47.4
74,"email",7,1,56.3
54,"email",9,10,30.5
54,"web",12,5,45.4
61,"phone",5,4,57.8
53,"in-person",2,3,51.5
55,"phone",2,3,75.3
79,"in-person",10,3,59.3
56,"web",10,6,40.6
49,"phone",7,3,63.7
58,"phone",3,9,35.7
42,"web",4,5,39.6
45,"phone",3,3,44.8
63,"in-person",7,7,40.4
80,"web",7,7,49.9
56,"email",0,10,31.3
18,"phone",12,2,39
74,"email",0,4,74.2
27,"web",10,5,35.2
52,"phone",6,6,55.1
22,"email",12,9,12.8
67,"phone",6,3,57.2
64,"in-person",5,1,59
40,"phone",7,10,33.9
37,"web",2,5,31.7
57,"email",1,8,39.4
42,"in-person",12,9,26.9
49,"phone",10,10,46.8
28,"in-person",3,9,21.1
59,"email",14,5,43.4
65,"in-person",11,4,67.5
30,"phone",5,9,30.6
45,"phone",1,10,45
49,"web",6,7,35.5
58,"in-person",8,5,61.1
77,"email",7,9,45.8
26,"in-person",6,7,20.1
55,"web",5,5,43.2
52,"web",5,5,36.6
27,"email",6,9,16.8
52,"web",14,4,40.8
70,"phone",14,4,73.3
21,"email",12,3,18.3
19,"in-person",1,2,51
57,"web",2,10,22.2
55,"phone",3,6,37.5
58,"email",7,5,56.4
69,"web",12,6,50.4
19,"web",3,1,33.9
66,"in-person",3,1,60.2
60,"email",8,4,45.1
55,"in-person",6,8,51.7
58,"web",7,5,30.3
44,"email",13,3,48.6
32,"phone",7,8,28.1
52,"in-person",6,5,50.8
25,"web",0,9,15.1
59,"in-person",2,6,59.4
20,"phone",1,10,32.2
47,"email",14,6,25.1
31,"phone",8,9,24.5
29,"web",6,7,21.3
25,"phone",8,10,24.3
69,"email",8,2,62.1
67,"email",7,4,50.8
63,"web",13,6,33.5
80,"web",2,4,45.7
54,"in-person",5,9,46.8
71,"web",13,7,36.4
39,"phone",4,10,15.8
50,"phone",11,4,49.9
57,"phone",14,3,65.9
52,"in-person",14,2,55.5
42,"web",9,1,35.9
24,"in-person",12,1,47
36,"phone",1,6,40.9
47,"in-person",11,2,63.7
67,"web",3,2,47.6
68,"in-person",3,4,48.4
28,"phone",14,9,46.4
56,"phone",2,8,41.2
19,"web",11,2,30.7
52,"email",10,9,27.3
47,"phone",14,1,68.8
46,"email",1,5,37.6
64,"web",11,2,43.5
64,"phone",4,3,48
36,"in-person",4,5,26.2
79,"phone",0,9,51.1
76,"phone",5,3,77.3
37,"phone",1,1,48.6
28,"web",1,3,37.1
39,"in-person",14,1,53.3
22,"phone",7,5,46.9
78,"email",4,5,51.8
42,"phone",15,5,53.2
27,"web",5,6,26
69,"web",5,4,53.5
43,"email",14,10,20.5
40,"web",10,4,31.6
32,"email",0,6,19.3
38,"in-person",15,3,48.7
19,"web",11,2,25.6
27,"in-person",6,4,40.4
44,"phone",2,4,46.4
30,"email",0,6,28.2
65,"phone",2,7,44.4
80,"in-person",8,1,61.8
43,"web",1,3,40.6
59,"web",0,9,34.8
65,"in-person",0,5,39.8
61,"phone",7,1,65.4
27,"phone",4,8,33.4
58,"email",3,5,47.2
70,"email",4,2,56.3
61,"phone",8,6,57.3
45,"phone",7,8,36.4
34,"email",14,6,29
46,"web",15,2,24.8
65,"in-person",13,2,55.6
63,"web",2,4,45.1
67,"email",1,8,35.4
51,"in-person",5,6,52.6
30,"in-person",11,8,31.2
72,"in-person",4,5,56.2
33,"phone",0,6,36.7
32,"in-person",5,9,32
24,"web",7,1,22.8
47,"email",0,10,19.1
50,"phone",3,4,33.5
29,"phone",6,8,30.5
18,"email",12,9,8.9
40,"in-person",0,5,25.7
64,"in-person",2,6,49.4
73,"phone",5,10,59.7
37,"phone",7,1,66
76,"email",15,6,50.2
46,"web",12,6,18.7
74,"phone",5,2,64.8
73,"phone",8,6,57.2
48,"email",10,8,32.7
61,"in-person",4,4,57.2
76,"email",15,6,51.7
58,"phone",6,6,49
39,"phone",9,3,38.2
19,"phone",3,7,36.8
68,"phone",5,10,62.6
44,"email",13,2,44.2
50,"phone",9,3,66.2
61,"phone",1,3,64.1
21,"web",4,3,28
40,"web",12,8,20.6
72,"web",2,5,51.1
78,"phone",4,10,60.6
28,"phone",6,1,44
50,"web",9,8,39.4
54,"in-person",14,8,38.6
75,"web",12,2,63.9
64,"web",15,2,50.2
54,"email",12,6,42.5
72,"phone",4,10,44.8
44,"in-person",1,8,40.8
29,"phone",0,3,43.4
62,"in-person",15,1,59.1
48,"email",7,9,22.4
48,"web",6,5,36.7
47,"in-person",15,8,55.6
36,"web",11,3,41.6
69,"email",3,4,31.1
32,"web",6,4,24.8
68,"web",10,4,60.4
42,"in-person",9,2,53.2
50,"web",6,3,33.5
60,"web",8,7,40.9
34,"email",4,6,26.5
30,"web",10,6,37.8
40,"in-person",11,3,42.5
62,"phone",10,10,43.8
21,"in-person",5,5,29.6
71,"email",12,6,42
31,"email",6,8,19.4
29,"phone",10,7,40.8
20,"email",5,8,4.1
21,"in-person",7,7,30.2
23,"phone",7,10,41.8
35,"in-person",11,9,32.3
44,"web",14,5,40.2
18,"web",9,9,16.2
57,"in-person",7,8,32.9
41,"in-person",8,8,29.2
62,"email",8,2,47.1
48,"in-person",14,1,56.1
46,"in-person",10,7,45.5
23,"email",6,9,19.5
64,"web",12,5,33.6
71,"email",1,1,56.3
55,"web",1,1,45.9
24,"email",3,9,10.7
37,"web",3,4,29.8
22,"in-person",2,9,31.2
59,"email",14,1,45.2
27,"email",14,5,26.5
35,"web",11,3,42.2
39,"email",9,9,19.9
40,"phone",6,7,34.2
78,"email",12,6,57
70,"email",8,3,41.1
68,"web",0,9,45.5
70,"web",3,10,18.4
59,"email",8,1,63.6
36,"email",13,10,29.4
60,"email",3,8,16.7
22,"in-person",10,10,27
26,"email",6,5,21.8
45,"email",11,3,39
53,"phone",5,9,39.2
32,"in-person",6,8,26.4
41,"in-person",11,3,57.1
36,"email",15,2,38.2
67,"in-person",0,8,64.6
30,"email",5,3,36.3
48,"phone",4,6,51.2
19,"email",13,7,25.4
32,"email",10,2,34.3
20,"in-person",11,9,24.8
56,"email",10,9,40
60,"web",15,10,29.1
21,"web",13,1,41.9
28,"web",14,4,28.6
33,"in-person",6,10,29.8
65,"email",4,5,26.4
26,"web",15,5,24.3
24,"email",6,7,24.3
19,"web",12,9,18.9
37,"web",3,4,39.6
49,"phone",2,5,41.7
53,"email",10,3,39.4
51,"web",6,9,41.4
25,"web",2,10,8.7
33,"phone",2,2,47.5
30,"web",9,5,24
79,"email",7,6,43.1
26,"web",4,6,25.6
41,"web",7,6,36.2
19,"phone",7,4,50.1
69,"web",14,8,38.1
26,"phone",0,9,27.8
28,"in-person",6,2,42.9
37,"web",12,3,31.8
57,"phone",0,8,40.5
29,"phone",7,3,45.2
22,"in-person",8,9,22.9
51,"in-person",1,4,42.8
29,"phone",9,2,50.9
62,"email",13,2,61.3
28,"web",1,7,19.8
62,"web",4,3,43.8
62,"web",13,7,34.4
66,"phone",8,9,50.7
73,"in-person",7,10,56.1
32,"phone",12,6,33.7
50,"in-person",8,1,56.8
39,"email",12,1,43.6
23,"phone",0,5,40.8
64,"phone",0,4,59.1
39,"email",2,7,36.5
40,"email",13,8,12.4
64,"web",2,6,31.3
18,"phone",15,3,39.7
42,"web",14,3,40.5
47,"email",12,7,27.5
61,"web",6,7,35.8
37,"in-person",9,2,53.2
51,"in-person",1,10,36.8
38,"email",3,7,31.2
40,"phone",1,9,38.6
20,"web",6,10,1
33,"phone",15,10,31.1
74,"web",11,5,37.5
37,"phone",9,10,33.7
76,"phone",13,7,56.2
47,"web",4,6,35.6
41,"web",7,6,34.4
57,"web",5,4,38.6
74,"email",11,10,39.1
52,"email",0,7,29.2
46,"email",4,4,38.6
39,"phone",15,5,32.4
35,"phone",10,10,32.4
30,"phone",4,7,30.3
18,"web",6,10,18.5
42,"in-person",0,2,58.5
23,"web",10,6,6.9
65,"in-person",15,2,65.8
53,"web",6,4,47.5
20,"email",4,10,20.3
42,"in-person",4,4,34.3
75,"phone",4,4,55.4
77,"phone",2,2,80.3
55,"web",12,3,41.7
62,"phone",14,8,51.4
59,"phone",3,8,38
18,"email",3,8,20.5
21,"in-person",5,10,10.7
43,"web",6,7,33
49,"phone",2,6,48.7
20,"in-person",4,4,29.6
77,"in-person",4,5,59.6
46,"email",9,2,40.8
52,"web",6,10,13.9
61,"in-person",15,7,41
28,"email",2,3,27.3
76,"email",4,6,48.1
52,"email",1,3,51.5
54,"in-person",12,2,59
68,"phone",7,5,58
45,"web",4,5,49.8
71,"email",10,3,50.4
64,"web",10,6,54.4
52,"email",2,5,43.3
52,"in-person",1,10,41.2
58,"in-person",2,9,43.1
18,"in-person",2,6,19.8
20,"phone",10,4,44.8
35,"email",13,4,34.2
68,"phone",13,10,39
73,"email",11,5,47.2
76,"web",9,7,49.3
78,"in-person",12,8,55.6
62,"phone",11,10,52.7
78,"email",9,6,52.1
60,"phone",5,1,59.7
65,"in-person",6,2,47
43,"phone",8,3,43.1
26,"email",10,6,16.4
79,"web",12,1,65.7
55,"web",13,1,39
57,"web",2,8,26.2
34,"in-person",13,8,27.8
68,"web",8,3,51.6
51,"phone",15,6,29.2
77,"web",14,9,33.9
45,"web",7,2,38.6
20,"phone",3,2,58.6
78,"email",9,5,36.1
65,"in-person",5,5,50
78,"in-person",1,3,60.7
18,"web",8,5,16.2
61,"phone",0,10,33.7
78,"phone",3,2,50.3
35,"web",9,7,25.9
80,"phone",10,7,47.9
39,"phone",11,1,66.3
76,"email",10,2,47.6
19,"in-person",9,6,14.7
36,"web",9,9,38.7
19,"email",11,3,28.6
39,"phone",6,4,60.1
76,"phone",4,6,63.2
43,"phone",11,10,24.7
23,"email",14,7,10.1
52,"phone",12,9,30.3
36,"in-person",12,9,29.1
73,"web",3,4,47.3
30,"web",5,1,38
32,"in-person",13,10,36.6
73,"phone",7,8,47.3
51,"in-person",9,7,41.6
21,"in-person",14,2,32.1
40,"phone",0,7,44.3
57,"email",5,2,59.8
28,"web",2,4,25.9
69,"in-person",8,3,55.7
42,"phone",6,7,31.4
33,"email",0,9,27.2
21,"web",9,9,27.4
78,"web",4,3,52.9
41,"phone",6,8,58.5
58,"email",4,1,44.9
48,"phone",12,3,43.3
77,"phone",3,3,63
55,"web",8,7,46.5
36,"web",2,4,34.1
23,"in-person",4,5,36.4
47,"email",7,10,26.1
78,"web",13,9,27.7
70,"web",5,4,31.3
31,"in-person",4,1,38.7
21,"email",6,3,27.6
56,"in-person",3,7,50.9
36,"in-person",0,2,44.9
42,"in-person",3,8,28.5
26,"in-person",3,7,34.2
62,"web",14,9,30.8
59,"email",7,10,21.6
72,"email",14,10,28.8
67,"email",15,10,33.3
51,"phone",9,9,32.9
76,"in-person",5,10,47.1
46,"in-person",6,4,43.9
69,"phone",8,5,62
55,"web",13,10,29.9
47,"in-person",4,6,49.5
52,"in-person",8,1,47.8
66,"phone",14,7,61.3
18,"in-person",6,3,30.3
65,"web",11,8,23.7
75,"phone",11,8,53
44,"email",0,9,26.7
74,"phone",1,8,56.6
49,"web",15,5,27.9
19,"email",9,5,20.4
47,"phone",15,4,48.4
48,"web",8,2,49.2
37,"in-person",7,10,20.2
40,"web",3,3,27.3
41,"in-person",12,8,21.8
70,"in-person",5,8,42.8
34,"in-person",0,2,48.9
78,"phone",6,8,41.1
79,"email",3,7,37.5
60,"phone",1,9,51.2
66,"web",9,3,52.4
31,"phone",13,2,51.4
41,"phone",11,3,51
54,"web",13,6,40.5
53,"email",4,7,25.8
51,"web",6,10,25.6
40,"email",8,6,29.4
45,"web",0,3,42.6
42,"email",0,8,31.2
48,"email",6,9,34.8
29,"email",5,9,14.4
28,"email",10,2,47.3
66,"in-person",15,9,40.9
38,"web",14,3,37.2
58,"in-person",0,10,40.3
62,"email",11,6,36.8
68,"email",0,9,46.2
37,"email",14,9,18.5
70,"web",8,6,35.9
31,"web",5,5,29.7
78,"email",15,1,53.5
19,"web",15,4,32.2
27,"phone",15,4,33.7
28,"in-person",13,8,21.1
61,"web",11,5,56.7
78,"in-person",1,5,59.1
31,"email",10,5,23.2
20,"email",5,5,5.9
54,"web",11,2,56.3
51,"email",8,7,29.7
32,"phone",6,5,43.3
79,"in-person",5,9,48.6
78,"email",2,6,41.5
62,"web",4,4,42.9
51,"email",10,8,43
50,"in-person",0,5,37.6
53,"email",2,8,14.3
29,"in-person",11,4,41.8
67,"phone",5,3,59.4
40,"email",5,9,29.1
21,"phone",3,9,34
38,"phone",15,7,50.4
26,"phone",9,4,29
52,"email",10,1,39.2
61,"in-person",0,3,64
67,"phone",7,7,44.9
41,"in-person",11,3,46.6
40,"phone",9,5,44.3
76,"email",15,8,46.7
32,"in-person",8,8,28.1
61,"in-person",0,7,54.8
19,"phone",8,10,28
39,"web",10,10,19
28,"in-person",10,7,35.1
47,"in-person",13,7,42
30,"in-person",14,9,16.3
45,"phone",9,9,43.9
53,"in-person",7,6,35
42,"in-person",11,1,51.8
30,"email",8,3,50.7
68,"web",11,6,44.6
60,"in-person",13,10,34
32,"web",3,3,43.2
53,"web",5,1,47.3
64,"email",8,8,40.8
41,"in-person",3,3,36.4
78,"in-person",7,9,59
44,"phone",7,8,37
49,"web",3,8,43.8
78,"in-person",7,8,40.5
26,"phone",1,2,33.8
67,"phone",15,8,48.5
79,"web",1,1,60.6
35,"phone",6,4,48.4
34,"in-person",1,4,32.3
56,"email",9,5,40.7
42,"web",5,3,50.9
73,"web",9,8,22.2
36,"phone",12,1,58.1
33,"email",8,1,29.3
54,"in-person",15,3,50.1
19,"email",7,1,27.4
49,"web",1,4,41.9
39,"web",0,9,39.7
64,"email",11,9,21.1
49,"email",6,9,15.7
48,"email",1,6,12.2
59,"phone",11,5,45.8
54,"in-person",15,5,50
76,"in-person",0,10,54.6
68,"email",6,7,30.4
59,"phone",9,4,55.3
21,"phone",5,2,52
31,"phone",14,10,29
39,"in-person",13,10,16.5
41,"email",1,7,13.8
37,"email",2,4,51.4
22,"in-person",13,2,32.6
80,"web",4,2,62
54,"in-person",4,2,43.2
76,"email",12,3,53
31,"phone",3,9,25.8
68,"phone",0,10,57.4
71,"web",14,10,37.2
71,"in-person",8,2,59
36,"web",10,3,31.4
48,"in-person",10,10,35.9
22,"phone",1,3,38.6
40,"web",5,1,45
75,"in-person",8,10,39
61,"web",1,1,46.4
54,"web",11,4,32.6
60,"in-person",2,3,60.6
33,"email",13,9,26.5
75,"in-person",7,8,41.8
45,"in-person",7,2,37.2
61,"email",5,2,67.2
45,"phone",5,10,32.2
49,"email",6,5,42
26,"phone",8,4,32.6
71,"email",2,7,38.4
77,"email",3,9,42.2
38,"email",10,5,26.8
35,"in-person",1,3,60
76,"web",14,6,48.3
41,"web",15,7,41.2
62,"phone",13,3,66.9
29,"in-person",7,1,59.8
51,"web",15,4,42.6
80,"web",5,7,47.1
68,"web",15,4,46.4
46,"phone",6,4,50.2
79,"web",12,2,53.7
22,"web",11,4,34.5
52,"web",4,7,23.3
66,"email",12,8,39.6
48,"in-person",8,8,37
79,"phone",4,6,52.9
32,"web",12,7,29.6
33,"in-person",2,4,43
28,"web",0,5,42.4
61,"email",12,7,35.3
50,"web",6,5,47.7
24,"email",13,2,37.9
24,"email",7,3,24.2
20,"in-person",7,9,30.6
68,"phone",5,2,63.9
25,"in-person",2,8,28.1
48,"email",5,7,12.4
69,"phone",13,4,60.1
44,"web",3,5,34.7
76,"email",10,6,29.5
80,"phone",8,5,73
69,"web",2,9,40.6
43,"email",11,2,37.3
80,"web",12,9,53.2
64,"web",9,1,57.4
71,"in-person",9,9,41.9
42,"phone",1,6,56.3
38,"in-person",9,6,28.3
57,"email",11,7,35
32,"web",1,4,26.3
45,"web",1,9,30.8
52,"email",13,4,37.9
30,"phone",15,6,42.9
72,"email",4,5,47.7
19,"in-person",3,1,46.1
76,"web",2,4,57.2
70,"phone",5,9,56.1
79,"in-person",7,4,53.7
29,"in-person",2,10,20.8
25,"in-person",6,2,36.3
22,"phone",6,9,18.3
25,"phone",7,7,33.8
53,"phone",0,8,58.3
65,"web",14,5,40.5
77,"web",4,6,24.7
46,"web",15,7,44.1
53,"web",10,2,36.8
23,"in-person",8,8,24.9
29,"web",9,2,30.9
63,"in-person",2,7,45.4
59,"web",13,8,28.4
73,"email",7,7,34.3
19,"in-person",1,8,14.3
19,"email",0,5,12.5
75,"in-person",0,3,67.5
76,"in-person",11,7,35.1
32,"phone",13,2,55.6
71,"web",12,4,65.5
72,"in-person",11,9,37
20,"email",1,10,16.5
45,"web",5,7,46.1
43,"email",11,5,31.9
25,"web",2,3,28.5
75,"phone",8,1,53.6
76,"email",9,6,63.6
80,"email",5,2,42.6
57,"web",11,5,43.1
55,"email",9,5,26.2
26,"in-person",10,10,17
21,"email",10,4,34.6
20,"email",1,1,27.3
54,"in-person",15,6,37.7
62,"phone",6,8,48.2
79,"in-person",12,9,44.8
50,"email",3,6,32.9
69,"web",14,10,38.8
71,"in-person",0,6,48.6
72,"phone",13,1,58.2
74,"web",1,7,43
77,"web",2,9,36.1
59,"in-person",3,10,38.4
27,"in-person",15,6,31.3
24,"email",3,8,36.3
74,"email",3,9,42.8
38,"web",3,6,19.1
49,"in-person",6,4,50.9
46,"email",13,1,57.1
65,"in-person",13,5,60.4
33,"email",0,6,36
38,"in-person",12,9,26.5
28,"phone",11,6,51
21,"in-person",5,7,26.4
66,"web",15,6,38.7
24,"in-person",15,10,15.7
68,"phone",3,5,50.9
41,"email",12,2,37.1
45,"in-person",6,3,48.3
73,"in-person",10,10,48.7
36,"phone",15,8,30.6
56,"web",9,5,36.2
71,"email",11,1,42.8
55,"phone",14,5,47.6
40,"phone",15,7,40.8
19,"email",14,4,18
58,"phone",0,1,59.3
53,"web",1,8,22.6
58,"email",2,4,42
25,"web",9,7,41
79,"phone",4,10,57.7
34,"web",4,4,25.7
43,"web",3,3,40.7
69,"web",8,2,41.2
63,"in-person",13,6,46
42,"in-person",15,7,26.7
65,"web",2,4,26.6
49,"web",15,6,35.3
49,"web",15,4,34.5
32,"in-person",8,1,40.2
22,"in-person",5,10,27.2
53,"web",7,8,23.5
28,"phone",7,3,40
38,"email",6,2,53.1
60,"in-person",2,4,46.7
44,"in-person",14,8,42.3
25,"web",12,3,28.7
25,"in-person",6,5,19.6
28,"in-person",14,6,26.6
64,"in-person",1,10,37.1
59,"email",14,4,36.7
78,"phone",3,10,44.4
62,"phone",1,1,56.4
35,"phone",1,9,34.1
76,"web",15,4,52.8
77,"in-person",14,8,36.6
58,"email",15,5,52.7
62,"web",3,2,41.3
24,"in-person",8,4,41.2
69,"in-person",14,1,64.7
68,"in-person",5,6,43.5
56,"phone",10,7,46.3
26,"phone",2,6,43.5
47,"web",10,3,51.4
56,"email",2,10,32.3
41,"phone",10,9,30.2
18,"phone",14,4,34.4
29,"phone",15,8,35.3
45,"web",3,8,36.4
18,"email",5,3,27.2
32,"email",14,1,53.5
35,"email",13,9,30.3
46,"email",7,10,25.5
18,"email",15,5,30.1
77,"email",7,3,50.5
18,"web",5,2,36.9
72,"web",12,10,17.5
63,"in-person",0,5,35.2
74,"in-person",11,4,59.2
20,"web",14,7,16.6
22,"web",13,4,40.8
53,"web",10,4,51.6
80,"web",3,2,61.7
65,"phone",0,1,63.9
74,"email",3,6,48.2
19,"email",13,10,9.1
67,"in-person",12,8,45.3
35,"in-person",8,4,34
62,"in-person",14,6,61.8
78,"in-person",3,8,49.3
33,"phone",6,6,23
68,"email",0,5,50.3
74,"web",7,4,56.4
26,"email",5,6,14.8
80,"phone",13,7,68.8
25,"phone",3,7,37.4
73,"web",14,3,64.7
43,"in-person",14,1,50
33,"web",13,5,31.7
47,"in-person",8,1,49
32,"web",8,1,48.8
20,"email",8,2,32.7
22,"phone",11,8,20.7
48,"web",9,7,32
59,"phone",2,5,49.9
73,"in-person",9,9,36.5
72,"in-person",0,3,48
31,"web",10,5,41.3
39,"web",1,4,45
56,"web",12,5,42.3
38,"phone",7,9,38.1
18,"in-person",0,1,25.7
66,"phone",6,8,47.2
70,"web",6,10,40.8
50,"web",8,1,52.4
21,"web",2,1,29.7
79,"phone",10,4,68.8
22,"email",1,6,31.5
74,"phone",10,10,50.8
73,"email",4,5,58.8
52,"web",4,5,46.1
34,"web",11,9,11.3
64,"in-person",2,8,60.1
75,"in-person",3,6,57.8
68,"phone",10,9,59
41,"in-person",15,5,45.1
75,"in-person",3,9,44.9
18,"phone",10,5,38.9
72,"email",4,3,51.2
47,"phone",5,7,26.9
79,"web",6,10,35.9
47,"phone",3,9,50.8
23,"web",14,4,37.7
70,"phone",15,10,22.5
22,"web",9,2,35.2
47,"email",8,10,26.6
66,"phone",5,6,39.7
49,"phone",14,6,39.1
58,"in-person",13,3,59.7
20,"phone",13,3,35.9
23,"web",1,10,14.3
68,"in-person",1,1,60.4
36,"phone",11,2,77.6
76,"web",11,7,44.4
41,"email",2,10,15.3
60,"in-person",9,5,56
80,"phone",12,9,50.9
60,"web",6,2,43.5
70,"phone",14,1,63.5
72,"email",0,9,37.1
75,"web",7,4,66.1
18,"phone",10,7,26.6
75,"phone",7,2,79.2
65,"in-person",11,5,42.1
71,"email",0,7,40.9
25,"in-person",9,1,59.9
35,"web",10,5,40.7
60,"in-person",2,1,65.1
61,"phone",12,6,50
74,"phone",10,6,59.3
21,"phone",3,3,37
47,"web",8,2,55.8
44,"email",9,9,26.7
75,"email",2,2,80.9
67,"email",13,2,54.2
43,"in-person",11,4,26.8
47,"phone",10,1,43.1
65,"in-person",2,9,42.6
27,"phone",4,8,38.1
39,"phone",10,9,24.3
58,"web",6,3,43.8
79,"web",15,4,72.2
34,"in-person",3,1,49.3
28,"phone",6,3,52.5
38,"email",14,1,43.3
42,"phone",11,9,30
42,"web",7,9,16.7
42,"web",13,4,28.6
51,"email",9,10,26.9
63,"in-person",0,6,52.1
24,"web",1,3,31.9
72,"email",7,3,50.4
30,"in-person",13,5,18.5
67,"phone",1,6,61.2
49,"web",5,4,39.8
52,"phone",15,3,49.7
66,"email",14,3,43.8
39,"web",3,8,33.9
62,"web",11,4,51.1
19,"email",15,4,26.1
48,"email",7,4,35.8
74,"in-person",14,2,69.7
32,"in-person",8,4,25.1
43,"phone",2,7,41.1
39,"email",0,4,22.2
75,"phone",1,5,51.1
19,"web",14,9,15.5
67,"in-person",4,9,39.8
32,"email",9,4,44.3
53,"email",6,6,40.6
71,"email",3,7,47.6
55,"phone",3,9,27.2
49,"in-person",8,9,25.4
77,"web",12,5,41.1
58,"phone",7,3,55.5
57,"phone",6,2,58.9
78,"in-person",11,4,74.1
47,"email",14,6,37.3
62,"web",8,3,55.3
41,"phone",5,8,37.6
53,"phone",8,8,33.1
62,"phone",8,2,62.3
39,"in-person",2,7,35.3
32,"web",3,4,35.2
18,"phone",7,2,51
62,"web",11,2,63.3
73,"web",1,3,43.5
68,"in-person",12,9,45.8
75,"phone",8,6,58.1
19,"phone",10,8,27
77,"phone",9,6,82.5
26,"phone",12,1,52.3
68,"web",13,7,42.6
38,"email",4,9,26.7
45,"web",2,7,28.4
67,"web",6,10,28.5
42,"phone",2,7,55.8
32,"phone",4,6,52.6
51,"in-person",4,2,50.2
18,"web",15,9,7.8
36,"phone",1,2,48.6
64,"phone",5,1,74.8
80,"phone",5,5,44.1
71,"web",15,4,49.3
21,"email",6,7,29.1
78,"in-person",3,10,42.2
29,"web",11,9,6.9
44,"in-person",15,9,33
26,"in-person",7,10,26.3
79,"web",11,2,72.2
53,"phone",12,1,55.4
42,"email",12,2,30.8
38,"phone",1,8,49.9
69,"web",13,6,47.4
22,"web",14,9,12.5
54,"in-person",15,6,46.8
33,"phone",5,7,40.2
73,"web",15,2,55.6
22,"phone",1,10,28.5
27,"in-person",10,4,28.3
35,"phone",14,2,45.3
74,"email",5,7,40
38,"phone",14,2,66
55,"in-person",15,10,25.7
35,"phone",2,8,36
18,"in-person",1,1,25.7
49,"web",15,7,32
29,"in-person",11,4,31.2
48,"web",2,5,34.3
51,"web",4,3,40.9
39,"email",12,10,32.8
75,"web",8,6,48.5
69,"web",9,10,27.6
73,"email",13,7,40.4
31,"email",1,5,33
75,"email",8,4,40.3
80,"in-person",3,9,43.7
37,"phone",8,10,24
34,"web",15,10,21.9
76,"in-person",6,6,55.1
76,"in-person",1,10,56
28,"phone",15,1,44.1
33,"web",14,5,29
73,"in-person",5,6,45.2
37,"phone",15,5,48.5
66,"in-person",7,6,59.6
70,"email",14,3,52.1
53,"in-person",11,10,28.9
18,"web",14,5,30.4
37,"web",13,6,31.7
41,"web",0,3,43.6
79,"in-person",8,2,65.3
27,"web",15,9,10.9
78,"email",3,6,42
60,"phone",0,6,39.3
66,"in-person",4,5,46.2
78,"in-person",4,8,44.4
41,"email",10,2,50.2
58,"email",13,7,35
63,"email",5,9,36.4
22,"web",4,6,10.2
44,"phone",6,3,42.2
39,"phone",1,7,31.9
35,"email",6,6,26
72,"phone",4,8,55.4
20,"email",3,5,36.5
46,"web",5,8,21.4
63,"web",10,6,31.9
20,"phone",5,8,32.5
67,"web",11,1,45.4
77,"phone",5,8,52.8
43,"phone",0,3,53.7
62,"in-person",11,5,34.7
54,"email",8,5,32.5
49,"in-person",10,5,37.5
27,"email",10,2,29.1
67,"phone",9,6,64
46,"email",1,6,36.5
48,"web",12,8,34.3
56,"email",2,3,46.5
58,"in-person",7,5,43.9
24,"phone",5,10,16.2
61,"phone",8,2,56.7
22,"web",9,9,26.3
75,"phone",8,1,60.8
33,"web",5,6,33.9
51,"email",2,6,30.2
41,"email",7,10,20.9
42,"phone",12,4,41.6
75,"phone",7,2,59.4
25,"in-person",13,2,40.3
35,"web",11,7,15
52,"in-person",3,2,47.5
73,"phone",12,5,61.6
62,"phone",2,9,29.6
35,"phone",4,3,60.6
24,"phone",5,3,42.6
54,"phone",15,9,38
79,"in-person",1,7,43.7
22,"phone",7,2,41.8
75,"web",2,4,52.7
70,"in-person",2,4,61.7
67,"in-person",11,6,45.3
52,"email",14,7,48.2
21,"web",15,2,32.5
39,"web",7,2,33.8
53,"web",14,4,46.6
60,"email",14,6,42.9
79,"phone",10,9,47.2
69,"in-person",6,1,57.4
63,"web",0,1,59.9
40,"in-person",15,7,40
66,"web",8,3,48.1
73,"email",12,9,36.9
28,"web",4,2,47.9
44,"email",11,7,38.4
56,"in-person",10,4,65
29,"phone",14,1,67
76,"web",13,10,37.8
70,"web",15,9,36.9
21,"phone",5,2,42.9
76,"email",14,9,47.5
46,"email",7,9,36.9
23,"web",9,5,23.9
60,"phone",3,7,53.7
77,"in-person",13,10,39.2
25,"phone",14,9,30.9
32,"email",13,3,40.3
20,"in-person",14,1,49.6
24,"web",3,4,40
59,"web",9,9,36
44,"in-person",5,2,52.2
65,"web",8,7,50.2
55,"in-person",7,3,66.4
80,"in-person",15,4,62.4
47,"email",10,3,50.9
76,"in-person",8,8,47.1
41,"in-person",15,10,23.9
79,"email",1,5,46.5
66,"phone",9,2,64.5
53,"email",12,5,20.6
62,"web",10,10,27.9
48,"email",8,5,47.6
53,"email",14,5,33.5
62,"phone",5,5,59.3
44,"in-person",3,2,37.9
49,"email",9,8,46.6
34,"email",10,2,42.2
60,"web",1,5,36.1
24,"email",14,10,1
69,"email",0,4,56.9
80,"phone",7,8,42.9
57,"email",9,2,53.5
76,"email",5,10,42.1
71,"phone",1,6,61.1
33,"in-person",6,10,26
72,"phone",7,10,40.6
36,"phone",5,1,46.2
66,"email",7,1,55.4
25,"phone",13,5,20.7
74,"email",0,10,29.8
70,"email",7,4,44.9
22,"email",4,10,10.2
28,"phone",14,9,3.8
54,"in-person",4,3,62.8
50,"phone",9,3,60
58,"in-person",2,7,35.4
52,"phone",10,6,57.9
57,"in-person",4,10,38.1
78,"in-person",4,5,44.8
64,"web",2,8,20.4
50,"in-person",13,2,50
63,"web",2,7,47.1
78,"email",12,10,44.3
43,"in-person",13,5,43.2
19,"email",2,4,30.4
30,"email",9,4,20.9
72,"email",10,9,35.6
33,"in-person",4,1,50.7
65,"in-person",12,2,39.9
37,"web",13,3,33.3
37,"in-person",15,1,52.1
25,"email",12,2,25.4
32,"web",15,5,26.3
44,"in-person",15,2,51.9
44,"web",14,3,33.9
58,"email",5,9,17.9
37,"web",10,9,10.3
79,"email",7,10,34.1
75,"phone",12,10,45.4
33,"phone",10,5,26.7
43,"in-person",5,8,48.9
53,"phone",3,10,41.7
50,"web",2,1,26.8
49,"in-person",15,3,50.1
50,"in-person",12,1,56.2
26,"web",6,4,31.1
42,"in-person",13,8,43.9
42,"email",7,10,22.8
45,"email",4,10,7.3
19,"email",13,8,21.6
43,"web",5,9,26.5
41,"phone",0,4,54.4
78,"web",14,2,61.1
28,"web",2,9,9.8
61,"web",8,3,50.8
39,"email",12,10,14.1
18,"email",12,1,35
55,"email",11,6,30.7
56,"phone",10,9,46.1
75,"in-person",7,6,47.9
21,"web",0,6,23.9
49,"email",1,3,44.3
48,"in-person",5,2,60.5
38,"phone",2,10,37.6
39,"email",2,7,26
38,"phone",12,6,36.6
18,"in-person",4,4,42.2
26,"phone",5,3,43.4
26,"email",12,5,15.4
33,"email",5,6,40.7
47,"phone",11,1,65.4
31,"in-person",11,9,28.4
30,"email",11,4,34.9
47,"web",5,5,39.8
56,"phone",4,9,37.6
74,"in-person",15,6,80.6
71,"email",2,9,29.4
75,"web",12,5,37.4
28,"in-person",5,9,5.4
43,"web",8,7,29.8
27,"email",7,1,40.5
18,"web",1,4,18
51,"in-person",10,9,33.4
27,"in-person",6,8,32.5
69,"web",2,6,48.7
26,"phone",14,1,40
62,"email",0,2,57.1
28,"email",9,8,19.2
62,"email",8,4,54.2
38,"in-person",0,9,30.9
69,"in-person",5,7,51.6
27,"phone",3,8,31.8
19,"in-person",15,10,5.3
49,"in-person",3,6,34.4
45,"phone",5,5,46.5
59,"web",10,8,35.4
19,"in-person",9,10,23.7
37,"web",8,7,36.2
29,"web",0,3,31.1
30,"web",2,2,26
59,"phone",7,5,46.2
33,"in-person",12,1,52.6
45,"phone",0,8,31.9
24,"in-person",0,6,43.2
61,"email",7,9,27
29,"phone",3,8,29.7
71,"email",3,10,27.9
19,"web",5,9,17.7
52,"web",0,7,35.2
68,"email",11,5,46.2
51,"phone",1,10,44.2
79,"email",14,9,18.8
74,"phone",9,5,71.7
72,"email",7,4,51.4
37,"in-person",8,2,31.7
53,"web",15,1,53.5
46,"in-person",7,2,63.6
71,"web",2,1,51.7
33,"phone",11,7,55.6
42,"phone",7,1,66.9
29,"in-person",11,9,36.5
37,"email",3,9,5.9
55,"in-person",1,3,57.8
19,"web",1,10,15.5
34,"web",10,3,28.2
47,"email",7,10,24.3
80,"web",1,2,61.6
26,"in-person",11,4,40.7
57,"phone",14,2,56
36,"web",12,3,31
67,"email",14,7,45.1
72,"email",1,10,33.5
62,"email",9,9,29.1
59,"in-person",4,1,48.1
37,"in-person",14,3,37.5
64,"in-person",10,9,23.6
63,"web",10,10,21.1
76,"web",7,5,58.6
22,"web",3,6,31.3
34,"in-person",10,5,38.9
66,"phone",1,8,56.8
61,"phone",7,10,38.9
65,"in-person",2,8,27
79,"in-person",14,7,53.5
53,"in-person",2,10,26.7
74,"web",10,4,55.7
45,"in-person",13,9,28.6
33,"web",13,9,22
28,"web",2,10,20.1
61,"phone",1,4,75.1
30,"web",2,2,30.8
58,"in-person",2,8,37.7
52,"email",12,2,50.9
63,"in-person",7,6,48.6
50,"in-person",15,5,42.8
78,"in-person",2,1,75
22,"web",13,2,30.4
51,"web",5,10,21.9
41,"web",14,6,30.8
20,"web",0,2,33.6
25,"web",4,7,27.7
40,"phone",5,5,60.9
70,"email",7,3,54.9
59,"web",10,10,25.8
31,"phone",5,2,46.9
50,"phone",8,1,67.5
42,"web",14,10,20.1
69,"email",1,4,47.8
42,"in-person",9,1,42.5
25,"phone",2,7,35.1
36,"web",0,9,19.5
40,"email",9,8,31.4
49,"email",5,3,53.5
44,"in-person",3,1,45.8
67,"web",1,9,36.5
44,"in-person",5,5,35.3
35,"in-person",2,7,28.3
52,"web",7,7,35.8
18,"phone",12,10,23.4
49,"in-person",3,6,41.9
75,"in-person",15,2,52.1
73,"web",9,2,50
52,"email",12,8,32.1
44,"web",1,9,13.5
22,"web",1,8,9.1
41,"email",15,10,25.5
31,"phone",11,5,25
26,"phone",4,8,21.2
40,"web",11,5,34.2
29,"in-person",15,5,26.5
31,"in-person",13,6,31.6
61,"phone",14,5,72.8
39,"in-person",11,7,42
44,"email",3,2,45.9
71,"phone",5,5,52.2
42,"email",4,2,31.1
52,"email",9,5,34.4
63,"web",3,3,48.8
70,"web",7,3,51.3
74,"phone",5,6,55.9
43,"phone",13,2,56.7
33,"email",2,8,12
59,"email",5,10,15
20,"email",3,10,12.2
27,"in-person",5,5,38.4
80,"email",4,2,66.6
27,"phone",4,8,47.7
62,"email",12,8,28
54,"phone",6,9,39.7
33,"in-person",1,4,23.5
78,"email",0,8,41.8
23,"phone",7,8,22.9
64,"in-person",11,6,45.3
27,"email",7,3,24.8
54,"email",5,9,35.9
65,"phone",1,1,73.5
45,"email",0,3,36
79,"email",7,6,30.6
75,"email",15,3,49.3
71,"web",10,3,53
45,"phone",2,2,54.8
67,"phone",6,1,66
51,"phone",15,6,53.8
26,"in-person",6,6,29.3
80,"phone",5,5,59.3
61,"phone",13,9,42.7
46,"email",6,1,37.7
42,"in-person",12,1,52.2
78,"phone",6,6,57.9
63,"email",5,2,53
51,"web",9,2,26.9
71,"phone",6,6,56.9
45,"in-person",7,2,53.8
67,"web",14,8,48.2
45,"web",12,10,17.9
28,"phone",0,3,49.7
30,"email",1,6,28.7
34,"web",5,4,34.6
33,"phone",3,7,54.8
61,"email",15,5,53.3
30,"phone",0,2,53.6
24,"email",5,2,26.4
38,"in-person",5,7,37.5
45,"phone",5,8,42.3
26,"phone",10,8,27
41,"in-person",5,8,26.4
33,"phone",7,8,37.8
44,"web",0,6,41
39,"phone",15,5,37.4
62,"phone",13,9,43.5
50,"web",7,9,31.1
65,"phone",0,7,39.4
31,"in-person",7,10,30.6
38,"in-person",4,6,40.3
37,"phone",14,10,36.4
48,"in-person",5,8,47.3
33,"email",4,5,24.6
60,"web",15,4,45.7
65,"email",0,9,31.5
39,"email",2,4,26.9
52,"phone",3,7,45.2
54,"in-person",13,6,48.6
28,"in-person",15,9,24.7
44,"email",14,1,50.5
57,"in-person",13,7,58.4
65,"email",10,6,27.1
73,"in-person",0,6,51
34,"web",3,7,27.7
67,"web",12,1,58.6
21,"in-person",4,9,25.9
36,"web",4,6,8.8
52,"email",0,7,22.9
26,"phone",0,9,25.4
50,"phone",0,5,39.1
31,"in-person",2,8,50.4
64,"in-person",13,9,44.9
18,"email",2,2,31.8
50,"in-person",1,6,43.9
22,"email",6,4,27.5
48,"phone",6,4,66
19,"phone",4,7,44.2
54,"web",13,1,50.5
46,"phone",14,3,29.9
32,"email",1,5,23
25,"web",10,5,22
56,"web",14,10,25.7
21,"web",11,3,48
65,"in-person",8,8,50.4
21,"phone",14,8,36.8
41,"email",13,8,35.8
44,"email",12,5,36.4
27,"phone",14,7,25
32,"phone",14,7,39.5
67,"phone",8,5,50.8
64,"in-person",11,5,37.2
69,"phone",15,8,40.9
76,"phone",13,2,73.6
47,"in-person",11,10,34.1
18,"in-person",10,3,37.6
59,"phone",4,5,48
74,"in-person",12,6,54.1
72,"in-person",10,5,55.3
51,"in-person",12,6,43.5
28,"phone",14,6,41.9
20,"web",12,10,14.7
21,"email",8,4,24.4
41,"in-person",3,3,59.4
71,"in-person",7,10,45.8
61,"phone",15,4,43.7
80,"phone",0,2,69.5
32,"web",10,9,21.8
19,"web",8,7,18.4
39,"web",7,7,35.5
48,"web",8,2,36.1
80,"phone",0,8,52.6
72,"phone",11,10,45.3
20,"in-person",13,8,28.6
52,"phone",12,5,58.6
71,"web",5,4,46.8
29,"phone",2,8,37.6
39,"in-person",14,3,54
47,"web",1,3,29.2
45,"in-person",10,8,25.9
54,"web",15,8,27
52,"in-person",6,8,26
33,"email",9,6,30.3
28,"phone",0,1,43.5
33,"email",2,4,27.5
78,"email",8,3,57.1
68,"email",6,4,50.8
65,"web",5,1,50.8
38,"web",1,7,33
18,"email",11,2,36.4
31,"in-person",13,7,23.2
50,"email",7,2,30.8
37,"phone",10,6,40.9
22,"in-person",11,8,32.8
80,"web",10,10,33.2
60,"phone",0,8,32.7
21,"phone",11,6,39.1
48,"email",13,10,25.3
65,"phone",0,10,45.9
42,"phone",1,8,36.7
73,"web",11,8,23.6
77,"web",13,10,41.7
58,"email",15,1,54.1
80,"email",10,6,45.5
30,"in-person",6,7,26.4
29,"phone",14,8,29.9
26,"phone",15,10,30.1
75,"email",4,7,49.6
58,"phone",1,5,62.2
52,"web",11,9,23.1
42,"web",9,10,20.1
29,"email",1,10,11.9
70,"web",6,10,42.5
76,"in-person",14,8,47.7
40,"web",8,3,33.6
28,"in-person",2,7,27.7
25,"phone",7,10,25.7
75,"email",4,8,53.8
60,"in-person",2,10,20.4
46,"in-person",1,2,41.2
45,"in-person",11,4,34.8
18,"web",3,1,28.7
42,"in-person",7,3,52.5
35,"web",6,2,35.3
75,"in-person",7,10,50.4
63,"email",3,6,50.6
38,"phone",6,10,25
23,"web",11,3,43.7
22,"in-person",7,10,18.9
18,"phone",2,7,26.9
46,"web",1,7,33.1
66,"phone",3,7,48.3
40,"phone",13,2,49.1
41,"web",0,8,30
76,"email",3,4,50.8
76,"email",6,1,44.8
58,"in-person",13,6,32.6
40,"phone",12,7,38.6
65,"phone",9,5,48.2
57,"phone",10,4,69.5
65,"email",0,10,24.6
27,"phone",13,8,17.1
20,"phone",7,10,17.5
33,"phone",13,6,34.4
52,"in-person",8,9,29.9
68,"email",15,4,31.7
18,"email",9,4,29
21,"phone",5,7,35.9
61,"web",5,3,47.5
29,"email",0,3,27.9
75,"email",6,4,48
48,"phone",14,7,52.6
51,"web",5,10,37.1
57,"web",5,1,51.9
76,"web",7,7,42.8
51,"in-person",0,6,43.8
77,"web",12,10,36.2
46,"email",4,4,27.9
56,"email",6,5,39.2
40,"in-person",1,10,28.6
40,"web",0,10,29.3
34,"web",4,2,30.2
59,"web",14,7,38.3
67,"phone",8,9,24.5
20,"web",9,3,31
65,"phone",15,1,61.6
55,"phone",3,9,42.4
77,"email",10,8,48.7
27,"in-person",6,9,31.7
59,"phone",11,1,57.1
45,"email",7,9,34.7
78,"in-person",1,4,60.2
23,"email",5,8,35.9
78,"phone",13,3,68.9
26,"email",10,4,19.5
65,"in-person",8,7,38.6
32,"phone",2,3,58
54,"in-person",2,1,61.6
34,"in-person",7,5,41.7
48,"in-person",6,9,14.6
69,"in-person",11,7,40.9
54,"in-person",6,4,49.9
29,"web",11,2,46.3
43,"web",8,8,40
76,"web",11,7,54.8
57,"email",0,6,32.5
22,"email",11,2,31.2
62,"in-person",5,3,60
35,"email",0,5,16.4
23,"in-person",9,6,27.4
43,"in-person",13,2,57.7
50,"phone",1,2,51.7
19,"phone",6,10,21.8
77,"in-person",12,7,50.9
79,"phone",1,8,67.9
43,"web",6,6,34.8
22,"phone",10,8,20.9
26,"web",11,2,40.1
50,"web",6,5,32.7
43,"in-person",8,8,43.8
56,"web",1,4,39.6
44,"in-person",1,8,34.8
58,"email",9,7,41.9
63,"web",12,9,32.9
75,"web",2,7,29.1
65,"email",1,1,43.1
31,"email",11,3,31.8
64,"phone",13,1,61.8
27,"email",8,10,23.3
54,"web",0,5,43.3
48,"web",10,7,34.8
22,"email",4,2,42.8
23,"email",15,8,16.3
76,"in-person",5,8,47.4
25,"in-person",10,9,34.6
33,"email",3,6,22
29,"email",4,4,22.6
74,"in-person",12,7,37.7
46,"in-person",5,1,52
74,"email",2,10,28
75,"email",3,2,41.4
71,"web",12,2,55.7
51,"in-person",13,7,53.7
71,"web",6,4,41.5
66,"in-person",13,1,57.1
77,"in-person",1,3,70.3
71,"phone",8,5,58.8
72,"email",13,1,56.9
30,"web",2,2,28.5
46,"phone",15,7,44.1
21,"email",9,2,44.4
37,"web",11,6,26.7
51,"phone",2,4,48.2
63,"phone",2,4,54
72,"email",3,3,43.8
21,"web",15,7,20.7
49,"phone",8,1,63
50,"email",2,7,39
18,"in-person",14,2,39.5
76,"email",9,1,57
51,"phone",13,9,28.3
68,"phone",11,7,45.6
72,"phone",12,3,46.5
58,"phone",3,9,38.8
69,"phone",11,1,66.4
30,"phone",4,2,47.2
26,"in-person",10,2,52.1
21,"email",11,2,27.8
69,"web",12,3,49.9
57,"phone",12,10,30.5
44,"phone",1,5,53.5
43,"phone",6,10,35
45,"web",2,3,40.9
64,"web",13,4,37.5
55,"phone",9,7,37
33,"phone",5,2,41
77,"web",1,10,30
27,"email",9,6,41.8
56,"phone",14,10,31.3
26,"in-person",12,4,37.9
71,"email",2,10,38.2
29,"in-person",6,3,49
27,"phone",15,7,39.6
71,"web",12,7,37.2
28,"email",1,9,25.6
21,"email",12,3,42.2
50,"in-person",6,1,46.7
75,"email",5,6,46.5
32,"phone",7,2,53.1
75,"phone",7,5,60.4
64,"in-person",6,3,73.2
28,"phone",14,5,43.9
72,"email",0,2,41.4
40,"in-person",5,6,34.7
63,"web",3,6,31.9
64,"web",2,6,57
63,"web",10,3,39.7
38,"in-person",2,4,38
62,"phone",14,4,48.5
70,"email",10,8,37
64,"web",2,3,71.1
61,"email",0,3,43.8
18,"web",10,5,24.1
62,"email",11,3,42.9
46,"web",0,2,43.9
39,"in-person",6,3,41.6
25,"in-person",6,7,25.8
80,"web",8,7,35.1
57,"email",3,8,21.4
66,"in-person",7,8,26.9
62,"email",11,7,43.7
50,"in-person",5,8,50.9
20,"in-person",13,9,27.9
46,"email",3,3,34.1
48,"email",13,8,34.6
71,"phone",7,9,67.5
65,"email",1,2,60.4
40,"web",11,6,26.4
58,"web",11,3,37.8
19,"email",10,10,14.4
60,"phone",0,9,50.4
78,"phone",4,7,27.2
71,"email",12,9,37.3
65,"web",10,10,34.2
23,"phone",3,5,47.8
25,"phone",14,3,42.7
41,"email",11,8,47.4
44,"in-person",11,8,39.2
32,"email",11,8,23.3
38,"email",11,8,24.8
68,"web",0,3,25.9
39,"in-person",5,3,46.9
63,"web",3,6,24.2
53,"email",15,1,60.3
35,"web",15,4,25.4
43,"phone",3,1,54.8
67,"phone",0,3,62.2
53,"web",12,4,44.7
79,"phone",14,2,72.8
18,"web",13,6,15
25,"phone",12,3,49.6
79,"web",3,1,76.9
58,"web",12,3,50.4
29,"in-person",1,6,21.9
62,"email",14,7,44.4
76,"in-person",9,8,48.2
36,"phone",2,10,34.4
76,"phone",12,2,56.6
60,"phone",11,5,58.6
57,"phone",7,3,54.6
48,"web",11,3,39.5
49,"email",4,1,44.8
50,"in-person",6,4,30.4
39,"email",7,6,29.9
39,"email",7,9,12.3
31,"web",3,10,5.7
67,"phone",5,10,52.7
76,"web",4,8,38.3
75,"in-person",7,6,38.1
52,"email",11,4,47.7
46,"phone",15,9,39.5
68,"web",10,3,43.5
71,"in-person",9,7,38.7
57,"web",7,3,52.6
30,"web",8,1,42.4
39,"in-person",9,4,36
58,"email",0,10,13.7
73,"phone",12,7,56.9
18,"web",3,3,34.3
60,"phone",2,4,49.4
72,"web",9,6,48.7
61,"web",8,5,25.2
59,"in-person",9,8,31.5
25,"in-person",5,10,29
43,"phone",6,4,54.7
74,"phone",15,5,47.5
19,"phone",11,5,45.2
43,"web",12,9,14.7
59,"in-person",2,7,43.8
54,"phone",2,9,33.8
48,"web",11,1,60.9
66,"phone",11,4,48.9
48,"email",15,10,24.6
22,"web",2,1,42.1
75,"web",9,1,59.5
58,"web",12,2,45.9
18,"email",6,7,14.2
45,"phone",6,9,29.9
23,"email",3,8,29.8
80,"email",11,7,54.2
41,"web",13,9,23.8
28,"email",0,5,16.7
73,"in-person",11,3,61.2
69,"email",3,2,64
28,"phone",15,2,40.1
20,"email",3,1,40.6
59,"web",4,1,56.9
75,"email",9,2,47.5
27,"in-person",2,9,24.3
62,"email",13,3,38.8
53,"email",11,9,34.2
22,"phone",13,5,39.7
45,"email",3,2,58.4
54,"web",13,2,50.2
80,"phone",2,9,57.7
58,"phone",7,7,58.6
35,"in-person",13,10,23.2
76,"email",3,6,54.6
54,"in-person",1,9,50.4
38,"phone",1,4,45
23,"in-person",15,4,35.8
43,"web",3,5,25.4
51,"phone",1,4,57.7
43,"phone",0,6,44.9
36,"email",9,5,13.1
26,"email",4,5,37.2
80,"email",10,3,59.6
64,"email",5,6,28.5
57,"web",8,1,66.5
68,"web",4,5,38.2
52,"email",9,9,14.9
61,"in-person",11,1,52.5
72,"phone",15,7,43.7
46,"in-person",3,2,39.7
42,"email",4,3,42.3
70,"phone",2,9,39.9
70,"web",15,4,51.9
38,"in-person",8,9,20.6
18,"email",11,1,25.7
73,"email",1,8,22.6
25,"web",9,10,15.7
57,"in-person",4,4,55.1
26,"web",10,2,40
55,"web",6,2,35.3
26,"in-person",0,6,34.3
39,"email",15,2,26.7
67,"web",1,3,47.6
32,"email",11,2,45.3
70,"in-person",1,7,46.1
35,"web",13,3,20.2
22,"web",4,4,31.4
28,"web",2,8,21.6
51,"web",3,6,37.1
48,"phone",8,8,40.5
33,"in-person",0,8,36.7
28,"email",2,3,44.4
23,"in-person",12,7,23
49,"in-person",10,10,34
78,"in-person",11,8,59.1
19,"in-person",11,7,33
45,"in-person",5,5,25.5
74,"web",6,7,47.5
48,"web",8,3,44
65,"web",8,6,47.3
37,"email",7,7,20.5
70,"email",9,5,50.6
25,"web",9,4,30.3
23,"phone",2,9,19.3
28,"phone",8,1,56.6
78,"web",1,9,41.9
80,"email",14,9,54.1
80,"in-person",8,2,63.2
69,"web",4,2,51.3
29,"phone",0,6,35.2
24,"web",8,10,12.8
23,"phone",13,5,44.1
19,"in-person",13,7,19.1
39,"in-person",12,1,44.6
45,"web",10,6,28.6
42,"phone",14,9,35.3
27,"phone",8,9,22.9
63,"email",8,5,50.2
58,"web",11,5,34.7
40,"email",10,2,53.5
50,"phone",12,2,47.6
51,"phone",7,9,27.1
43,"in-person",9,3,53.3
42,"web",1,1,30.8
18,"in-person",7,4,41.8
51,"phone",4,6,56.1
34,"in-person",2,1,60.2
60,"phone",15,7,46.2
57,"in-person",10,10,34.4
46,"phone",1,3,51.6
29,"email",8,8,25.2
45,"email",2,7,30.8
65,"web",12,4,47.4
20,"email",4,9,28.3
75,"in-person",12,8,55.6
38,"phone",5,5,29.8
69,"web",1,5,44.8
50,"phone",8,9,30.1
22,"email",3,1,29.9
30,"email",15,6,37.1
44,"email",2,2,58.6
48,"in-person",5,2,50.8
61,"in-person",9,3,40.2
27,"email",0,6,36.8
51,"web",10,10,27.7
18,"email",8,4,26.2
35,"phone",7,4,63.7
70,"email",4,3,51.9
72,"phone",14,4,62
56,"in-person",5,7,43.6
78,"phone",5,8,46.8
63,"web",6,9,39.3
23,"in-person",1,2,44.2
59,"phone",12,10,26.8
59,"phone",10,7,54.4
28,"phone",0,7,29.7
43,"email",15,4,36.2
18,"in-person",15,2,42
56,"in-person",10,6,45.7
50,"phone",10,10,48.2
70,"in-person",14,10,34.7
66,"web",9,8,34.4
19,"in-person",2,10,10.1
44,"in-person",14,4,45.1
37,"phone",1,1,45.6
78,"email",4,4,42.7
58,"email",0,6,34.7
44,"email",4,1,45.4
30,"in-person",8,7,26
72,"web",7,5,56.7
49,"in-person",11,9,41.5
32,"email",11,8,19.6
55,"email",13,6,27.9
76,"in-person",13,4,48.2
33,"web",5,7,33.6
48,"email",8,4,47.5
66,"in-person",12,9,44.7
59,"web",2,6,45.4
36,"web",1,9,19.9
30,"in-person",2,8,34.1
51,"email",13,1,45.8
28,"phone",2,8,28.7
34,"email",10,1,31
60,"in-person",13,7,36
43,"email",10,3,25.9
28,"web",4,3,27.4
28,"phone",8,7,23.7
80,"phone",12,2,54.6
34,"phone",3,7,42.8
66,"web",7,4,36.4
71,"email",2,3,55.8
80,"email",9,5,43.4
42,"phone",5,7,28.9
49,"phone",4,9,38.1
20,"in-person",0,3,26
58,"email",4,4,34.9
71,"in-person",13,7,46.4
77,"web",13,10,27.4
37,"web",7,8,25.1
67,"phone",2,10,41.8
40,"phone",7,10,28.1
68,"web",12,6,32.6
52,"web",8,7,33
54,"in-person",1,10,23.2
58,"phone",1,7,41.7
53,"in-person",7,10,45.5
63,"phone",7,4,54.7
51,"web",15,8,26.9
62,"in-person",6,1,59.7
45,"email",9,1,46.2
20,"web",6,8,17.8
62,"phone",5,2,70.5
41,"in-person",5,9,16
60,"phone",12,3,49.4
51,"email",15,9,31.1
66,"in-person",8,7,51.3
18,"web",4,7,28.6
38,"email",6,2,46.2
61,"email",0,6,31.2
64,"phone",9,4,46.8
39,"in-person",15,4,56.2
70,"web",6,8,41.5
74,"email",7,5,46.4
37,"phone",12,7,51.9
27,"email",5,7,20.9
58,"web",11,10,42.3
48,"in-person",15,4,39.1
23,"web",12,1,40.2
51,"email",3,3,36.3
43,"email",0,7,20.5
21,"web",7,9,22.4
64,"phone",5,8,48
19,"email",3,10,11.7
75,"phone",9,7,55.5
80,"web",5,2,49
20,"in-person",7,9,18.5
52,"web",0,6,44.6
20,"web",9,5,21.4
71,"email",12,5,44
20,"phone",15,9,8.7
45,"web",6,9,18.1
30,"email",6,4,34.9
41,"phone",2,6,39.4
51,"email",14,3,40
36,"web",2,2,35.3
38,"web",13,7,33.6
77,"phone",5,5,70.1
46,"email",3,6,47.6
62,"email",3,5,43.2
72,"web",5,1,53.2
59,"phone",7,5,64.8
31,"phone",3,3,50.4
61,"in-person",1,6,41.2
40,"phone",15,3,49.6
32,"email",2,7,16.7
63,"phone",1,3,59.6
30,"in-person",10,1,39.8
28,"web",13,1,39.8
63,"in-person",0,3,56.7
45,"in-person",3,8,36.6
46,"web",14,2,36.3
44,"email",8,9,37.1
27,"email",2,6,26.9
26,"web",2,3,29.9
36,"email",9,4,38.6
34,"web",7,8,15.2
70,"in-person",12,3,59.1
24,"phone",11,3,48.3
37,"email",7,5,14.2
45,"in-person",5,1,52.4
80,"phone",4,8,55.5
44,"in-person",6,1,61.6
78,"web",8,6,46
77,"in-person",7,1,70.9
39,"web",1,9,21.9
26,"phone",0,2,38.3
20,"email",9,6,41.3
66,"phone",11,3,55.9
76,"phone",4,3,72.3
68,"email",13,7,45
23,"email",2,2,46
33,"web",10,4,30.2
49,"web",8,5,35.4
34,"in-person",5,8,25.1
25,"web",2,5,34.3
36,"email",1,1,36.7
45,"in-person",13,4,45.7
20,"web",7,5,33.5
65,"email",8,4,52.5
35,"in-person",0,3,43.8
31,"in-person",7,10,24.6
52,"web",6,7,37.1
39,"web",10,4,34.4
69,"web",3,1,56.5
51,"web",0,10,14.9
20,"web",2,4,27.7
54,"web",11,5,44.7
28,"in-person",5,5,25.9
28,"email",9,3,25.9
76,"phone",5,5,56.6
20,"in-person",3,7,33
59,"email",1,2,37.3
76,"in-person",4,3,72.7
51,"web",5,8,20
54,"email",3,10,11.8
76,"email",7,4,57.8
60,"email",1,4,42.1
29,"web",4,5,31.3
27,"email",2,4,43
74,"email",9,8,39.4
27,"web",2,2,28.6
54,"phone",15,5,49.3
62,"phone",3,6,56.7
51,"phone",5,6,49.5
38,"phone",2,1,47.4
66,"email",12,10,32
54,"email",13,10,28.3
73,"web",1,8,28.3
32,"in-person",5,2,39.9
19,"web",10,4,30.6
67,"email",14,1,51.2
19,"phone",14,10,40.2
20,"in-person",13,7,18.3
70,"email",9,9,35.7
71,"in-person",4,8,41.8
27,"email",10,3,48.5
21,"web",14,5,12.4
23,"in-person",12,7,30.3
47,"email",15,8,23.5
59,"email",7,4,49.1
25,"in-person",12,3,33.5
76,"email",15,4,52.5
27,"email",11,2,33.4
26,"in-person",0,8,20.5
45,"email",15,4,38.3
58,"phone",2,10,43.1
51,"web",1,2,63.2
49,"phone",8,8,43.8
38,"in-person",14,4,46.6
24,"web",10,10,19
80,"phone",4,6,61.4
56,"phone",13,4,41.3
42,"phone",7,7,39.7
48,"phone",4,3,58.4
78,"email",6,8,46.7
37,"phone",12,8,40.1
61,"phone",14,8,58.5
73,"web",8,10,41.7
48,"web",3,7,48
71,"email",11,2,41.8
72,"web",11,1,40.8
54,"in-person",6,3,43.8
41,"in-person",4,2,52.4
75,"in-person",1,2,62.2
63,"email",7,3,59.1
76,"email",0,1,63.5
52,"in-person",8,3,58.5
52,"email",3,8,26.3
75,"email",2,2,69.5
24,"phone",5,8,23.6
19,"email",4,2,35.9
51,"in-person",11,8,46.3
37,"web",3,6,22.1
69,"in-person",11,10,44.6
60,"phone",2,9,52.9
28,"phone",13,6,41.8
38,"web",0,9,34.9
60,"email",12,8,21.6
57,"in-person",3,3,51.2
77,"email",12,1,62.5
37,"email",6,7,32.8
30,"email",4,2,36.3
53,"email",9,1,53.4
53,"web",2,6,28.1
58,"web",7,5,45.5
54,"email",13,8,24.7
65,"phone",11,3,54.5
42,"web",15,8,16.1
58,"email",3,10,28
41,"phone",12,8,43.8
19,"web",15,1,34.1
35,"email",7,1,38.3
31,"web",6,9,24.5
63,"web",13,1,64.3
26,"email",1,8,35.5
37,"in-person",8,8,44.2
75,"in-person",10,5,59.9
32,"in-person",8,5,36.8
46,"phone",2,9,36.1
36,"phone",6,2,59.4
77,"phone",6,2,50.2
56,"web",5,10,29.1
67,"web",15,10,23.3
78,"phone",0,4,59.7
33,"web",4,7,24.6
60,"in-person",14,6,33.8
27,"phone",6,3,46.2
66,"phone",4,3,51.4
27,"web",13,7,28.7
39,"email",10,10,5.8
25,"phone",1,2,42.8
35,"phone",6,7,45.5
29,"web",8,4,41.3
50,"in-person",0,3,41.6
75,"web",9,1,55.9
37,"phone",13,10,28.7
49,"email",7,6,39
62,"phone",11,10,51.1
24,"email",13,5,30.7
62,"email",5,8,37.1
54,"email",10,3,55.2
75,"email",15,1,60
76,"web",12,6,53.7
46,"in-person",7,4,61.7
60,"email",4,5,49.9
18,"in-person",0,7,29
27,"email",1,7,15.7
36,"phone",6,1,62.7
70,"in-person",1,9,42.6
77,"in-person",3,1,62.8
46,"in-person",4,3,56
27,"web",5,2,35.6
64,"web",1,7,39.3
57,"phone",10,4,58.9
41,"web",13,5,38.2
50,"phone",6,8,31.2
48,"phone",9,8,37.9
32,"in-person",11,6,57.6
60,"email",4,8,32.3
19,"email",11,5,10.9
24,"email",1,1,31.2
71,"email",12,6,43.1
34,"phone",4,10,33.8
80,"in-person",9,10,34.1
67,"web",15,10,40.1
58,"phone",15,8,38.2
32,"email",3,2,21.8
45,"in-person",3,7,60.1
46,"phone",12,5,41.9
50,"web",7,2,50.9
27,"web",13,10,28.5
75,"email",5,7,37
25,"phone",7,3,42.6
36,"email",6,1,37.5
53,"in-person",12,4,36.6
37,"web",4,8,21.4
77,"in-person",5,4,56.5
46,"phone",12,3,52
71,"phone",15,4,65.5
49,"phone",2,3,44
80,"email",12,3,56.9
59,"in-person",9,4,48.6
30,"email",7,7,13.4
64,"in-person",1,10,49.5
80,"phone",13,1,71.1
56,"email",8,4,50.3
67,"phone",10,10,54.2
20,"in-person",2,7,22
37,"email",11,3,23
39,"email",11,5,29.1
69,"email",4,7,31
64,"email",15,4,39.9
35,"phone",3,9,30.7
79,"email",11,7,40.1
36,"email",5,1,52.9
69,"email",15,5,47.2
78,"in-person",2,2,55.9
18,"in-person",3,3,39.1
52,"in-person",12,7,45.3
78,"email",15,1,63.2
73,"in-person",4,8,36.9
58,"in-person",9,6,43.5
27,"in-person",8,8,31.4
20,"web",7,4,30.9
22,"phone",15,7,30.9
49,"web",0,2,62.6
43,"email",15,3,34.4
56,"web",2,1,51.1
70,"in-person",1,2,58.1
31,"in-person",14,3,45
38,"email",0,1,40.1
68,"in-person",1,5,49.8
67,"email",13,5,53.8
40,"email",3,7,28.2
76,"in-person",4,2,54.9
55,"in-person",0,1,53.1
66,"web",8,9,17.3
37,"in-person",10,3,48.2
78,"in-person",0,7,59.2
52,"phone",5,5,42.5
27,"in-person",0,9,28.9
28,"web",7,5,26
44,"phone",1,1,56
49,"web",8,9,36.1
24,"in-person",2,3,45.9
80,"in-person",2,6,50.5
49,"email",0,4,39.9
18,"in-person",6,10,12.8
34,"phone",5,7,35.3
63,"in-person",3,9,33.3
24,"web",14,8,24.4
39,"web",15,10,27.8
70,"web",9,3,61.3
58,"web",14,4,55.7
55,"email",4,9,46.8
34,"phone",14,2,58.6
28,"in-person",6,2,30.7
39,"email",12,3,40.9
75,"phone",12,3,56.6
27,"web",7,8,20.5
69,"web",12,3,50.1
23,"web",9,10,6.9
46,"in-person",4,1,58.5
62,"phone",1,7,52.3
45,"web",9,10,29.8
48,"email",2,3,35.9
52,"email",11,1,54.4
51,"phone",6,8,48.7
65,"email",4,8,33.6
18,"email",4,6,20.3
37,"in-person",10,10,28.4
51,"web",3,5,40
19,"phone",12,8,34.7
68,"phone",6,3,66.5
49,"in-person",7,6,41.1
47,"in-person",10,9,21.5
24,"web",9,7,9.6
33,"email",13,2,42.6
25,"in-person",12,4,44.4
27,"phone",13,7,35
18,"in-person",15,10,12.6
18,"email",5,6,21.7
54,"in-person",1,6,39.7
26,"web",15,5,19.1
73,"phone",0,9,53.9
39,"in-person",13,1,46
59,"email",9,2,50.9
74,"email",8,5,51
32,"in-person",10,5,30.6
77,"web",2,6,50.7
75,"phone",6,4,62.1
51,"web",2,3,23.2
40,"email",12,2,36.9
31,"email",7,7,18.3
75,"email",15,3,52.1
52,"email",4,2,46.3
49,"phone",14,5,38.7
37,"web",5,3,27.1
18,"email",6,5,28.4
80,"phone",5,8,59.9
54,"phone",2,9,45.3
68,"phone",7,2,70.3
28,"web",8,8,24.3
30,"in-person",1,3,45.4
44,"web",7,10,21.4
74,"email",7,4,45.9
29,"email",1,5,27.8
33,"in-person",6,3,42.8
21,"web",13,5,51.3
22,"web",10,10,30
43,"web",14,3,36.3
40,"in-person",12,3,50.8
27,"in-person",3,4,46.3
20,"phone",7,7,20.8
73,"phone",9,6,56.2
74,"web",10,5,38.6
72,"web",6,4,34.2
55,"web",6,6,36.1
62,"phone",2,3,76.7
46,"phone",12,4,43.1
70,"in-person",1,2,58.5
42,"phone",7,4,50.4
76,"in-person",6,1,65.2
55,"email",9,1,41.1
18,"phone",14,9,19.9
30,"in-person",2,8,42
37,"in-person",12,4,27.1
80,"email",12,3,42.9
55,"in-person",7,3,40.6
51,"web",5,9,25.7
25,"web",0,5,39.2
59,"in-person",13,10,37.3
35,"web",15,6,15.5
47,"in-person",4,1,45.2
53,"email",15,2,45
71,"email",15,1,68.5
48,"email",15,3,47.3
67,"email",6,9,32.6
71,"email",1,2,58.6
23,"phone",6,4,48.8
74,"phone",6,8,46.7
45,"in-person",6,2,49.4
26,"web",10,3,28.8
40,"phone",11,1,52.9
29,"email",2,3,25.1
41,"web",13,6,41.7
32,"phone",11,5,27.5
24,"web",9,8,15.8
77,"web",5,5,39.8
74,"phone",10,5,66.6
59,"web",6,3,37.1
33,"phone",1,2,49.6
18,"email",2,3,46.2
57,"web",13,6,47.9
19,"email",3,5,18.7
57,"email",5,6,48
54,"in-person",3,4,29.7
31,"phone",2,2,59.7
36,"web",3,7,21.6
22,"email",10,9,17.8
45,"email",3,1,46.1
65,"email",5,6,39.3
74,"email",3,1,58.4
63,"web",6,7,44.5
58,"in-person",8,9,32.6
71,"web",14,2,45.2
63,"web",15,9,48.7
22,"phone",2,10,4.1
65,"in-person",14,9,30.8
53,"in-person",8,7,37.8
75,"in-person",2,7,48
32,"email",13,1,52
58,"phone",9,6,58.8
28,"email",2,7,20.7
54,"email",9,6,42.8
67,"email",7,2,57.1
45,"in-person",15,7,37.7
19,"in-person",11,5,34.8
43,"phone",10,8,30.3
48,"in-person",9,10,25.7
57,"in-person",3,1,61.2
69,"phone",0,8,37.4
24,"phone",15,4,40.1
69,"email",7,1,55.3
60,"in-person",7,8,37
57,"phone",1,4,59
80,"web",1,6,43.7
52,"in-person",8,1,57
27,"in-person",4,4,35.3
36,"web",6,7,21.6
20,"in-person",2,2,35.2
67,"email",10,9,38.2
60,"phone",7,10,34.7
38,"phone",9,7,45.4
20,"in-person",11,9,12.6
29,"email",7,4,34
25,"phone",0,6,41.1
31,"in-person",15,9,17.8
55,"web",2,9,33.7
43,"phone",10,8,45.1
21,"in-person",13,7,25
51,"web",11,5,52.2
42,"in-person",0,1,58.9
28,"email",9,10,16.4
56,"in-person",9,1,54.1
60,"email",0,5,37.2
60,"web",11,8,30.1
27,"email",6,9,2.9
18,"in-person",15,10,36.6
60,"email",1,6,43.1
43,"in-person",10,4,35.7
46,"web",14,1,38.8
22,"web",3,1,41.8
41,"email",9,6,33.5
76,"email",5,1,56.2
37,"in-person",5,8,36.6
23,"phone",11,6,34.3
54,"in-person",9,5,41.4
69,"email",6,2,44.1
51,"phone",4,6,56.4
62,"web",2,3,47.4
76,"phone",4,9,44.2
29,"web",14,2,22.6
28,"phone",9,6,35.7
33,"email",13,3,29.1
24,"web",4,8,19.3
35,"in-person",6,2,40.4
27,"in-person",10,7,23.6
50,"email",14,2,50.3
41,"phone",1,6,43.1
68,"phone",15,9,43.7
59,"web",15,1,45.7
46,"phone",9,1,58.8
19,"in-person",5,3,35.7
34,"email",14,9,33.6
53,"email",3,9,36.3
28,"phone",12,7,34.6
60,"web",2,8,33.1
30,"web",9,1,37.4
18,"web",1,10,27.1
55,"phone",14,8,33.5
18,"phone",4,5,41.1
44,"email",4,5,27.8
19,"in-person",11,1,42.8
61,"email",14,10,25.3
55,"email",15,3,54.7
29,"web",13,9,14.1
38,"web",4,5,39.9
78,"web",12,7,57.3
75,"web",4,9,46.3
37,"in-person",3,1,42
78,"in-person",9,3,54.8
55,"email",4,4,49.3
67,"phone",14,7,48.4
36,"in-person",10,5,41.5
44,"web",7,4,27.3
32,"web",12,10,22.9
32,"in-person",5,6,35.3
49,"email",3,1,37.1
34,"web",6,7,28.7
73,"email",7,5,61.3
68,"phone",15,10,55.3
23,"web",3,1,45.8
51,"in-person",5,2,58.5
67,"email",5,2,53.6
28,"email",7,2,40.8
75,"in-person",13,9,43.2
64,"email",15,3,51.4
47,"in-person",8,2,43.3
23,"phone",6,10,33.9
71,"in-person",7,8,35.7
31,"phone",14,9,26.1
79,"email",1,7,38.6
29,"phone",6,3,31.9
52,"in-person",11,8,39.5
44,"phone",9,9,36
75,"email",4,5,51.5
29,"phone",2,7,22.3
77,"phone",3,2,85.6
77,"web",1,2,52.9
66,"in-person",12,7,37.8
45,"web",13,6,38.3
74,"phone",3,3,71.3
61,"in-person",2,9,39.7
63,"phone",13,8,51
69,"email",14,10,33.3
42,"phone",14,10,25.8
23,"phone",8,9,22.1
80,"web",11,5,46.6
23,"email",2,8,23.5
73,"phone",6,10,42.9
63,"email",9,10,26.4
26,"web",6,3,30.9
42,"in-person",8,7,37.1
27,"web",11,3,25.3
47,"phone",15,1,63.6
61,"in-person",11,4,48.2
73,"phone",1,3,60.9
72,"web",7,1,68.3
45,"phone",12,4,47
60,"web",2,5,30.8
36,"phone",0,2,47.3
56,"in-person",12,10,28
69,"web",0,1,38.3
34,"phone",2,3,49.2
42,"email",15,4,37.7
22,"in-person",10,2,31.6
47,"web",3,4,35.7
53,"email",0,7,29.2
23,"phone",5,4,56
29,"web",7,10,19
55,"phone",7,3,38.9
77,"web",3,6,46.6
78,"phone",10,7,55.2
19,"email",15,4,18.1
47,"phone",5,8,48
41,"web",2,5,44.9
42,"email",12,1,37.5
80,"in-person",11,4,55.4
66,"web",1,10,32.5
36,"email",4,4,32.3
20,"email",0,6,17.9
19,"in-person",12,10,25.5
52,"web",9,1,49.6
47,"phone",1,4,56
76,"phone",12,6,69.7
48,"in-person",6,5,29.8
75,"web",3,5,47.1
18,"web",15,4,28
72,"phone",7,7,66
56,"web",12,7,33.8
37,"web",10,7,45.6
60,"in-person",15,5,57.5
51,"phone",13,3,47.3
33,"phone",4,9,9.3
53,"email",5,2,56
24,"in-person",9,4,44.6
24,"phone",8,4,49.5
63,"email",4,2,49.2
42,"web",0,10,23.6
69,"email",6,5,53.7
30,"in-person",2,5,31.3
33,"web",6,3,33.1
43,"email",3,3,40.3
33,"phone",3,2,58.4
47,"email",3,2,42.1
49,"web",0,7,22.2
75,"phone",5,1,66
71,"in-person",13,8,39.5
35,"web",1,5,34.2
21,"in-person",1,10,23.5
31,"phone",13,9,24.9
47,"web",3,10,18
80,"in-person",14,8,44
65,"in-person",0,4,37.2
40,"phone",8,4,52.3
26,"phone",15,2,47
74,"email",4,2,38.7
44,"web",8,4,35.5
37,"web",4,5,6.4
39,"in-person",1,1,54
27,"in-person",10,8,24
28,"in-person",12,10,10.5
80,"web",12,9,33.1
26,"web",1,8,23.1
51,"phone",2,10,45.3
69,"in-person",3,6,48.3
59,"in-person",14,3,49.5
67,"phone",8,6,53.8
40,"email",12,4,21.6
48,"phone",9,2,55.3
60,"phone",4,1,63.4
42,"in-person",3,4,37
25,"email",8,10,19.9
63,"email",14,1,51.7
48,"in-person",15,5,45.2
44,"web",8,4,44.8
25,"phone",7,5,43.7
60,"phone",15,2,55.3
72,"web",5,6,42.7
64,"in-person",13,3,48.7
79,"email",8,10,33.5
64,"email",1,9,37.5
62,"phone",9,1,56.3
26,"email",4,8,18.4
47,"phone",9,3,39.3
20,"phone",14,7,31.9
53,"phone",13,9,33.2
78,"web",0,3,49
59,"in-person",0,9,50
61,"email",8,2,57.4
33,"phone",7,7,43.8
50,"phone",1,1,74.9
39,"phone",4,3,49.5
42,"phone",2,7,36.4
51,"web",13,3,29.5
38,"in-person",2,3,42.6
52,"email",14,8,17.4
55,"email",14,8,28.3
31,"in-person",12,2,42.5
29,"phone",15,4,53.6
19,"phone",3,1,61.4
39,"in-person",13,2,47.4
52,"email",5,3,42.8
27,"phone",9,3,51.4
69,"web",9,10,20.5
50,"phone",5,10,33.9
54,"phone",1,4,56.2
50,"web",4,2,51.2
60,"phone",4,4,54.8
33,"in-person",0,10,24.5
22,"in-person",5,10,19.7
42,"email",8,3,41
19,"in-person",3,3,39.6
20,"web",15,4,21
42,"email",0,7,35.6
80,"phone",7,10,39.6
67,"in-person",12,10,36.7
46,"email",2,8,24.6
49,"in-person",3,6,39.8
61,"phone",6,3,54.4
61,"in-person",5,7,48
78,"in-person",1,6,64.7
34,"email",3,5,43.9
44,"phone",4,10,45.2
40,"phone",10,2,51.9
63,"phone",12,5,58.5
70,"email",13,2,40.4
80,"phone",3,4,71.1
68,"in-person",10,4,46.3
56,"phone",7,10,49.7
73,"in-person",13,4,45.7
68,"email",2,4,55.8
39,"in-person",0,6,36.9
26,"email",1,4,25.9
47,"phone",3,6,45.9
72,"email",14,7,31.5
19,"phone",7,1,43.1
20,"phone",9,7,16.5
25,"phone",15,10,23.6
74,"in-person",2,9,40.1
18,"email",14,8,1
46,"web",0,6,37.4
19,"web",0,3,45.8
51,"in-person",12,4,37.2
33,"phone",14,6,53.9
22,"in-person",13,8,20.5
33,"phone",9,3,48
37,"phone",14,7,41
34,"in-person",6,5,36.2
38,"in-person",2,10,12.1
32,"in-person",4,5,33.5
78,"email",3,6,53.7
35,"email",12,1,49.6
40,"phone",12,2,54.7
23,"in-person",9,5,30.3
29,"in-person",13,2,53.8
37,"web",12,10,21.7
55,"phone",7,10,50.7
67,"email",10,8,40.6
79,"web",5,2,53.3
53,"web",8,7,30.3
78,"email",8,2,66.7
72,"web",0,4,57.2
75,"in-person",6,3,68.9
44,"phone",4,6,55.9
36,"email",14,5,25.1
52,"phone",6,10,35.5
44,"phone",6,4,43.5
54,"web",13,9,30.6
41,"phone",4,9,36
21,"in-person",14,9,21.2
54,"web",3,8,27.8
57,"phone",7,2,58.6
74,"in-person",5,5,43.7
51,"in-person",0,10,45.5
48,"email",13,8,20
52,"email",14,10,32.2
24,"web",4,5,43.9
34,"phone",11,1,38.2
74,"phone",0,10,34.1
30,"email",1,6,23.7
68,"web",4,5,46.9
22,"in-person",8,9,26.3
71,"in-person",5,9,26.7
72,"web",9,6,48.4
61,"in-person",1,10,34.7
22,"in-person",12,9,21.2
31,"in-person",0,5,35.2
70,"web",4,3,33.9
41,"phone",6,2,60.8
64,"web",8,6,51.3
40,"web",14,3,42.5
47,"email",5,10,21.5
69,"in-person",11,8,45.9
65,"email",8,9,37.7
56,"email",13,3,35.3
73,"phone",2,9,48.1
18,"in-person",9,3,17.5
49,"email",0,8,44.2
44,"web",10,6,43.7
57,"phone",8,7,65.2
40,"email",7,9,26
79,"email",12,10,47
48,"in-person",15,7,45
22,"web",1,5,18.8
42,"phone",11,3,50.8
74,"in-person",1,4,62.3
62,"phone",7,5,50.9
43,"phone",5,2,51
36,"email",15,3,40.5
31,"phone",6,4,38
49,"email",8,3,30.5
51,"web",6,9,27.3
43,"phone",8,1,61.9
36,"phone",11,6,39.7
32,"web",10,8,25.9
31,"web",15,1,40.8
35,"phone",0,10,33.5
58,"phone",9,5,70.4
27,"web",8,7,16.6
65,"phone",1,3,62.4
19,"web",6,2,37.9
60,"phone",7,6,47.3
67,"phone",15,2,46.1
73,"email",14,2,54.8
44,"phone",6,8,27.1
51,"email",9,4,25.2
34,"email",5,2,42.6
22,"web",9,5,24.9
77,"in-person",14,10,28.3
22,"web",12,7,27.3
36,"web",14,6,26.7
46,"web",11,2,37
23,"email",1,4,24.2
32,"phone",5,10,30.4
21,"email",2,6,29
70,"in-person",5,5,43.5
65,"email",8,2,50.5
71,"web",14,5,49.6
43,"email",4,9,36.7
40,"in-person",4,2,48.9
76,"web",12,3,65.8
54,"web",10,6,39.7
39,"email",13,10,29.4
29,"email",9,4,34.5
43,"phone",14,6,35.4
42,"in-person",14,2,48.6
56,"in-person",8,3,59.3
39,"in-person",0,1,62.8
69,"web",14,6,42.7
19,"in-person",2,2,45.9
70,"email",13,10,25.1
66,"in-person",3,3,41.5
80,"in-person",15,1,66.2
61,"phone",12,4,53.7
36,"email",0,1,52.9
72,"web",5,9,37.4
41,"in-person",8,9,31.3
24,"web",7,1,37.6
20,"phone",7,4,43.1
59,"email",0,3,49.6
59,"phone",12,6,47.7
46,"phone",10,2,53.4
80,"in-person",1,2,61.4
27,"phone",7,5,46
62,"web",2,1,65.3
63,"web",0,4,46.1
20,"phone",0,9,26.9
26,"in-person",10,4,32.6
77,"web",13,9,36.7
80,"in-person",2,1,65.2
46,"in-person",13,1,62
35,"phone",15,10,20.9
58,"web",2,1,43.2
66,"in-person",15,5,61
51,"in-person",11,2,46.2
66,"web",10,10,21
37,"phone",6,2,58.8
50,"in-person",6,2,49.8
53,"web",5,10,30.4
48,"email",5,5,41.7
36,"email",10,4,42
31,"phone",9,1,42.4
72,"email",11,6,46.9
46,"email",3,3,44.5
60,"email",15,3,35
77,"web",2,10,27.2
58,"email",0,10,32.6
57,"email",14,10,14.7
24,"email",15,3,19
48,"web",6,6,45.4
55,"in-person",9,6,47.5
65,"email",5,9,22.9
18,"phone",15,1,45.3
27,"phone",6,7,22.8
31,"web",15,7,33
47,"web",6,10,21.6
60,"email",13,4,41
21,"in-person",4,9,20.9
52,"phone",0,10,33.9
32,"in-person",9,3,41.2
73,"in-person",15,6,44.6
24,"web",5,9,18.5
55,"email",0,5,47.5
28,"email",8,1,35.4
78,"email",5,4,58.4
20,"email",3,7,24.6
59,"web",5,10,28
40,"web",0,6,24.6
37,"in-person",9,5,50.2
79,"email",5,9,27
50,"web",11,6,38.5
46,"web",15,1,40.4
30,"phone",6,5,49.4
70,"web",9,10,42.2
31,"phone",1,3,37.5
63,"email",2,9,38.1
49,"email",9,3,33.1
51,"email",7,9,41.1
49,"email",1,3,43.7
39,"email",3,7,49.8
21,"phone",2,9,20.2
22,"phone",6,4,39.3
75,"web",15,6,41.8
64,"web",7,7,34
29,"email",5,8,30.6
65,"in-person",4,8,40.6
37,"in-person",5,2,39.5
46,"phone",3,3,57.6
59,"phone",9,1,62.6
32,"in-person",15,3,34.8
41,"in-person",13,6,34.3
58,"in-person",3,5,45.5
20,"web",4,3,44.9
40,"phone",15,4,37.5
56,"email",10,8,38.1
76,"phone",7,8,50.6
63,"in-person",4,9,54.6
64,"in-person",14,6,34.8
53,"phone",5,8,52.4
63,"web",14,10,31.2
56,"web",14,4,37.9
62,"web",5,9,36.7
72,"web",8,10,25.6
49,"web",4,4,43.5
36,"phone",7,6,53.7
27,"phone",1,1,50.4
18,"phone",5,8,23.8
19,"web",7,8,16.7
19,"in-person",10,2,55.9
74,"email",13,8,47.4
47,"in-person",2,2,54.2
53,"phone",1,8,33.7
76,"in-person",14,9,57.3
71,"phone",6,8,49.2
23,"in-person",13,10,23.2
50,"web",2,5,20.3
56,"email",8,5,40.3
37,"email",9,10,24.7
46,"phone",3,2,47.9
58,"web",7,8,30.3
79,"phone",3,5,55.1
27,"in-person",14,4,36.1
55,"in-person",9,8,40.7
20,"web",6,3,34.1
45,"in-person",12,10,41.5
78,"phone",2,1,64.6
31,"in-person",12,5,31.6
49,"web",10,2,49
55,"email",6,3,48.3
80,"phone",1,2,66.2
64,"phone",14,10,36.8
18,"email",12,4,39
44,"phone",7,10,39.7
27,"web",8,4,35.1
69,"email",2,5,46.4
61,"web",13,5,36.2
40,"web",0,10,33
32,"web",7,8,14.4
40,"web",15,8,30.1
34,"web",7,10,8.1
47,"web",11,1,40.7
36,"in-person",3,10,27.1
26,"web",10,1,27.7
74,"in-person",5,8,35.3
27,"web",9,7,28.1
43,"web",4,10,27.7
51,"web",14,1,52.2
23,"email",3,1,44.1
73,"web",14,6,47.4
45,"in-person",7,5,41.2
48,"in-person",7,10,36.7
26,"in-person",5,9,26
30,"email",14,8,21
29,"in-person",6,2,41.3
42,"email",8,8,31.2
80,"in-person",14,5,72.5
39,"web",12,1,44.6
49,"phone",10,9,32.1
37,"web",0,6,42.5
39,"in-person",0,8,25.5
27,"email",4,1,47
65,"email",0,6,31.9
74,"phone",10,1,72.2
49,"phone",4,3,51
27,"email",4,9,11.2
75,"email",4,1,69.5
44,"email",8,9,33.5
65,"in-person",8,10,26.6
19,"email",1,4,19.9
50,"in-person",7,6,34.5
56,"email",1,6,32.2
72,"web",1,1,44.8
20,"phone",3,2,57.3
27,"phone",1,8,41.9
56,"email",10,2,31.8
26,"web",7,4,37.1
51,"email",3,8,19.5
58,"in-person",3,9,44.5
60,"in-person",14,8,50.8
77,"in-person",10,1,56.7
24,"in-person",12,4,27.5
78,"in-person",6,8,43.3
57,"email",4,9,29.9
75,"web",10,3,49.2
50,"in-person",2,7,30.5
55,"email",13,10,20
49,"web",7,2,44.7
61,"web",4,1,44.4
41,"phone",3,7,50.6
53,"web",7,8,33.3
68,"in-person",2,10,47.3
18,"in-person",6,2,18.8
77,"phone",15,8,47.4
34,"email",2,2,41
77,"in-person",1,4,46.3
73,"in-person",9,2,53.1
47,"web",6,5,39.3
68,"phone",4,2,54.7
26,"in-person",9,8,29.4
19,"phone",12,8,27.5
26,"web",7,3,22.2
60,"in-person",0,2,57.3
24,"in-person",0,10,14.3
45,"email",4,2,40.8
29,"email",5,1,47.7
43,"email",7,9,14.9
56,"email",5,5,46.3
42,"web",12,4,36.8
57,"email",4,2,47.9
69,"email",5,6,49.6
34,"in-person",15,9,18.1
52,"in-person",10,2,56.5
34,"email",1,4,24.3
23,"in-person",13,8,23.5
47,"email",10,3,50
53,"in-person",2,8,10.7
45,"in-person",5,6,38
37,"web",3,6,28.3
52,"web",0,4,40.9
41,"phone",12,10,39.6
32,"email",5,5,25.6
19,"email",7,8,24.8
46,"phone",0,3,63
61,"in-person",3,7,46.5
58,"phone",4,2,60.2
52,"email",2,6,44.3
36,"email",4,10,22
34,"web",11,5,35.2
29,"web",8,6,22.5
45,"phone",11,1,52.4
25,"phone",1,9,35
76,"email",12,9,40.2
49,"in-person",3,10,42.9
50,"web",14,7,29.6
59,"email",15,4,33.5
44,"phone",3,2,57.3
78,"web",1,4,46.3
39,"email",14,10,25.9
59,"email",1,5,55.5
44,"phone",2,2,52.4
66,"email",11,1,57.6
77,"phone",1,2,66.9
51,"email",3,9,21.9
70,"email",6,7,37.8
74,"phone",11,10,38.5
63,"in-person",12,7,46
40,"web",3,5,30.7
41,"web",10,8,34.1
41,"email",15,2,20.2
57,"in-person",12,5,51.7
20,"phone",10,5,31.2
53,"in-person",5,4,61.1
42,"email",8,8,37.7
66,"in-person",7,2,48.1
47,"web",12,3,42.8
78,"in-person",9,3,57.9
31,"in-person",6,5,21.8
43,"in-person",10,5,43.1
76,"phone",9,5,63.8
72,"in-person",2,9,47.3
37,"in-person",5,3,41
73,"web",10,7,42.3
70,"in-person",4,8,39.6
64,"phone",12,3,58.3
22,"email",10,8,16.6
52,"email",9,4,58.2
65,"email",5,2,51.1
38,"phone",10,6,59.6
55,"phone",14,1,65
47,"phone",1,8,34.8
30,"email",0,3,34.6
36,"phone",13,7,32.6
18,"email",11,10,7.9
52,"email",6,4,42.8
63,"in-person",9,2,63.8
51,"in-person",11,1,55.2
57,"in-person",10,3,53.7
20,"phone",13,5,43.3
25,"web",10,1,39.2
70,"email",10,8,46.2
37,"in-person",8,8,21.4
27,"in-person",12,7,37.7
49,"in-person",11,1,47.6
50,"web",4,9,32.1
41,"phone",7,7,40.5
47,"email",5,1,33
27,"web",11,1,44.8
47,"phone",10,6,52.6
39,"email",2,4,31.5
46,"phone",3,3,53.6
42,"phone",11,3,54.6
59,"phone",8,8,52.5
52,"in-person",8,3,40.1
22,"web",14,2,35.9
24,"phone",10,7,36.4
75,"web",6,3,54.4
49,"web",11,9,33.8
25,"in-person",1,9,38.1
72,"email",0,10,27.3
21,"web",9,9,2.7
37,"web",12,9,12.6
33,"web",10,10,27.7
62,"email",5,5,40.1
51,"web",10,5,48.4
66,"web",8,4,47.3
53,"in-person",15,10,43
74,"in-person",10,6,50.1
74,"in-person",0,9,37.4
26,"web",3,8,12.9
69,"web",14,3,52.2
64,"in-person",2,7,44.6
22,"web",0,7,13.3
22,"phone",7,6,36.4
65,"email",15,9,15.5
66,"web",1,6,26.6
35,"phone",9,9,21.3
33,"email",7,8,30.6
18,"web",14,10,12.7
71,"web",0,10,26.9
21,"phone",2,6,28.9
74,"web",12,7,43.6
71,"phone",12,8,50.1
58,"web",8,8,34.3
62,"in-person",0,9,48.5
57,"in-person",10,1,69.1
53,"email",1,3,51.5
68,"web",12,4,44.7
75,"phone",2,7,52
28,"web",4,3,29.5
44,"phone",14,9,48.5
47,"email",7,9,38.8
21,"in-person",10,10,21.1
75,"phone",12,3,64.8
19,"web",14,6,20.2
19,"phone",2,10,22.1
30,"phone",8,1,51.8
80,"in-person",5,1,76.5
71,"email",2,4,59.3
40,"web",12,9,19.2
20,"in-person",10,4,29.1
63,"web",14,3,45.9
28,"phone",11,10,26.9
45,"phone",15,7,24.2
36,"web",6,8,24.3
38,"email",1,10,26.9
48,"in-person",3,8,43.1
36,"in-person",0,6,38.9
43,"email",13,4,28.5
35,"in-person",15,9,39.5
45,"in-person",10,2,60.9
75,"in-person",14,5,62.2
57,"web",5,4,56.4
72,"email",2,4,50.9
77,"phone",7,1,58.6
19,"phone",1,5,26.3
50,"phone",10,9,40.7
20,"phone",4,1,56.9
27,"phone",7,3,61.8
31,"email",11,4,32.1
42,"phone",8,7,39.8
41,"web",1,8,33.8
57,"email",13,2,32
24,"phone",8,1,44.4
55,"web",14,3,37.8
32,"phone",10,2,61.5
64,"web",13,9,24.5
28,"in-person",10,6,28.1
72,"email",10,9,36.4
64,"email",13,9,45.6
47,"phone",9,7,45.1
25,"web",5,2,41.5
63,"in-person",15,7,52.9
71,"phone",0,7,45
63,"email",5,2,39.3
68,"in-person",11,6,65.5
37,"web",3,9,22.3
45,"email",6,5,33.1
72,"phone",10,3,51.3
44,"in-person",3,6,22.8
72,"in-person",11,4,58.8
71,"in-person",3,8,53
46,"email",11,6,27.6
19,"web",6,2,26.5
28,"email",11,1,50.9
80,"in-person",11,1,49.9
56,"phone",3,3,64.9
30,"in-person",14,9,29.7
53,"web",3,10,25.4
68,"in-person",3,3,46.7
55,"in-person",13,8,29.9
39,"web",8,5,29.9
33,"in-person",6,3,34.3
37,"phone",15,9,37.7
24,"phone",2,9,39.9
54,"email",12,10,24
54,"phone",14,6,44.8
45,"email",11,8,36
65,"in-person",11,7,50.5
19,"phone",4,10,25.5
60,"email",0,4,47.3
73,"web",9,9,38.8
65,"web",11,4,54.6
32,"phone",9,6,41.1
47,"phone",11,3,62.7
26,"in-person",8,3,44.1
48,"in-person",12,5,36
38,"web",4,2,28.8
33,"phone",4,6,33.4
69,"in-person",11,10,19.8
60,"web",6,5,44.1
34,"email",5,7,14.8
36,"phone",11,9,27.8
64,"in-person",10,6,38.6
69,"web",2,8,41.8
79,"in-person",11,3,64.9
75,"email",5,9,30.9
77,"email",8,4,72.2
50,"in-person",2,2,40.6
62,"phone",15,10,48.1
47,"in-person",10,9,33.5
44,"in-person",3,7,40.3
31,"in-person",5,2,50.1
52,"in-person",1,6,37.4
77,"phone",11,7,52.3
50,"web",10,1,48.4
61,"phone",11,7,46.6
80,"phone",6,6,46.6
18,"in-person",6,2,31.4
44,"email",13,5,44.9
42,"web",9,2,65.4
33,"web",0,6,24.6
62,"email",0,2,52
70,"phone",0,1,71.6
38,"phone",3,10,30.6
41,"phone",9,8,39.3
53,"phone",6,4,64.5
68,"phone",3,9,58.2
54,"web",9,5,34.3
42,"email",10,4,22.9
22,"in-person",9,3,20.7
45,"web",11,1,51.8
57,"web",6,10,33.7
73,"phone",7,2,71.3
70,"in-person",2,9,32.8
28,"phone",1,5,47.8
24,"phone",11,4,33.5
77,"phone",14,5,69.2
19,"phone",15,3,52.3
41,"web",13,3,32.1
21,"phone",4,5,25.1
57,"in-person",5,5,43.1
27,"web",10,2,30.9
61,"email",15,2,45.7
31,"email",14,7,30.2
59,"phone",15,5,44.8
57,"email",9,3,52.6
29,"in-person",3,3,44.4
53,"web",0,5,53
33,"web",3,4,9.8
25,"in-person",5,3,34.2
41,"phone",0,6,48
39,"phone",10,4,37.7
72,"in-person",6,4,50.8
54,"email",10,9,22.6
66,"web",8,8,34.6
30,"email",0,6,21.5
56,"in-person",7,10,28.1
43,"in-person",14,8,24.9
71,"phone",6,3,60
54,"email",4,7,28.1
57,"in-person",13,1,52.4
38,"in-person",3,5,32.6
77,"web",13,8,50.1
19,"in-person",13,4,32.4
68,"web",6,7,49.4
80,"web",9,8,50.5
29,"web",9,2,35.6
64,"email",12,2,48.4
24,"phone",5,8,27.5
41,"phone",11,10,20.7
44,"web",10,7,36.5
33,"web",8,1,36.7
74,"phone",8,4,38.3
47,"in-person",2,9,40.7
61,"in-person",2,9,47.9
57,"email",9,6,37.2
31,"in-person",2,8,30.9
40,"phone",9,7,44.2
49,"email",2,2,40.3
63,"in-person",0,6,54.6
23,"phone",2,7,41.8
60,"web",6,4,39.5
46,"phone",8,10,29.9
46,"web",1,9,31.5
78,"email",13,4,42.4
78,"phone",5,7,43.2
36,"phone",5,6,28.7
30,"phone",14,1,46.5
59,"in-person",7,9,35.9
41,"web",12,2,48
55,"email",10,10,36.4
38,"phone",13,1,52.5
26,"web",9,2,26.3
45,"in-person",6,1,57.9
57,"phone",12,5,49.7
45,"in-person",7,3,39.3
38,"in-person",10,5,49.3
46,"email",3,4,48.6
18,"web",9,10,15.8
36,"in-person",12,6,41.5
80,"phone",3,7,56.4
51,"email",4,2,45
80,"web",15,6,44.1
24,"in-person",8,5,21.2
50,"web",8,6,35.3
28,"in-person",9,9,28.6
29,"web",2,7,17.2
47,"email",8,4,47.5
54,"phone",3,1,76.4
54,"phone",10,5,56.9
51,"phone",10,10,29.4
52,"phone",14,4,55.2
43,"email",5,4,36.1
41,"email",9,3,41.6
30,"email",11,10,12.4
24,"email",11,7,20.9
38,"phone",9,3,40.8
47,"web",5,1,46.7
30,"phone",0,5,41.2
24,"in-person",7,3,36.5
20,"email",6,7,29.5
26,"in-person",0,3,36.1
72,"email",7,5,53.1
68,"email",3,6,22.5
70,"in-person",2,8,47.9
40,"email",6,3,46.9
18,"phone",9,5,41.1
20,"in-person",11,4,24
33,"email",6,4,45.5
67,"email",9,10,37.9
50,"web",10,2,46.9
29,"web",0,5,29
74,"in-person",11,6,48.4
58,"email",6,3,55.8
73,"in-person",9,8,63.5
47,"in-person",0,7,45
58,"phone",5,3,53.9
80,"phone",11,1,74.1
39,"email",6,6,38.3
20,"phone",10,2,51.6
65,"email",13,4,49.5
60,"email",11,3,56.7
36,"in-person",13,8,31
67,"web",2,9,36.1
54,"in-person",4,1,69.7
64,"web",1,6,36.9
59,"in-person",1,4,45.5
32,"phone",13,2,50.2
64,"email",12,9,47.6
28,"email",9,7,31.7
27,"web",9,5,38.1
76,"phone",5,9,55.7
31,"email",11,8,20
77,"web",10,1,53.8
57,"phone",9,2,62.1
41,"phone",9,1,44.3
56,"in-person",9,3,66.1
21,"web",7,5,25.9
37,"phone",13,5,57.8
42,"phone",5,2,54.3
51,"email",8,10,30
40,"in-person",6,7,38.4
77,"in-person",13,2,62.8
42,"email",15,5,40.3
45,"phone",10,6,38
22,"web",10,3,49.2
67,"email",15,8,39.2
47,"web",8,6,30.7
47,"email",15,10,22
22,"phone",14,2,41.5
29,"web",14,2,44.6
71,"in-person",12,1,55
38,"phone",14,5,48.4
25,"phone",1,3,43.3
60,"in-person",9,2,65.7
31,"web",15,5,22.1
23,"in-person",4,4,37.3
33,"web",3,1,48.5
71,"web",5,4,42.1
48,"email",7,4,28.4
51,"in-person",5,1,65.3
31,"phone",8,1,48.7
20,"phone",6,4,43.9
49,"phone",13,8,55.1
29,"email",11,3,38.5
71,"phone",0,7,56.2
77,"email",0,10,43.9
45,"web",11,1,43.7
19,"in-person",7,5,22.9
37,"email",9,2,48
51,"email",5,2,54.7
70,"phone",1,5,55.2
39,"email",15,1,45.9
37,"web",12,9,22.6
42,"email",8,5,36.2
79,"email",13,10,33.9
77,"web",3,1,71.5
47,"phone",5,10,44.4
44,"phone",11,2,58.3
39,"in-person",3,10,22
54,"phone",0,4,63.4
23,"phone",6,6,49.2
70,"in-person",2,6,57.6
73,"web",1,4,43.1
67,"in-person",2,8,29.3
56,"in-person",7,10,33
51,"email",0,3,38
79,"phone",4,7,55.3
40,"in-person",11,8,40.6
77,"in-person",7,4,51.6
50,"in-person",11,4,47
22,"phone",13,1,56.7
34,"web",13,10,18.3
46,"in-person",7,7,38.5
75,"email",3,10,26.6
69,"in-person",1,8,50.1
53,"email",10,6,37.7
79,"in-person",3,2,65.1
32,"web",9,10,24.5
45,"email",4,9,25.8
47,"phone",10,8,50.2
30,"web",13,4,42.3
77,"web",11,10,41
61,"in-person",1,2,57.2
35,"email",12,6,29.1
53,"web",0,2,55.2
70,"phone",13,10,46.8
72,"phone",7,10,62
76,"phone",15,10,60.4
73,"phone",6,9,55.9
52,"web",6,2,49.7
64,"phone",12,10,34.4
22,"web",13,5,31.4
26,"in-person",6,6,26.8
68,"phone",1,10,44.1
70,"in-person",1,4,51.1
55,"web",15,10,14.5
60,"in-person",15,6,40.2
18,"in-person",4,9,14
75,"email",6,1,56
36,"in-person",7,1,36
44,"web",10,5,32.3
72,"in-person",1,1,60.5
23,"in-person",2,3,37
77,"web",4,5,41.2
46,"phone",9,5,51.6
59,"web",8,1,36.7
35,"phone",3,4,46
73,"web",6,2,59.8
60,"email",7,9,12.8
69,"in-person",8,8,36.6
70,"web",6,10,34
50,"web",4,8,17.8
52,"web",10,4,34.2
65,"web",12,4,55.3
77,"email",0,5,45.6
54,"in-person",15,10,28.6
43,"phone",9,10,37.8
61,"phone",9,5,44.6
62,"phone",7,8,48.2
39,"web",5,4,41
20,"in-person",9,9,23.9
28,"web",7,9,16.7
24,"web",9,5,9.4
50,"web",11,2,47.8
21,"email",9,5,28.4
30,"web",1,9,3.8
75,"in-person",9,9,54.6
78,"phone",4,1,61.3
69,"phone",4,10,42.6
71,"email",9,6,48.7
20,"in-person",9,2,32.3
41,"in-person",10,1,46.2
47,"in-person",12,10,30.5
64,"phone",11,3,47.4
36,"web",3,8,15.2
75,"phone",0,3,69
39,"phone",14,7,40.9
19,"in-person",12,9,25.9
67,"email",10,4,46.4
56,"phone",10,1,61.6
56,"in-person",5,1,52.1
55,"phone",7,9,34.1
49,"in-person",4,10,32.3
64,"web",3,9,32.5
41,"in-person",9,7,32.5
74,"email",8,3,55.6
51,"phone",7,1,56.1
77,"phone",14,9,47.8
22,"web",8,2,33.9
40,"phone",12,9,37.5
26,"phone",4,9,26.2
22,"phone",3,8,27.5
18,"web",11,8,7.1
33,"in-person",11,3,44.9
33,"phone",1,9,45.7
44,"web",12,6,31.2
20,"in-person",3,1,44
38,"in-person",4,10,27.6
48,"web",5,4,22.2
21,"email",12,7,22.8
39,"email",13,9,18.4
26,"email",0,7,17.5
18,"phone",11,5,31.6
54,"in-person",4,6,47.2
27,"phone",3,9,35.9
20,"email",15,2,30.2
23,"phone",1,6,30.7
56,"in-person",2,7,44.1
50,"email",4,1,57.2
33,"web",0,5,18.8
71,"email",10,5,29.2
23,"email",0,3,24.3
28,"email",4,6,22.1
38,"phone",6,9,33.5
39,"phone",15,8,38.4
61,"web",13,2,43
32,"phone",3,3,36.5
31,"email",3,7,7.8
44,"web",6,1,46.9
80,"in-person",15,6,72.2
70,"email",11,2,54.3
34,"email",4,4,31.3
54,"in-person",5,2,50.4
46,"email",5,2,46.5
42,"email",14,3,47.2
78,"in-person",8,2,56.8
30,"phone",10,8,37.4
80,"in-person",0,9,49.5
80,"email",12,3,54.3
67,"in-person",3,6,38.1
43,"phone",11,1,63
46,"web",13,10,12.6
47,"phone",11,7,45.4
61,"email",3,10,18
75,"web",10,7,36
51,"phone",4,6,55.9
45,"web",0,7,21.7
57,"in-person",0,1,54.3
74,"in-person",2,2,71.3
32,"phone",3,2,45.8
43,"web",3,2,27.7
69,"phone",10,3,68.3
35,"web",6,6,38.5
52,"email",1,3,37.8
54,"phone",0,3,69.9
57,"in-person",11,9,39.8
21,"email",2,5,33.2
69,"phone",10,4,60.5
38,"email",4,1,36.1
24,"in-person",10,2,38.4
47,"phone",0,9,49.6
20,"email",7,5,26.6
42,"email",6,1,64.4
65,"in-person",3,3,58
18,"in-person",12,7,35.6
40,"email",1,4,37.6
34,"phone",10,9,28.4
53,"phone",5,10,41.5
54,"phone",11,2,47.8
65,"web",1,1,54
64,"web",6,5,36.7
46,"web",3,9,30
60,"web",4,9,27.3
44,"email",5,3,41
37,"phone",13,3,59.1
18,"phone",12,4,33.3
77,"web",12,9,46.9
40,"web",4,9,22.4
38,"phone",15,2,51
24,"in-person",9,10,20.5
47,"phone",15,1,69.3
54,"phone",10,10,40.8
47,"web",1,7,22.2
53,"phone",7,3,57.9
70,"email",14,2,53.5
43,"email",8,9,28.4
79,"in-person",4,6,49.4
28,"email",15,4,31.5
60,"phone",10,10,33.4
24,"web",12,6,21.7
56,"phone",1,6,46.7
66,"web",3,10,37.9
77,"phone",0,1,58.4
39,"phone",6,6,30.3
40,"email",2,10,28.5
76,"web",1,8,37.8
20,"email",8,1,44.2
23,"phone",9,10,18.7
46,"phone",5,5,49.7
39,"phone",1,1,56
47,"phone",3,4,48.4
51,"in-person",11,10,29.2
48,"email",12,8,23.1
66,"in-person",1,7,66.1
57,"phone",11,5,64.3
67,"in-person",10,6,50.7
37,"phone",1,3,56.5
21,"web",4,8,15.2
28,"email",0,5,25.8
58,"web",7,7,45.4
31,"email",2,4,36.9
22,"web",10,6,27.5
43,"email",15,4,42.6
43,"phone",7,2,44.5
36,"in-person",2,5,48.7
75,"in-person",9,8,50.3
75,"phone",10,8,43.7
38,"phone",4,6,42.6
56,"in-person",12,1,50.2
54,"in-person",0,8,39.8
40,"web",11,5,33.4
57,"web",5,7,43
41,"phone",8,6,37
34,"web",4,2,33.9
78,"phone",4,7,62
30,"web",8,6,27.9
59,"phone",11,10,29.2
77,"web",10,9,40.2
57,"email",6,4,35.7
27,"phone",8,2,47
45,"email",12,7,33.2
23,"phone",3,3,43.7
31,"phone",7,10,17.3
59,"in-person",10,8,38.4
65,"in-person",4,6,37.9
31,"in-person",9,9,12.8
71,"in-person",13,7,46.2
68,"email",15,3,43.1
21,"email",9,10,12.4
73,"email",2,5,50.1
69,"in-person",0,10,28.7
47,"phone",12,6,45.8
42,"in-person",1,5,41.4
44,"in-person",10,5,64.2
69,"email",8,6,47.7
79,"email",14,6,44.7
34,"web",8,2,39.6
31,"email",15,10,9.6
50,"email",9,5,44.9
57,"web",0,9,28.8
21,"email",13,6,32.3
34,"email",4,10,30.5
71,"in-person",6,9,36
24,"phone",2,6,28
23,"phone",4,4,51.1
25,"email",14,8,25.6
57,"email",14,3,47.1
26,"email",10,8,18
61,"in-person",12,10,19.9
60,"web",8,2,43.8
20,"in-person",7,8,21.7
20,"web",11,2,35.6
73,"email",15,3,52
77,"web",8,2,55.7
42,"in-person",6,6,28.3
58,"phone",3,10,35.9
23,"web",4,5,24.1
56,"email",14,5,41.6
56,"email",3,8,35.7
25,"web",4,9,20.9
34,"phone",1,2,65.8
57,"email",12,8,31.5
71,"phone",5,5,71
76,"email",3,1,52.5
49,"phone",6,7,43.9
53,"in-person",11,3,42
26,"web",3,1,38.7
77,"in-person",14,9,44.7
37,"web",12,6,8.7
25,"email",8,5,34.2
30,"email",2,1,38.8
71,"web",6,3,52.9
30,"email",2,2,32.7
50,"email",3,10,29.8
42,"phone",7,10,23.6
33,"email",3,7,37.3
67,"in-person",8,6,54.7
68,"email",11,3,40.1
31,"in-person",9,7,19.4
78,"email",2,9,45.3
53,"phone",11,6,56.1
42,"in-person",13,9,36.4
34,"phone",0,6,45
68,"web",3,9,38.5
64,"email",10,1,47.1
49,"in-person",4,7,38.9
47,"email",7,7,31.2
26,"in-person",3,5,34.4
23,"web",9,8,18.2
45,"email",4,2,55.5
76,"email",14,4,46.1
70,"phone",15,6,46.7
29,"web",14,7,22.2
71,"in-person",10,6,44.3
62,"in-person",8,9,51
63,"email",13,5,41.1
26,"web",0,9,10.4
32,"in-person",0,8,31.7
61,"email",11,2,52.6
48,"email",9,7,9.1
30,"web",1,1,39.3
57,"in-person",9,6,54
60,"in-person",8,3,58
35,"email",11,3,26.6
58,"email",15,6,34.5
18,"in-person",5,6,29.1
20,"phone",4,6,37.2
33,"web",9,3,26.4
25,"web",6,7,26.2
33,"phone",9,10,27.1
32,"phone",9,10,37.3
19,"in-person",5,9,9.8
48,"phone",10,1,54.3
39,"email",1,3,37.1
29,"web",7,4,18.8
25,"in-person",6,4,35.8
38,"in-person",12,7,44.2
66,"email",10,7,42.8
18,"email",12,1,32.4
79,"email",9,1,62.1
22,"in-person",13,6,27.6
63,"web",15,9,33.6
56,"web",3,10,36.4
76,"in-person",0,7,44.5
65,"in-person",8,4,50.7
44,"email",11,9,26.4
75,"web",5,6,48.6
52,"phone",2,9,36.2
45,"in-person",10,8,41.4
67,"web",9,1,54.7
42,"email",13,3,36.2
31,"web",8,10,11.2
45,"phone",12,5,47.3
51,"email",2,4,33.1
60,"email",13,3,36.7
29,"phone",6,1,59.8
22,"in-person",0,3,37.9
76,"web",9,1,65.2
74,"web",7,4,47
29,"phone",2,6,51.6
58,"web",0,9,35.7
40,"in-person",1,1,43.5
29,"web",9,1,48.9
57,"web",11,4,30.4
55,"phone",15,1,47.8
34,"phone",4,4,40.7
53,"in-person",7,4,37.3
71,"phone",9,6,67
77,"in-person",9,10,51.4
59,"web",13,9,38
74,"phone",12,1,88.5
56,"email",11,4,46.3
31,"email",9,5,43.6
70,"email",9,7,38.3
70,"web",14,2,68.3
52,"web",6,5,42
51,"email",4,4,41.7
69,"email",1,2,63.7
80,"web",14,6,44
40,"email",4,4,36.9
47,"web",14,9,29.9
31,"web",11,2,55.3
34,"phone",6,7,24.5
25,"web",12,4,28.4
75,"phone",15,3,71.4
52,"web",9,2,45.7
41,"email",11,7,32
28,"phone",13,7,54.8
44,"phone",15,3,60.4
20,"email",5,5,33
31,"email",10,6,29.6
74,"web",1,9,32.1
52,"email",13,5,35
48,"phone",10,9,38.2
30,"web",7,8,21.4
28,"web",1,9,14.9
70,"web",9,6,46.3
45,"in-person",11,2,31.3
57,"email",0,9,26.1
54,"web",8,10,34.4
58,"phone",2,1,52.3
19,"phone",11,2,34.5
57,"email",9,6,40.7
42,"in-person",3,3,48
56,"phone",3,5,56.4
72,"email",14,9,34.5
56,"in-person",11,2,48.3
47,"web",3,2,46.9
68,"in-person",6,1,62.4
26,"in-person",3,2,49.8
76,"in-person",9,7,43.2
67,"phone",6,6,49.8
71,"in-person",7,6,47.5
38,"phone",1,7,42.7
24,"in-person",13,2,48.9
61,"email",0,5,33.8
37,"phone",3,2,60.8
58,"email",8,8,50.5
66,"in-person",13,10,24.7
26,"in-person",8,4,32.7
66,"phone",6,1,70.8
64,"email",12,2,47
52,"web",12,3,35.8
48,"email",7,2,36.7
76,"in-person",6,1,47.3
21,"phone",8,8,25.2
58,"in-person",8,3,53.4
33,"email",5,7,40.8
64,"web",0,3,41.4
38,"email",7,5,28
59,"phone",9,5,60.4
29,"web",6,7,15.8
72,"web",10,3,52.8
24,"email",9,7,19.8
60,"in-person",14,2,40.6
73,"web",10,6,45.9
22,"email",15,10,10.6
50,"web",6,10,35.6
51,"email",10,7,32.7
22,"in-person",1,5,30.5
25,"web",10,3,32.3
55,"in-person",8,3,47.4
70,"web",8,5,50.7
53,"in-person",6,8,31.1
41,"email",0,1,39.4
46,"email",1,8,26.6
61,"web",2,1,52.8
70,"web",0,3,41.8
41,"email",14,5,30.3
72,"in-person",13,2,54.5
69,"phone",7,10,48.2
22,"in-person",4,1,41.3
21,"web",14,5,29.3
51,"web",15,4,44.4
57,"email",12,5,39.4
78,"phone",3,3,62.7
69,"email",1,2,44
59,"web",11,8,31.8
77,"email",4,3,62.8
25,"email",10,5,14.9
38,"email",1,6,20.4
60,"web",2,4,48.2
45,"phone",10,3,44.1
47,"in-person",13,6,37.2
62,"in-person",6,2,68
30,"web",3,5,36.5
61,"email",5,6,55.1
48,"phone",15,10,40.6
48,"web",9,8,25.4
63,"in-person",14,10,29.3
65,"web",8,1,56.8
23,"email",0,9,7.4
45,"web",9,10,9.9
78,"email",7,3,63.7
67,"web",4,2,43
55,"email",3,9,35.7
25,"email",7,1,38.8
65,"in-person",11,9,42.7
58,"phone",6,1,63
34,"in-person",4,10,24.2
64,"phone",9,3,67.5
36,"email",15,3,53
72,"in-person",11,7,57.5
79,"in-person",5,4,46.4
29,"web",2,9,21
43,"phone",5,5,53.8
71,"phone",10,8,60.1
74,"email",12,10,36.7
71,"email",11,8,37.7
77,"phone",7,1,61.5
50,"phone",5,2,57.6
51,"phone",14,9,44.9
47,"email",13,2,44.9
52,"in-person",0,9,55.8
80,"in-person",13,9,39.1
44,"web",9,6,35.8
43,"in-person",1,1,48.8
72,"in-person",2,4,54.4
58,"in-person",15,2,44.8
69,"email",0,7,40.5
20,"web",8,6,29.2
57,"phone",0,6,56.5
73,"email",0,7,39.3
77,"email",12,2,48.9
52,"in-person",11,6,52.9
22,"web",2,4,32.7
22,"email",11,1,59.1
62,"in-person",10,1,64.2
60,"web",9,4,33.4
73,"web",3,7,37.5
55,"phone",6,5,48.1
63,"web",2,8,29.8
48,"email",15,5,32.8
51,"web",13,5,30.5
34,"email",14,2,38.2
30,"email",11,7,34
79,"phone",14,1,68.7
62,"phone",12,10,43.8
60,"phone",8,4,63.7
18,"in-person",11,5,31.6
68,"in-person",13,2,59.4
34,"in-person",3,2,39.9
63,"in-person",2,4,63.8
46,"phone",0,8,47.4
46,"web",5,6,42.3
53,"web",14,10,16.1
65,"email",4,8,37
51,"web",0,1,51.9
66,"phone",9,4,60
69,"phone",13,3,65.2
60,"phone",11,6,58.2
65,"email",11,3,42.7
48,"web",3,6,37.6
80,"phone",10,4,63.3
45,"phone",10,7,37
21,"web",14,10,15.6
74,"web",8,9,49.9
34,"email",1,5,38.9
19,"email",3,1,46.2
75,"web",14,1,62.9
46,"web",10,4,25.4
70,"web",15,2,59.1
32,"web",7,7,12.2
33,"in-person",14,4,44.1
22,"phone",5,7,31.5
39,"in-person",15,10,39
80,"email",6,10,38.8
26,"phone",0,2,48.7
70,"phone",10,4,58.1
34,"web",9,6,28.8
26,"email",6,6,25.4
35,"in-person",0,3,51.1
31,"email",4,8,33.7
80,"email",7,4,64.2
49,"in-person",1,1,37.7
68,"in-person",11,1,44.7
55,"email",9,3,44.3
52,"phone",12,5,50.1
23,"email",2,5,29.8
37,"phone",3,2,49.5
56,"email",4,6,25.2
21,"email",12,7,13.6
26,"phone",10,4,42.6
80,"phone",11,6,54.3
37,"in-person",9,6,38.2
51,"web",7,9,28.7
70,"phone",7,9,53.8
30,"web",14,3,15.3
59,"email",11,10,23.5
78,"web",2,10,40.1
27,"in-person",10,7,33
28,"web",3,4,6.9
79,"email",1,1,73.3
22,"web",9,7,15.1
71,"email",3,1,51.1
76,"in-person",9,1,79
37,"in-person",12,3,31.9
50,"email",1,1,49
48,"in-person",4,9,41.2
57,"email",11,4,45.5
29,"web",2,1,48.7
21,"in-person",2,7,19.7
36,"in-person",6,2,51.2
65,"web",12,10,6
77,"email",15,1,68
48,"email",9,1,42.8
23,"in-person",2,2,19.4
21,"phone",2,5,28.6
80,"web",11,5,56.1
49,"web",8,1,62.7
51,"in-person",1,7,32.3
43,"in-person",8,5,46.1
42,"email",6,6,31.2
25,"web",15,10,14.3
66,"email",10,6,51
28,"web",1,8,3
74,"email",7,7,39
45,"email",14,8,28
31,"phone",3,7,36.8
49,"in-person",1,4,62.4
79,"in-person",13,6,41.2
24,"phone",11,5,45.5
58,"web",10,2,51.4
53,"email",5,4,37.3
57,"phone",5,3,42.1
47,"email",13,8,39.4
49,"web",0,4,41.1
63,"in-person",10,8,41.9
31,"in-person",7,6,21.3
43,"web",1,8,17.4
25,"email",3,4,42.8
79,"web",10,8,34.7
24,"in-person",11,1,51.4
32,"email",0,1,30.8
62,"in-person",14,3,41.9
75,"email",12,5,53.5
32,"web",3,7,38.6
53,"email",15,5,28.4
33,"web",9,1,40.3
31,"phone",5,9,35.8
30,"web",10,6,16
30,"email",7,3,45
18,"email",6,1,33.5
33,"web",1,8,30.6
30,"email",13,2,34.3
52,"email",13,6,40.3
51,"in-person",13,1,51.8
75,"in-person",7,5,48.7
76,"phone",7,6,74.8
47,"in-person",8,1,65.1
49,"in-person",4,2,54.8
43,"email",1,6,35.8
60,"web",5,9,30.9
68,"email",7,6,49.2
30,"phone",14,8,40.1
73,"email",10,5,42.1
30,"in-person",2,10,20.3
24,"phone",10,9,28.3
20,"email",15,6,31.1
73,"in-person",10,9,38.9
39,"email",15,9,21.1
43,"phone",15,8,37.1
33,"phone",10,5,31
19,"web",9,2,32.9
43,"phone",1,7,41.6
34,"web",4,2,45.8
28,"web",14,10,31.2
35,"email",9,1,48.6
64,"phone",6,7,61.1
32,"email",3,1,38.5
36,"phone",7,5,50.5
59,"in-person",12,10,38.3
65,"in-person",12,1,54
61,"phone",14,8,65.3
57,"email",0,5,25
65,"web",14,4,41.9
75,"in-person",2,5,55.7
59,"web",7,7,44.5
38,"email",7,1,29.4
19,"in-person",8,8,24.8
65,"email",2,8,41.8
30,"in-person",2,3,41.1
63,"phone",8,7,58
20,"phone",12,6,35.1
63,"web",13,2,49.3
23,"email",12,4,34.4
75,"email",3,1,52.3
40,"web",14,2,45.6
63,"email",1,7,43.4
25,"email",10,8,10.2
29,"in-person",3,4,48.6
53,"web",8,8,26.2
73,"web",5,8,48.4
30,"in-person",10,4,40.4
61,"phone",1,1,75.5
44,"in-person",8,8,31
40,"phone",8,10,16.9
61,"email",10,9,25.3
58,"in-person",6,9,35.5
20,"in-person",12,1,47.6
55,"email",13,6,25.1
28,"in-person",6,6,15.5
30,"phone",2,5,43
18,"in-person",4,8,30.8
48,"web",0,5,43.7
57,"web",3,6,36.6
66,"web",8,9,28.4
34,"email",7,3,25.9
55,"phone",13,5,47.3
64,"phone",15,2,64.7
31,"email",8,5,25.5
23,"email",9,9,14.4
79,"web",6,8,44.6
51,"phone",4,3,57.3
32,"email",11,6,13
72,"email",1,7,36.7
49,"web",5,3,49.9
28,"email",11,8,32.7
56,"phone",11,2,55.4
44,"in-person",4,5,32.7
38,"web",12,4,30.7
37,"in-person",4,5,37.9
62,"in-person",13,5,53.7
42,"phone",12,3,43.5
60,"email",14,9,34.1
42,"web",11,10,23.1
64,"phone",4,4,60.2
39,"email",14,1,39
52,"in-person",9,2,50.4
26,"phone",11,5,36.4
71,"phone",1,7,50
73,"web",5,9,39.9
34,"web",0,9,3.7
47,"in-person",2,5,33.4
46,"phone",9,3,65.8
30,"web",7,1,39.5
32,"phone",9,8,31.2
31,"web",9,8,21.1
18,"email",1,2,28
77,"phone",3,3,65.1
46,"phone",11,4,47.4
32,"web",10,1,45.4
34,"web",11,2,36.4
19,"in-person",12,1,26.4
25,"email",4,10,1
20,"web",5,2,40.8
41,"web",10,9,16.4
44,"in-person",6,9,30.5
70,"web",14,6,46.8
34,"web",6,8,12.7
24,"phone",13,8,45.1
64,"in-person",9,8,39.8
76,"email",5,9,30.3
25,"web",9,6,34.7
59,"phone",15,3,66
61,"in-person",9,2,56.8
70,"email",4,4,65.1
52,"web",7,10,29.1
72,"web",8,3,55.3
69,"in-person",3,7,47.6
33,"web",10,10,34.4
39,"phone",6,10,37.1
25,"email",7,9,16.8
27,"in-person",13,6,34.1
20,"web",9,5,31
69,"in-person",2,9,39.9
42,"in-person",10,3,45.7
44,"phone",11,3,54
24,"web",7,7,23.9
53,"in-person",9,3,43.5
47,"email",1,9,13.8
38,"phone",15,3,58
19,"phone",2,4,44.7
25,"email",4,6,34.5
74,"web",3,6,36.1
35,"phone",12,3,55.6
76,"email",13,1,48.7
63,"phone",5,1,61.5
53,"in-person",10,7,31.3
71,"web",12,2,58.9
68,"web",5,8,25.7
70,"email",3,2,68.3
44,"web",5,6,34
66,"email",14,7,48.9
79,"web",10,10,26.9
63,"email",12,1,49.8
34,"phone",11,6,36.1
66,"phone",3,3,67.7
54,"email",4,5,39.5
74,"email",15,10,39.7
79,"web",6,1,53
79,"phone",0,7,52.8
43,"web",14,3,33.6
50,"phone",10,5,48.6
39,"web",5,5,36.4
34,"email",8,8,20.7
50,"phone",5,4,53.4
18,"phone",14,4,46.9
79,"web",2,3,67.4
32,"phone",8,9,33
59,"in-person",1,9,42.3
55,"phone",2,7,42
35,"in-person",6,4,41.4
61,"in-person",10,6,56.7
23,"phone",2,5,43.4
30,"email",0,9,8.3
72,"phone",2,1,70.8
75,"email",8,5,48.7
66,"phone",1,10,39.2
37,"in-person",5,4,35.1
28,"in-person",13,5,29
39,"in-person",8,5,26
76,"web",14,7,42.6
18,"phone",3,10,20
53,"email",7,7,37
22,"in-person",8,1,32
78,"in-person",7,2,66.9
72,"in-person",0,9,38.9
35,"web",15,1,40.8
51,"in-person",10,10,35.1
70,"email",13,2,59.3
48,"in-person",6,3,63
54,"web",9,9,26.4
20,"web",10,2,36.3
75,"email",6,10,38.2
67,"email",15,2,55.6
38,"web",9,9,25.2
37,"phone",15,5,49.1
44,"phone",4,7,30.1
62,"in-person",11,4,40.8
78,"phone",11,7,51.5
59,"in-person",4,1,57.9
37,"web",14,8,29.1
27,"web",13,8,2.8
30,"phone",1,4,47.2
35,"in-person",5,1,41.7
79,"in-person",11,5,46.1
23,"phone",3,7,37.3
26,"email",13,4,37
26,"in-person",8,5,36.5
27,"web",6,3,29
59,"email",14,4,52.2
44,"email",4,3,34.3
59,"phone",5,5,44.3
54,"phone",5,7,40.5
42,"web",6,1,44
77,"web",14,3,51
61,"web",12,1,52.8
25,"in-person",14,6,11.4
78,"in-person",7,10,33.1
51,"phone",7,2,52.2
30,"in-person",15,2,50.7
60,"web",6,7,41.2
78,"web",13,2,71.2
26,"web",6,3,31.6
25,"phone",11,6,36
33,"in-person",11,1,40.7
23,"in-person",6,7,23.1
69,"in-person",9,3,61.5
48,"in-person",12,4,52.3
59,"in-person",14,8,37.9
36,"phone",12,9,35.8
38,"phone",9,10,36.5
46,"email",5,9,32.8
36,"in-person",0,10,24.8
67,"in-person",8,2,48.5
70,"in-person",1,5,45.1
35,"phone",1,9,44.5
80,"email",13,10,40.6
34,"email",15,8,35.2
49,"phone",8,10,39.1
60,"phone",10,3,56.9
29,"email",9,3,40
48,"phone",4,9,28.5
27,"web",4,5,27.6
79,"web",7,6,51.7
74,"web",0,5,52.1
31,"phone",8,3,41
38,"email",14,3,39.9
38,"phone",4,2,47.8
74,"phone",1,7,48.1
58,"in-person",10,4,31.2
30,"email",3,6,25.8
65,"phone",1,9,50.2
69,"in-person",0,7,53
38,"email",2,2,35.1
35,"email",0,3,31
35,"email",15,3,34.4
57,"web",9,4,46.5
80,"phone",12,10,47
80,"web",13,5,46.3
50,"phone",6,8,45.8
67,"web",10,7,53.3
80,"web",3,3,56.9
63,"email",6,9,31.9
24,"phone",12,3,43.2
79,"in-person",11,6,43.5
28,"phone",5,5,54.3
77,"in-person",6,9,36.6
45,"phone",5,9,47.6
23,"email",12,2,43
68,"phone",1,9,40
52,"email",11,3,44
34,"in-person",1,8,8.1
33,"in-person",15,2,45.1
19,"in-person",4,6,16.4
31,"phone",9,7,41.8
18,"phone",1,10,21.8
55,"phone",14,2,71.6
45,"web",1,7,32.1
33,"email",3,10,20.1
74,"phone",3,8,42.9
45,"phone",1,7,39.2
30,"email",0,1,33.6
43,"email",11,5,43.3
29,"email",4,1,32.1
74,"email",14,8,27.7
36,"web",0,10,15.2
18,"phone",0,5,18.7
76,"in-person",9,2,53.9
44,"web",9,4,41
26,"email",11,1,38.4
26,"web",7,7,22
20,"web",8,3,32.8
62,"phone",5,6,39.7
72,"phone",4,5,62.5
32,"phone",11,5,54
26,"web",11,4,24.6
47,"web",10,9,17.5
40,"phone",8,2,53.8
30,"web",12,2,33.8
59,"phone",6,1,78.3
39,"web",1,5,46.7
73,"web",1,8,37.9
52,"phone",9,7,41.9
63,"in-person",7,1,61.8
62,"web",4,8,31.2
25,"in-person",14,4,28
53,"phone",12,4,45.4
24,"email",7,1,43.8
43,"email",6,3,32
19,"email",10,4,35.5
59,"in-person",5,1,63.9
75,"web",14,4,46.5
63,"email",15,4,45.7
50,"in-person",0,5,52.4
47,"web",10,7,26.4
65,"email",0,8,29.6
67,"web",5,10,22.6
42,"email",6,1,49.8
73,"in-person",10,10,43.3
63,"phone",7,5,58.6
43,"phone",1,9,38.8
38,"web",4,8,20
55,"email",15,6,38.7
42,"phone",0,6,52.3
73,"phone",11,3,69.8
44,"phone",15,1,47.3
66,"in-person",0,8,33.5
28,"phone",7,5,37.7
49,"web",1,4,56.5
60,"email",13,10,28.2
45,"email",10,7,41.8
59,"web",15,8,39.1
58,"email",13,2,40.6
28,"phone",10,5,38.5
26,"web",0,9,7.2
74,"web",6,4,45.5
59,"phone",1,10,48.3
54,"in-person",11,10,20.4
23,"in-person",7,9,16.2
36,"in-person",6,2,49
70,"phone",0,1,72.9
28,"phone",14,10,26.8
46,"in-person",14,2,25.5
53,"phone",0,7,57.7
56,"phone",2,10,39.7
42,"web",14,4,31.3
34,"phone",11,6,50.1
48,"in-person",9,2,39.3
67,"web",0,9,46.2
53,"in-person",12,6,33.1
25,"web",8,9,8.6
36,"web",6,4,38.6
42,"web",1,1,57
25,"phone",15,7,30.9
20,"email",7,3,21.3
40,"in-person",2,5,41.6
29,"phone",7,10,29.6
34,"email",10,6,19.3
39,"phone",3,2,62.5
46,"email",8,10,28.9
46,"email",5,4,53
55,"in-person",13,2,48.8
56,"phone",15,9,47.7
68,"email",6,10,31.2
44,"email",6,2,45.5
26,"web",7,8,1.4
50,"in-person",13,5,53.5
58,"phone",5,10,45.8
22,"in-person",7,6,33.1
24,"email",10,1,59.7
47,"in-person",11,8,48.3
67,"email",15,4,54.7
70,"phone",0,1,74.2
29,"phone",5,8,36.7
28,"web",7,8,18.9
39,"email",2,7,30.4
39,"in-person",1,6,29.2
75,"email",5,4,53.2
25,"phone",1,4,45.3
38,"email",10,9,22.4
28,"web",3,10,27.3
59,"in-person",13,7,42
58,"in-person",8,5,58.6
66,"web",3,4,58.1
24,"in-person",2,8,26.8
50,"phone",12,2,48.1
53,"in-person",2,7,42.8
52,"phone",5,2,65.7
22,"email",12,7,23.7
18,"email",14,3,40.1
51,"in-person",4,1,42.3
42,"phone",4,5,56.8
24,"web",15,3,35.9
63,"in-person",14,4,40.8
58,"email",14,8,45.1
54,"email",3,6,46.6
73,"web",10,2,43.3
40,"email",14,10,10.3
55,"in-person",0,10,26.9
56,"web",7,1,50.3
77,"web",6,1,44.3
36,"web",0,9,26.5
77,"in-person",13,6,60.9
53,"in-person",6,3,66.2
25,"web",10,5,24.3
46,"web",7,2,43.1
49,"phone",8,3,59.7
44,"email",15,9,33.8
43,"phone",12,6,37.9
42,"in-person",11,7,61.7
36,"phone",10,1,68.5
52,"in-person",14,4,47.8
36,"email",11,8,10.5
58,"in-person",10,2,41.2
64,"web",8,1,49.2
58,"email",8,3,45.9
61,"phone",2,1,67.7
26,"phone",15,5,46
41,"web",1,5,19.8
74,"phone",1,3,65.4
79,"web",0,2,52.7
45,"phone",13,3,38.4
29,"web",4,9,13.3
30,"in-person",0,1,53.7
48,"web",6,6,21
74,"web",2,3,64.1
28,"phone",4,9,45.3
61,"phone",2,5,60.6
51,"in-person",15,1,51.8
50,"in-person",6,6,50.8
28,"email",10,8,20.9
46,"email",9,10,13.7
31,"in-person",9,8,26.2
58,"phone",14,10,54.3
64,"web",4,6,34.3
80,"phone",13,4,58
28,"web",6,3,41.7
37,"web",5,3,34.9
18,"email",10,10,8.6
79,"web",5,7,38.7
53,"web",1,6,46.7
36,"in-person",0,10,24
38,"web",10,1,44.6
24,"in-person",15,10,18.4
30,"email",2,6,19.5
73,"web",4,8,46.3
22,"email",13,10,12.8
58,"in-person",6,7,38.5
25,"phone",11,4,33.2
76,"web",6,9,38
42,"web",7,2,42.9
60,"email",15,6,41.3
79,"in-person",2,5,47.5
45,"phone",0,4,46.6
23,"in-person",7,8,19.5
45,"phone",0,1,56.2
72,"phone",8,8,45.5
39,"phone",5,3,48.8
22,"email",11,5,28.4
46,"in-person",2,6,45.4
65,"web",5,8,27.7
30,"email",4,4,22.9
51,"phone",8,2,48.2
77,"in-person",6,5,48.5
38,"web",12,2,37.4
61,"email",6,4,44.4
53,"in-person",0,1,45.6
37,"web",4,7,31
32,"in-person",2,1,54.9
18,"web",3,4,41.8
43,"in-person",6,6,47
23,"phone",5,5,32.9
63,"web",8,10,22.1
25,"email",2,2,36.6
62,"web",1,9,38.7
62,"web",4,7,34.8
73,"email",6,4,50.5
60,"in-person",0,2,51.9
33,"web",1,1,50.7
28,"email",4,9,27.1
44,"phone",7,10,31.5
51,"email",0,7,28.5
35,"email",5,5,24.6
43,"email",9,8,23.7
44,"email",1,5,38.2
42,"in-person",13,4,37.4
76,"email",9,3,40.8
42,"web",5,6,20.4
67,"phone",3,10,44.5
79,"phone",4,5,74.7
45,"email",2,6,43.5
34,"in-person",11,5,38.3
41,"email",0,10,5.3
47,"email",8,9,23.5
70,"email",6,3,52.6
31,"email",1,4,30.7
27,"in-person",12,6,41.4
19,"email",1,3,20.1
56,"phone",1,8,57
20,"in-person",12,2,51.2
49,"web",12,9,16.2
34,"in-person",10,10,31
35,"web",7,4,26.8
25,"email",9,6,29.2
44,"email",13,3,33.2
70,"web",7,2,53.1
28,"in-person",4,5,18.8
22,"email",10,5,18.4
73,"web",0,10,37.8
74,"web",11,8,38.6
77,"in-person",7,1,72.4
32,"phone",6,6,32.9
27,"phone",7,8,42.7
40,"web",6,10,19
72,"in-person",2,8,30.8
80,"in-person",6,10,49.7
47,"email",13,6,23.3
75,"phone",0,2,70.2
78,"web",13,9,27.3
42,"in-person",15,7,38.5
45,"email",8,3,34.1
61,"phone",14,9,47.8
40,"email",4,9,28.4
79,"web",12,10,36.7
77,"phone",0,9,63.9
25,"in-person",14,5,30.6
71,"web",12,2,47.7
65,"phone",3,10,43.5
45,"email",6,4,38.5
56,"in-person",15,9,32.4
43,"email",14,2,55.1
34,"in-person",2,2,50.2
57,"in-person",1,5,51.8
73,"phone",5,5,57.2
25,"in-person",13,6,22.8
60,"in-person",13,1,72.1
64,"in-person",14,5,65.3
66,"in-person",15,4,57.1
57,"web",5,5,42.5
61,"phone",14,3,51.9
40,"in-person",14,6,27.7
32,"email",7,10,22.8
43,"phone",1,1,68.2
51,"email",15,6,49.4
73,"in-person",4,2,58.2
58,"in-person",3,6,48.6
54,"email",6,3,46.3
71,"web",1,5,54.6
41,"web",8,1,35.4
41,"phone",4,3,42.2
31,"web",9,10,32.3
37,"email",9,6,18.2
66,"email",7,3,55.3
78,"phone",14,8,62.7
57,"in-person",2,8,39.8
60,"in-person",13,5,38.2
18,"email",12,3,31.1
27,"email",11,1,31.8
75,"email",5,4,48.6
35,"in-person",4,2,33.9
44,"phone",7,4,56.2
60,"email",11,3,55.7
19,"in-person",1,2,50.5
64,"in-person",12,9,28.7
28,"web",5,9,19.5
28,"in-person",4,2,37.2
66,"web",3,10,41.2
34,"phone",4,8,33.4
59,"in-person",0,1,78.7
66,"email",7,9,28.6
73,"email",7,10,25.4
63,"web",12,2,53.7
52,"in-person",5,10,36.5
78,"web",8,3,53.6
31,"phone",9,7,41.3
60,"web",15,8,42.9
71,"web",11,1,57.8
26,"email",3,6,35.3
42,"email",2,5,25.9
69,"phone",2,8,53.4
52,"email",13,9,27.9
64,"in-person",10,9,60.5
21,"web",2,8,10.6
34,"phone",12,5,40.4
75,"in-person",0,8,54.8
67,"in-person",11,9,42.2
66,"phone",15,1,63.9
28,"web",8,1,28.2
21,"email",14,1,33
19,"phone",5,3,43.5
68,"web",3,1,55.8
19,"in-person",14,9,15.8
68,"in-person",9,6,39.3
69,"phone",0,2,55.8
71,"in-person",7,8,37.3
60,"in-person",2,2,53.2
53,"email",1,9,17.5
27,"phone",2,10,19.8
72,"in-person",6,9,41.5
55,"phone",11,4,55.7
62,"web",14,5,37.1
39,"phone",2,10,18.9
62,"phone",4,5,54.9
79,"email",12,3,57.4
69,"in-person",9,10,29.9
56,"email",5,9,24.4
56,"email",11,1,41.9
80,"web",7,9,21.1
73,"phone",4,2,70.8
61,"in-person",0,4,48.7
40,"web",9,7,17.9
59,"web",6,7,34.8
30,"in-person",2,8,30.6
42,"email",2,10,18.2
74,"phone",5,6,54.7
19,"web",2,9,14.9
38,"email",10,10,11
56,"web",15,1,60.4
49,"email",10,9,18.8
20,"email",0,8,15.1
20,"web",8,3,28.2
52,"web",0,7,32.3
70,"in-person",8,6,39.3
79,"email",11,5,43.1
41,"in-person",14,3,56.3
18,"email",10,3,35.6
71,"phone",1,9,48
70,"phone",14,10,46.4
32,"email",13,3,15.1
63,"email",3,2,55.2
37,"in-person",11,6,31.4
55,"phone",10,3,48.1
60,"web",12,9,34.5
43,"phone",6,2,58.9
62,"email",13,4,39.4
53,"web",14,7,30.7
22,"email",13,4,13.7
39,"in-person",11,9,19.1
60,"in-person",13,4,53.6
56,"in-person",1,4,63
32,"web",2,7,15.2
27,"phone",8,8,24
29,"email",13,6,35.7
40,"web",7,3,42.8
33,"web",11,3,25.6
35,"email",11,8,25.4
34,"in-person",3,4,44.1
50,"web",8,2,54.4
42,"web",3,4,36.6
51,"web",2,6,30.2
75,"phone",14,5,66.6
19,"email",8,6,11
43,"email",8,3,37.8
51,"in-person",15,3,45.7
21,"in-person",0,8,23.6
27,"in-person",10,8,41
41,"in-person",2,6,50.7
67,"in-person",12,10,41.7
29,"email",7,9,21.1
59,"in-person",11,6,55.9
24,"email",13,2,43.6
65,"phone",0,7,50.5
24,"in-person",13,1,52
65,"web",9,5,53.4
41,"web",5,7,42.9
47,"email",0,4,43.4
74,"phone",8,10,62.5
48,"email",15,7,35.7
54,"in-person",2,2,51.3
28,"email",0,1,29.4
79,"in-person",3,9,53.8
56,"web",4,1,57.2
77,"email",13,7,38.8
53,"in-person",11,8,42.8
68,"email",10,10,36.3
59,"phone",10,5,38.4
59,"email",2,3,47.5
79,"web",10,5,50.6
30,"web",0,4,27.8
29,"web",1,9,12.8
22,"phone",1,4,49.7
47,"in-person",11,2,40.6
57,"phone",10,4,44
56,"phone",1,4,52.6
36,"web",0,10,22.5
79,"web",15,10,41.5
68,"phone",10,7,47.3
54,"email",12,2,49.6
48,"email",15,5,32.2
78,"email",9,5,42.5
79,"phone",4,10,53.6
63,"in-person",1,5,56.7
63,"email",6,1,43
72,"email",15,9,38
37,"phone",11,7,33.3
46,"web",14,9,27.8
78,"in-person",11,8,40.2
33,"phone",12,8,39.6
72,"web",5,6,40.3
38,"web",2,8,27.4
54,"email",1,8,24.7
61,"phone",7,4,51.4
68,"web",13,1,52.3
80,"web",5,2,54.7
21,"in-person",5,2,41.3
73,"email",7,9,50.7
60,"phone",6,3,67.7
65,"email",15,3,62.9
70,"email",14,1,46.8
63,"email",11,10,27.2
24,"phone",11,5,42.1
65,"in-person",7,9,44.2
77,"phone",13,10,40.5
80,"in-person",6,3,56.6
45,"phone",13,9,45.4
80,"email",1,7,55.3
79,"web",13,6,55.5
61,"email",11,8,40.9
41,"email",0,7,27.9
33,"in-person",5,3,42.3
60,"phone",4,8,38
46,"email",6,7,31.5
36,"phone",3,8,55
78,"email",3,2,64.3
31,"email",7,1,49.1
40,"in-person",14,8,31.6
38,"web",3,3,30.6
28,"phone",2,3,45.8
28,"web",6,10,17.9
47,"web",3,8,22.5
64,"in-person",13,10,28.8
39,"web",14,6,40.3
61,"in-person",12,2,50.6
33,"email",3,3,21.8
45,"email",1,3,38
26,"in-person",15,8,23.7
72,"web",6,6,40.9
78,"web",13,1,55.9
47,"email",1,4,38.2
39,"in-person",15,3,48.7
69,"in-person",4,4,54.1
47,"phone",12,2,53.8
31,"phone",10,4,46.3
20,"email",0,4,35.5
61,"email",11,2,61
32,"in-person",5,2,20.8
76,"phone",4,9,54.4
33,"phone",2,10,39
21,"web",0,2,29
49,"in-person",14,2,47.7
34,"email",9,9,31.4
24,"phone",11,6,33.3
27,"phone",14,1,58.9
57,"in-person",6,10,24.5
18,"email",3,6,24.3
79,"web",4,7,32.7
41,"email",7,9,17
41,"web",15,8,37.9
41,"phone",2,1,55.7
59,"email",0,10,28.1
44,"phone",14,5,37.6
43,"web",3,9,33.8
54,"email",6,6,49.7
75,"phone",0,10,39
20,"in-person",7,7,25
61,"phone",15,3,67
50,"email",6,2,53.4
21,"web",14,1,46.6
78,"phone",5,1,68.7
47,"phone",7,1,49.5
67,"in-person",3,9,53.6
74,"in-person",1,1,78.3
68,"in-person",7,8,25.4
42,"web",8,5,25.5
48,"email",8,6,32
50,"web",11,4,34.7
34,"web",14,3,32.2
66,"email",10,8,40.6
34,"web",1,9,25.1
21,"in-person",4,2,41.1
80,"phone",3,10,53.3
54,"in-person",2,3,57.8
57,"email",13,4,42.1
51,"phone",7,9,44.8
46,"email",6,3,38.7
37,"email",5,4,46.7
60,"email",1,2,50.4
71,"in-person",15,4,45.2
69,"email",5,7,36
55,"in-person",11,10,12.9
23,"in-person",12,10,21.2
18,"email",11,7,5.5
47,"email",7,2,36.6
43,"email",4,8,15.5
64,"web",6,6,34.1
47,"in-person",12,6,27.6
61,"email",8,6,32.7
40,"web",6,7,43.9
59,"in-person",0,5,49
73,"in-person",10,5,60.8
67,"email",4,5,43.3
42,"phone",3,2,48.1
52,"phone",3,8,33.4
59,"in-person",4,2,58.2
46,"web",6,7,31.3
19,"web",3,3,27.1
55,"email",9,7,33.2
51,"in-person",14,3,44.9
44,"phone",1,3,60.4
53,"web",2,9,39
45,"in-person",2,7,23.7
30,"web",1,3,21.7
73,"phone",7,9,51.3
44,"web",8,10,35.6
28,"email",7,8,19.5
55,"in-person",3,6,30.2
23,"email",10,6,35.8
24,"web",12,9,11.9
77,"email",15,3,53.3
77,"in-person",13,3,56.8
75,"web",4,5,48.5
44,"in-person",7,1,41.9
76,"web",7,6,43.8
75,"web",6,9,34.1
80,"phone",6,2,65.7
59,"in-person",3,2,50.8
57,"phone",8,3,77.3
67,"web",1,7,38.7
65,"phone",1,3,58.7
37,"in-person",14,1,21.9
77,"phone",13,9,43.2
61,"in-person",6,6,39.8
58,"email",14,1,50.2
72,"web",12,2,55.9
38,"in-person",12,3,55.7
58,"phone",12,6,46.4
45,"in-person",11,9,35.5
75,"web",3,5,46.2
51,"in-person",1,1,59.1
70,"in-person",0,9,41
49,"web",6,5,42.8
26,"phone",10,5,42.1
38,"web",4,8,22.9
79,"in-person",11,10,41.2
76,"phone",12,1,60.2
58,"web",3,2,47.6
40,"web",13,5,39.4
23,"web",5,8,15.4
33,"phone",9,3,44.7
24,"web",9,3,40.5
46,"in-person",7,10,39.7
51,"phone",10,2,59.9
25,"in-person",10,9,33.4
43,"phone",3,9,25.6
51,"in-person",1,6,36.1
28,"web",11,1,32.9
59,"in-person",10,1,60.7
32,"web",15,2,36.2
75,"web",14,1,66
54,"in-person",3,6,41.3
68,"in-person",6,2,48.6
40,"phone",15,9,27.5
49,"web",3,6,29.7
29,"in-person",4,5,41.3
34,"email",4,3,40.9
29,"in-person",10,6,22.9
77,"web",12,6,55.5
21,"email",0,2,23.4
75,"phone",6,8,47.8
64,"phone",15,2,60.8
75,"web",1,10,37.4
63,"email",10,1,40.5
26,"web",5,8,18.9
80,"email",13,9,35.2
68,"email",6,7,34.9
48,"phone",0,6,52.3
70,"in-person",6,2,54.6
32,"email",7,4,34.8
48,"phone",5,6,44.8
70,"web",14,3,59.3
25,"in-person",6,6,39.8
40,"phone",9,2,62.3
72,"in-person",13,4,46.7
71,"email",5,8,27
21,"in-person",3,2,29.9
27,"phone",15,10,18.7
66,"in-person",2,5,54
28,"phone",5,6,30.5
71,"web",8,5,52.4
60,"in-person",3,10,32.8
20,"in-person",7,2,24.5
32,"web",8,10,10.4
61,"phone",8,10,18.3
46,"email",11,3,31.6
74,"phone",0,9,59.4
63,"phone",4,5,60.2
79,"web",1,8,55.2
41,"email",1,5,40
20,"phone",8,4,48.9
28,"email",12,10,33.8
50,"in-person",5,10,25.3
55,"email",7,1,43.3
18,"in-person",6,10,18.1
28,"web",0,1,40.2
19,"phone",9,1,39.1
28,"web",12,8,9.9
39,"email",10,4,28
44,"in-person",6,5,26.2
26,"in-person",4,3,27.7
51,"email",15,8,27.2
69,"phone",3,9,46.4
52,"phone",15,9,31.1
22,"web",12,5,27.6
51,"in-person",9,3,51.8
70,"email",2,1,61.8
54,"phone",12,2,52.9
74,"in-person",15,7,44.1
36,"in-person",13,10,24.3
26,"in-person",5,10,11.5
55,"web",6,4,40.3
58,"phone",14,9,32.7
79,"in-person",2,9,41.2
44,"email",14,2,42.6
37,"phone",14,5,49.5
34,"in-person",4,6,29.6
24,"email",6,1,46.8
76,"web",12,4,58.4
48,"phone",8,9,27.1
62,"phone",14,7,54.1
57,"phone",7,6,45.3
45,"phone",4,1,69.2
80,"in-person",4,6,43.7
34,"phone",5,4,59
61,"phone",11,6,54
53,"web",2,5,28.9
49,"web",14,2,54.8
34,"web",6,3,28.4
42,"email",9,4,39.2
39,"phone",1,6,48.3
57,"email",3,9,29.1
80,"web",14,1,59.1
18,"web",8,9,9.1
31,"email",2,2,28.2
64,"web",13,6,39.7
74,"email",13,4,50.2
75,"phone",2,3,76.7
18,"phone",12,7,30.3
62,"in-person",13,5,44.1
53,"web",4,10,31.4
27,"in-person",14,6,39.3
56,"web",9,2,50.1
52,"email",4,9,29.7
68,"phone",8,6,56.8
52,"phone",8,5,66.3
63,"web",4,2,52.7
61,"web",4,1,34.7
59,"in-person",1,3,45.9
74,"email",15,8,30.6
77,"in-person",12,7,48.3
47,"email",10,5,42.6
46,"web",14,5,27
21,"phone",12,4,41.5
18,"in-person",11,1,48.5
69,"email",9,4,43.9
63,"email",10,7,44
73,"email",4,5,62.8
45,"web",3,4,50.1
78,"email",2,2,40.8
62,"in-person",1,7,39
48,"web",8,8,33.2
38,"in-person",3,6,41.4
30,"in-person",11,1,38.5
73,"in-person",14,9,42.9
46,"in-person",1,10,30.4
38,"in-person",0,4,37.6
34,"web",0,6,22.3
73,"in-person",10,8,44
37,"in-person",2,1,50.9
68,"web",15,7,44.3
63,"web",7,9,33.2
76,"web",0,5,58.5
44,"email",1,7,34.7
29,"phone",3,2,38.8
18,"web",5,3,31.6
22,"email",3,6,31.4
21,"in-person",10,2,50.8
33,"phone",2,3,53.7
34,"email",10,10,31.4
78,"in-person",11,6,54.5
34,"email",5,4,38.2
61,"in-person",0,8,36.1
32,"web",9,10,16.4
27,"phone",1,4,35.7
60,"email",2,5,38.9
31,"phone",3,7,26.7
63,"phone",14,3,54.8
66,"phone",8,5,53.1
31,"web",5,1,45
22,"phone",6,5,37.7
26,"web",3,6,16.4
24,"in-person",9,10,27.7
30,"phone",8,8,22.7
46,"phone",13,9,43.5
26,"in-person",8,7,32.4
69,"email",1,10,37.9
62,"email",8,4,45.8
64,"web",6,6,45.6
49,"in-person",5,1,56.2
44,"email",11,6,39
59,"web",4,4,48.6
65,"phone",7,8,44.9
28,"web",3,9,13.8
51,"email",12,8,21.9
27,"web",8,1,47.9
68,"in-person",15,5,48.7
74,"in-person",15,3,51
55,"web",12,7,40.4
40,"email",11,2,38.7
35,"in-person",4,6,32.8
23,"web",7,4,34.2
27,"phone",2,10,28.3
19,"phone",6,7,41.1
18,"in-person",13,5,25.3
76,"web",4,6,56.4
76,"phone",8,2,63.1
67,"in-person",13,7,42.4
64,"email",11,4,41.3
65,"web",13,1,60.8
48,"in-person",13,5,46.7
58,"email",10,3,39.9
44,"phone",5,4,54.8
28,"email",4,2,33.2
57,"email",8,5,52.5
18,"email",3,6,20.5
19,"phone",1,5,25
48,"in-person",9,10,35.5
58,"phone",9,4,63
20,"web",8,6,14
44,"email",13,4,21.4
23,"phone",2,5,51.5
46,"in-person",15,2,63
62,"web",13,10,53.5
61,"web",6,8,21.7
79,"web",11,7,46.3
27,"web",8,5,25.3
19,"phone",3,3,24.8
41,"web",10,10,26.9
77,"in-person",9,9,46.2
34,"email",15,9,22.1
20,"web",2,8,20.2
31,"in-person",1,9,34.7
54,"in-person",7,5,37.6
57,"web",5,1,52.5
31,"web",15,10,23.9
47,"web",3,5,51.5
39,"phone",9,9,31.2
64,"web",5,3,34.8
29,"in-person",5,8,35.4
80,"phone",7,5,61.7
54,"web",0,6,33.8
57,"phone",1,7,46
26,"in-person",3,7,25.6
19,"in-person",0,5,34.7
39,"in-person",14,6,48.9
29,"phone",10,2,40.6
59,"email",15,2,58.4
60,"web",8,7,31.6
44,"email",8,8,34
72,"phone",12,4,70.8
34,"email",0,5,28.1
74,"web",7,1,37.1
44,"phone",7,10,42.7
30,"phone",14,4,50.7
38,"email",13,1,46
68,"in-person",4,2,50.6
60,"email",3,3,60.2
70,"email",1,6,41.8
22,"web",15,1,33.3
72,"email",13,6,47
28,"email",15,1,54.2
28,"web",11,5,22.4
42,"web",6,8,32.9
41,"in-person",2,8,29.7
55,"in-person",7,1,49
38,"web",13,7,27.8
21,"phone",12,2,54.8
56,"web",5,5,38
69,"in-person",12,5,57.1
28,"web",11,2,52.1
32,"email",0,5,25.4
77,"in-person",12,4,70.1
33,"web",2,6,34.9
68,"phone",0,7,50.4
61,"phone",10,3,51
73,"phone",1,5,57.1
50,"in-person",15,5,55.7
52,"phone",11,7,35.9
52,"email",1,9,19.7
68,"phone",9,8,48.3
57,"email",13,10,14.3
45,"in-person",14,5,60.8
38,"phone",14,9,23.6
56,"email",0,6,35.1
22,"web",7,4,31.7
62,"phone",7,4,51.6
40,"in-person",11,2,48
26,"in-person",4,2,33
53,"web",12,5,49.1
75,"in-person",14,10,44.3
51,"in-person",3,1,52.8
75,"email",5,6,48
40,"in-person",14,7,40.5
50,"web",8,3,37.5
22,"in-person",8,3,32.4
59,"email",13,6,25.8
37,"in-person",0,10,25.1
22,"email",7,5,19.6
76,"in-person",14,9,38.1
67,"email",3,3,46
55,"phone",10,4,54.3
65,"email",8,4,42.2
46,"web",14,3,44.5
57,"in-person",14,5,49.4
60,"in-person",9,6,55.6
56,"web",10,6,37.1
53,"phone",3,2,57.2
20,"phone",2,10,32.6
78,"web",5,8,35.2
76,"in-person",8,6,46.2
26,"web",8,5,35.7
18,"email",3,9,23.2
39,"in-person",0,4,45
79,"web",6,4,59.5
52,"email",10,9,40
22,"web",5,2,26.3
62,"phone",1,5,47
70,"web",2,2,45.9
35,"in-person",5,1,48.4
74,"in-person",6,5,53.8
44,"in-person",1,1,65.6
37,"in-person",3,4,39.4
34,"phone",11,2,70.2
77,"web",9,4,69.4
75,"web",9,3,42.1
56,"phone",5,8,34.8
43,"in-person",7,10,34.1
41,"in-person",13,3,36
32,"phone",11,4,57.5
56,"web",2,7,36.3
45,"phone",3,6,53.8
80,"email",0,5,48.8
25,"web",9,4,33.3
71,"email",15,9,45.3
31,"web",3,5,48.9
59,"email",5,1,47
36,"web",9,2,40.3
45,"web",10,9,24.5
29,"email",0,8,22
32,"email",2,8,28.4
28,"web",5,9,32.2
76,"in-person",0,6,60.8
18,"phone",2,5,25.6
61,"email",14,1,41
49,"in-person",13,1,38.9
34,"email",0,8,32.2
39,"phone",10,9,40.9
34,"phone",10,3,42.4
55,"in-person",15,10,39
26,"phone",2,5,29.9
77,"in-person",5,5,44.2
67,"phone",13,7,50.7
52,"in-person",4,5,44.1
80,"web",14,1,55.9
52,"email",0,2,54.1
75,"in-person",3,1,57.7
54,"phone",4,1,65.5
31,"phone",6,10,28.8
78,"web",12,10,46.8
52,"phone",14,6,42
35,"web",7,6,25
31,"phone",7,4,39.7
64,"in-person",3,7,52.8
74,"phone",9,10,43.8
72,"email",4,10,19.3
35,"phone",15,9,34.3
37,"phone",12,9,33.5
57,"web",11,1,59.2
40,"web",12,8,30.7
69,"in-person",10,1,58.6
34,"in-person",7,9,30.5
80,"in-person",10,4,55.6
47,"email",3,5,38.4
50,"phone",5,6,45.4
30,"phone",2,10,23.5
23,"phone",3,9,24.6
55,"email",3,10,24.7
76,"phone",0,8,71.9
37,"web",2,9,28.8
53,"phone",15,2,58
19,"in-person",10,6,13.5
76,"phone",4,4,54.5
54,"phone",11,3,64.9
63,"email",3,8,33.6
63,"web",13,8,40.7
46,"email",7,6,45.5
76,"phone",12,1,85.6
58,"phone",5,3,62
37,"phone",1,3,59.2
66,"in-person",4,2,63.3
30,"email",6,3,35.3
29,"email",2,1,32
66,"email",11,4,59.8
69,"phone",3,5,57.7
62,"email",2,7,36.3
22,"in-person",2,2,40.2
77,"phone",14,2,61.4
22,"email",11,2,48.7
53,"in-person",5,1,56.8
78,"phone",13,5,60.8
34,"in-person",3,9,22.3
52,"phone",0,6,34.9
19,"phone",13,3,39.4
76,"email",2,10,39.2
30,"web",14,8,30
40,"in-person",4,10,29.8
48,"in-person",8,1,51.3
69,"web",7,4,60.5
70,"email",3,5,59.7
30,"web",5,8,21.8
31,"web",10,3,38.5
55,"in-person",14,9,34.9
27,"phone",13,6,29.3
30,"email",0,10,14.2
44,"email",15,4,38.6
40,"in-person",13,7,27.6
52,"phone",9,4,59.6
22,"in-person",7,4,34.3
55,"email",4,9,38
48,"in-person",7,3,36.9
25,"web",15,9,15.5
70,"email",13,10,39.5
37,"email",3,9,19.1
45,"email",2,5,31.9
20,"email",13,7,21.1
79,"in-person",5,3,55.9
19,"in-person",2,10,20.2
27,"web",3,6,28.7
77,"email",9,3,57.1
50,"phone",10,9,36.7
19,"web",4,2,29.9
56,"in-person",15,3,47.5
65,"email",9,4,49.6
73,"in-person",5,10,49.2
56,"web",15,2,40.7
38,"phone",15,4,39.7
38,"web",4,4,37.6
39,"email",6,3,33.8
40,"in-person",10,6,32.9
79,"phone",8,8,53.2
22,"phone",7,2,31.8
60,"email",2,6,30.9
77,"web",9,6,38.3
28,"email",0,5,31.8
70,"web",6,3,60.9
45,"web",11,2,44.2
66,"phone",10,6,69.8
41,"web",15,6,33
30,"web",10,1,38.8
18,"in-person",15,7,36.3
26,"web",9,7,27.7
71,"email",2,7,41.5
45,"email",5,2,36.2
38,"web",6,2,41.3
69,"web",5,7,40.1
42,"in-person",3,1,52.3
20,"email",14,4,32.4
67,"phone",4,7,54.8
53,"phone",11,2,57.1
47,"phone",6,7,39.3
67,"in-person",3,7,52.7
37,"email",6,6,19
57,"in-person",2,3,49.1
69,"phone",10,10,53
67,"phone",12,3,62
58,"in-person",11,9,22.6
25,"web",2,4,25.3
32,"email",3,6,40.8
35,"email",10,5,24.9
34,"phone",3,4,33.3
24,"phone",3,7,32.7
26,"web",12,2,50.7
72,"in-person",7,7,40.3
69,"web",0,2,47.2
75,"email",4,8,27.9
37,"email",10,1,37.1
26,"phone",15,3,58.8
64,"web",5,8,51
79,"web",11,3,51.2
63,"phone",11,3,45.1
25,"web",11,5,24.7
61,"web",4,4,43.2
41,"phone",7,6,38.8
58,"in-person",2,9,49.5
36,"phone",14,10,27.3
69,"phone",0,8,47.8
58,"email",15,9,42.8
78,"web",6,8,42.4
56,"phone",14,4,56.9
66,"email",6,5,41.4
25,"email",6,3,31.9
47,"phone",10,7,50.6
28,"in-person",9,10,21.3
23,"phone",1,6,35.1
44,"web",5,9,28.8
76,"phone",1,9,65.9
55,"email",0,5,41.3
37,"in-person",12,4,36.9
32,"web",14,2,43.4
24,"email",6,10,11.9
54,"web",13,10,21.6
48,"phone",8,8,46.5
27,"web",14,1,39.4
46,"phone",3,9,38.2
58,"in-person",12,7,37.9
77,"email",7,2,52.7
38,"email",8,9,17.4
65,"web",0,1,48.7
50,"web",13,4,45.9
28,"phone",7,6,37.8
26,"in-person",5,3,38.8
77,"in-person",9,1,83.8
60,"phone",9,3,46.6
40,"in-person",8,5,55.4
42,"email",14,5,44.7
48,"email",12,6,30.8
56,"web",11,8,15.2
35,"web",10,8,33.6
79,"phone",10,4,72.7
32,"email",1,4,35.9
60,"in-person",5,9,30.4
60,"web",10,6,35.1
29,"phone",0,6,50
30,"phone",9,4,42.7
62,"web",7,4,39.8
22,"in-person",14,2,57.5
36,"email",5,8,20.1
69,"in-person",10,8,35.4
78,"web",0,2,50.6
77,"email",8,4,40
76,"in-person",7,4,54.1
37,"phone",7,8,48.4
62,"phone",13,8,57.2
60,"web",4,5,45
39,"in-person",15,5,37.4
74,"email",3,4,55
55,"phone",3,3,62.5
21,"web",0,10,24.1
25,"email",3,3,41.2
23,"web",15,3,33.7
52,"in-person",11,3,43.8
18,"in-person",9,10,8.9
73,"phone",9,2,65.6
43,"email",3,1,44.2
21,"in-person",10,4,37.2
68,"web",14,10,31.9
53,"in-person",15,9,46.5
58,"phone",9,7,46.8
78,"phone",9,4,61.2
38,"email",3,5,37.2
59,"in-person",8,3,58.7
70,"in-person",9,5,61.2
64,"phone",7,3,59.7
67,"in-person",0,6,53.5
29,"in-person",10,5,30.8
37,"web",0,5,43.3
56,"web",11,4,46
58,"email",9,9,43.9
53,"web",2,3,39
62,"email",1,4,33.3
49,"in-person",8,6,29.4
43,"in-person",3,3,35.9
76,"web",13,2,49.7
60,"phone",14,7,41.4
26,"phone",11,5,52.4
52,"phone",2,1,51.2
39,"in-person",15,8,47.2
50,"in-person",12,8,43
64,"in-person",12,9,51.5
41,"in-person",13,2,58
37,"in-person",3,1,42.9
18,"in-person",9,2,31.1
46,"email",15,5,44.8
41,"email",5,1,36.6
48,"phone",13,7,38.6
69,"in-person",4,4,49.4
73,"email",12,10,32.7
19,"email",0,6,17.1
21,"web",8,5,4.3
70,"in-person",8,9,39.1
26,"phone",6,8,26.8
80,"phone",9,5,51.4
31,"in-person",9,8,24.9
62,"web",13,7,36.4
26,"web",13,5,19.8
27,"web",10,4,27.1
42,"web",13,8,27.8
58,"email",4,5,55.3
72,"in-person",14,8,37.4
74,"phone",2,7,46.9
34,"in-person",15,2,26.5
79,"email",11,2,58.9
30,"in-person",15,1,51.6
69,"email",10,6,44
40,"email",10,7,27.9
68,"phone",12,10,49.7
19,"email",3,9,16.3
52,"in-person",13,2,41.7
50,"phone",9,4,51.2
37,"email",8,4,33.9
79,"email",6,10,32.7
55,"phone",10,4,38.4
29,"web",0,10,11.4
52,"web",4,3,37.3
50,"email",1,8,15.1
41,"in-person",14,3,62
21,"phone",3,10,41.6
69,"phone",15,9,57.9
50,"phone",3,1,74.7
39,"in-person",11,1,66.6
56,"email",15,2,46.8
63,"email",14,2,55.7
55,"phone",6,7,40.5
77,"email",1,2,52.8
35,"in-person",6,9,30.1
58,"phone",8,7,57.2
30,"email",3,6,26.3
39,"phone",12,2,46.8
78,"email",5,6,52.6
25,"email",13,1,42.7
18,"email",3,7,9.9
24,"web",2,9,20.7
57,"web",8,9,24.3
20,"phone",12,7,19.1
56,"web",13,8,33.2
30,"phone",6,5,42.4
24,"in-person",4,8,40
68,"web",13,3,43.9
34,"in-person",2,3,53.9
60,"in-person",4,7,47.9
46,"phone",13,1,74.4
49,"email",15,6,31.9
42,"web",2,5,39.9
77,"email",2,9,59.7
66,"phone",7,9,54.1
49,"web",3,3,39.5
77,"web",8,8,30.4
50,"phone",11,4,58.5
19,"phone",7,5,44.7
48,"in-person",4,1,59.6
54,"web",11,10,29.6
64,"in-person",2,10,34
35,"in-person",11,4,22.8
27,"phone",1,2,50.3
71,"email",12,5,55.5
42,"email",14,5,36.3
27,"in-person",3,6,37.8
48,"phone",11,6,59.8
34,"email",10,9,25.6
65,"in-person",1,3,56.4
68,"web",12,2,29.4
76,"web",2,3,44.4
19,"email",7,4,19.8
32,"in-person",11,8,17.5
34,"email",4,1,39.9
55,"phone",10,9,37.4
76,"web",5,3,60.5
57,"email",14,7,38.3
45,"in-person",3,9,31
38,"email",5,10,30.2
51,"email",8,2,35.5
30,"web",10,7,32.3
47,"email",8,1,45.2
25,"phone",1,4,49.6
37,"phone",0,8,42.1
69,"web",12,10,44.4
65,"phone",2,7,51.8
27,"phone",2,9,29.3
79,"phone",3,1,53.4
38,"email",6,7,27.3
58,"email",4,9,23.3
39,"email",3,1,41.6
71,"web",2,2,54.8
25,"email",14,9,26.3
43,"in-person",4,6,55
74,"phone",7,2,58.3
76,"phone",2,3,63.9
63,"email",10,7,42.9
20,"in-person",1,10,15.2
39,"in-person",12,8,26.5
69,"email",8,10,31.6
41,"email",1,2,40.1
29,"in-person",3,2,39.6
78,"in-person",2,8,49
23,"in-person",3,10,16
33,"phone",4,10,13.4
20,"in-person",4,5,23.7
38,"in-person",5,6,41.6
36,"web",6,2,33.2
74,"email",13,8,53.3
25,"email",15,7,28.8
73,"email",3,1,53.9
46,"in-person",8,3,54.9
49,"web",14,6,32.9
29,"email",0,1,39.6
62,"phone",15,5,54
52,"email",5,3,46.7
72,"phone",5,1,72.4
21,"web",7,5,26.5
44,"phone",11,4,40.6
60,"email",6,8,28.7
69,"email",14,2,61.5
45,"email",7,3,39.3
36,"phone",14,1,51.6
70,"email",15,8,39
27,"email",15,2,37.4
39,"in-person",13,2,46.4
58,"web",0,1,50.8
66,"in-person",11,4,57.3
53,"phone",13,7,48.3
77,"in-person",13,7,47.1
61,"web",10,3,57.4
66,"in-person",15,4,46.2
67,"email",7,1,45
56,"email",2,7,31.3
42,"web",3,9,19.4
19,"phone",12,5,44.2
51,"phone",13,2,58.6
77,"in-person",2,9,31.4
68,"email",10,2,49.5
52,"phone",4,1,59.6
21,"web",7,1,38.9
27,"in-person",11,6,41.4
47,"email",7,8,17.7
74,"email",0,2,55.2
19,"web",1,7,16.6
78,"web",4,9,40.4
45,"email",12,2,39.7
51,"web",0,3,42.5
26,"phone",10,1,60.2
45,"email",6,9,24
54,"in-person",15,9,26.8
78,"in-person",5,4,58.8
47,"web",5,5,39.7
43,"email",4,8,26.6
57,"phone",0,8,41
56,"email",11,2,51.7
36,"phone",11,8,29.7
29,"phone",9,4,47
80,"in-person",6,4,49
38,"in-person",15,6,44.9
60,"email",5,6,45.9
59,"web",3,4,40.4
54,"email",9,7,29.8
59,"email",4,10,26.5
46,"phone",4,1,67.6
43,"in-person",0,4,34.2
73,"in-person",12,5,50.1
40,"phone",8,9,36.8
71,"web",11,10,48.1
50,"web",12,4,52.8
29,"phone",5,3,43.7
36,"phone",0,1,45.9
26,"web",14,4,31.1
47,"in-person",2,8,35.7
70,"email",5,1,51.6
45,"phone",7,7,44.9
72,"phone",0,3,65.2
32,"in-person",7,4,44.8
30,"email",6,3,26.3
35,"web",6,1,40.4
31,"in-person",11,4,25.9
72,"in-person",3,1,72.4
67,"email",4,6,53.5
73,"phone",8,3,78.8
56,"web",14,5,25.4
27,"web",8,8,12.1
44,"in-person",0,2,45.5
45,"web",15,10,21.7
43,"in-person",1,6,30.6
21,"email",5,8,14.8
64,"in-person",14,10,47.9
23,"email",12,8,18.7
64,"email",5,6,46
30,"phone",6,9,33.4
41,"web",15,7,20.6
62,"in-person",6,7,33.1
49,"email",7,7,30.7
34,"phone",7,4,49.1
22,"phone",5,7,29.5
58,"phone",4,10,41.9
73,"phone",2,6,44.3
57,"phone",4,7,35
79,"phone",15,2,54.4
52,"phone",11,8,54.4
19,"phone",3,4,28.5
24,"phone",7,10,18.4
36,"web",6,3,32
56,"phone",8,4,45.1
75,"in-person",4,10,39.8
31,"in-person",6,4,33
61,"phone",12,4,44.5
55,"in-person",2,3,48
64,"web",5,7,29.9
21,"phone",5,5,29
36,"in-person",14,3,29.5
36,"web",14,10,16.9
58,"web",14,10,13.8
43,"in-person",11,9,28.3
73,"in-person",14,5,51
36,"email",4,8,22.3
22,"phone",15,1,57
25,"in-person",10,6,42.3
63,"email",7,8,29.8
37,"in-person",10,8,30.8
34,"email",3,5,32.5
70,"web",8,9,38.9
72,"email",6,9,41.3
74,"email",15,1,64.7
23,"phone",2,10,43.8
78,"email",9,2,54.3
69,"in-person",14,8,45.9
59,"in-person",2,5,51.1
69,"web",7,8,34.9
42,"email",9,3,42
65,"phone",3,9,49.4
29,"web",5,5,30.7
61,"web",3,8,27.3
23,"web",5,2,35.6
48,"in-person",3,7,49.9
61,"email",13,1,47.2
30,"phone",10,9,33.2
70,"web",7,8,44.4
57,"web",13,9,41.2
39,"phone",14,5,41
70,"web",5,5,54.7
23,"email",15,10,16.4
25,"web",6,5,43.1
46,"email",0,9,24.6
50,"in-person",7,4,44
24,"web",2,2,39.4
71,"in-person",8,6,45.1
20,"email",7,5,12.1
78,"web",14,5,42.9
79,"web",12,8,43.7
25,"email",14,3,39.7
80,"in-person",2,5,63.2
46,"web",14,10,29.5
40,"email",13,8,18.5
19,"phone",8,3,40.8
77,"web",4,4,41.3
75,"phone",1,2,60
23,"phone",4,4,47.8
48,"web",3,7,24.3
37,"web",1,7,28.1
26,"web",6,1,26
48,"email",1,2,39.3
77,"in-person",11,6,33.9
46,"in-person",6,8,45.9
45,"in-person",13,6,28.2
24,"web",1,6,21.5
36,"web",14,9,16.3
20,"email",8,7,19.7
33,"email",9,2,40.6
77,"phone",9,7,61.5
39,"email",4,7,37.3
62,"in-person",6,9,36.8
43,"in-person",1,8,29.7
39,"in-person",10,6,35.9
66,"web",9,1,49
37,"phone",8,1,32.1
71,"web",3,2,53.2
32,"phone",6,1,53.6
34,"web",0,2,32.5
54,"web",7,9,25.9
56,"phone",0,8,55.4
75,"email",4,10,44.6
57,"email",8,3,49.2
64,"web",7,8,47.7
66,"phone",14,5,61
49,"in-person",0,4,37.4
75,"in-person",7,1,74.3
25,"email",13,4,26.5
37,"in-person",2,9,31.8
42,"web",13,9,13.2
37,"email",2,3,44.6
46,"phone",7,3,56.5
55,"in-person",5,4,49.2
78,"email",4,7,47
57,"web",0,3,37.6
43,"web",15,2,54.5
72,"phone",9,5,63.3
61,"email",10,9,31.6
42,"in-person",9,5,41.4
36,"phone",5,3,44.5
35,"web",9,3,33.6
30,"in-person",6,5,24.4
33,"in-person",13,10,27.5
41,"phone",15,8,38.9
63,"in-person",9,3,50.6
31,"in-person",10,2,51.9
36,"email",2,4,19.5
76,"web",1,6,43.3
31,"phone",6,9,37.6
74,"in-person",4,7,43.4
37,"email",10,2,35.6
32,"email",11,6,27.6
66,"phone",6,3,61.1
19,"phone",6,3,47.8
37,"email",8,2,28.5
23,"phone",6,10,27.9
73,"in-person",13,1,75
50,"phone",1,8,24.8
45,"email",8,4,46.5
29,"web",14,8,21.1
27,"email",7,10,6.2
26,"email",11,10,7.3
33,"web",2,10,25.7
23,"phone",3,3,37.4
54,"web",15,3,35.9
25,"in-person",0,2,36.7
23,"email",11,7,28.1
80,"in-person",4,4,55.6
76,"in-person",9,6,53.5
32,"web",9,4,43.5
48,"email",2,2,34.3
63,"email",4,8,36.2
55,"web",3,9,41.2
79,"phone",5,10,60
70,"in-person",6,10,30.9
66,"phone",13,4,58.1
49,"in-person",15,6,49.6
80,"web",10,4,53.3
45,"email",7,6,30.9
18,"in-person",2,3,33.1
78,"phone",5,3,60.4
74,"web",0,2,57.9
22,"web",1,10,15
41,"web",10,9,19.5
49,"web",1,10,16.7
38,"in-person",1,2,32.9
55,"phone",2,2,72.4
58,"web",11,10,45
36,"phone",4,4,41.1
25,"phone",13,10,24.6
64,"email",3,2,45.1
72,"web",14,1,66.9
36,"in-person",1,9,32.9
78,"phone",12,2,78.8
66,"in-person",15,10,34.6
65,"phone",14,9,41.5
76,"phone",12,8,52.3
79,"in-person",10,10,35.7
27,"web",1,10,22.8
48,"phone",12,2,68.2
53,"in-person",1,4,42.7
42,"email",5,6,24.8
73,"web",9,4,44.9
56,"phone",6,2,73
53,"web",12,8,32.2
35,"phone",10,8,42.5
22,"web",4,1,43.9
67,"in-person",4,3,56.3
62,"in-person",1,2,60.7
19,"email",5,7,16.7
56,"in-person",11,5,60.2
62,"email",13,5,51.1
78,"in-person",14,5,60.7
49,"email",6,4,38.2
23,"email",4,5,16.3
21,"phone",13,1,50.6
18,"web",3,10,20.2
43,"in-person",11,9,17.3
56,"phone",1,5,44.1
60,"web",1,9,24.8
20,"email",3,10,10.5
23,"phone",8,8,31.3
36,"in-person",11,10,18.6
47,"in-person",7,3,39.1
58,"email",10,5,38.6
78,"web",0,2,65.1
18,"email",14,10,10.2
42,"web",6,3,34.6
46,"email",4,8,26.7
50,"in-person",10,4,57.6
53,"in-person",7,10,32.1
63,"email",0,9,36.1
27,"in-person",10,2,33.8
64,"email",3,9,42
59,"in-person",3,9,40.1
28,"phone",2,7,25.9
52,"phone",4,10,43.1
65,"email",4,7,49.6
63,"phone",1,1,69.5
57,"web",3,7,53.2
45,"phone",8,6,39.5
79,"web",8,9,49.1
43,"phone",12,5,49.8
58,"web",12,7,34.5
18,"in-person",4,1,41.9
65,"phone",7,8,39.5
47,"in-person",6,5,62.1
29,"email",9,1,32.5
70,"web",14,10,32.2
42,"in-person",1,4,28.9
23,"phone",3,8,38.9
56,"email",14,1,45.6
36,"email",12,10,13.8
60,"in-person",3,6,50.4
67,"in-person",5,10,29.2
18,"in-person",10,1,40.5
47,"phone",12,7,41.9
64,"email",7,6,25.6
79,"web",13,9,60.2
30,"in-person",10,5,43.4
72,"email",6,4,57.3
60,"web",13,1,45.8
19,"web",4,6,27.3
38,"phone",0,6,43.8
53,"phone",9,1,52.5
62,"email",7,1,43.5
53,"web",15,8,7.2
42,"phone",10,7,35.5
31,"email",12,6,25.9
75,"phone",10,3,71.6
29,"email",13,6,20.2
35,"phone",2,2,49.1
36,"email",9,1,43.4
54,"email",13,3,49.2
66,"phone",4,3,53.8
27,"email",4,8,6.8
78,"in-person",10,2,61.9
46,"web",9,5,24.7
71,"in-person",12,2,62.1
48,"web",13,1,30.9
20,"phone",14,1,48.2
46,"phone",12,7,53.4
53,"web",7,2,38.1
60,"in-person",1,10,43.2
20,"web",12,5,26.3
40,"in-person",1,4,41
63,"email",11,10,29.7
51,"web",1,3,47.7
23,"in-person",4,8,17.8
50,"web",7,10,29.4
77,"web",15,1,53.4
27,"web",10,3,25.9
33,"phone",3,1,53.5
41,"email",11,9,25
24,"in-person",3,3,35
24,"web",4,1,30.6
58,"email",10,1,58
25,"phone",5,4,40.5
28,"email",6,3,40.3
57,"in-person",8,6,40.9
52,"phone",12,1,64.4
52,"in-person",8,2,61.4
67,"email",9,4,57.3
20,"phone",0,5,32.7
49,"web",1,1,35.9
79,"web",14,3,54.9
66,"phone",1,10,58.3
58,"in-person",1,5,40
48,"web",11,1,50
64,"web",12,7,46.9
37,"web",3,5,29.5
24,"email",9,6,24.5
22,"email",11,6,24.4
61,"email",5,8,34.1
25,"web",7,5,22.2
73,"phone",2,4,63.7
31,"phone",2,7,24.1
57,"web",4,4,57.2
21,"phone",11,2,42.4
22,"in-person",3,10,27.8
66,"web",8,5,54.1
42,"web",6,5,16.8
32,"in-person",6,9,45.7
52,"web",3,5,43.9
21,"phone",9,8,30.3
40,"web",11,10,24.1
68,"in-person",2,3,52.4
18,"in-person",8,9,32.8
31,"phone",0,3,47.7
75,"web",9,7,32.3
78,"phone",12,2,76
54,"email",6,6,40.7
20,"phone",10,5,19.7
80,"in-person",4,2,69.1
64,"email",5,9,34.7
39,"in-person",9,2,38.8
57,"phone",11,9,39.1
44,"in-person",12,1,39.4
36,"phone",2,2,43.5
61,"web",1,4,49.8
42,"email",0,8,22.7
76,"in-person",9,2,61.3
51,"email",15,6,16.9
77,"phone",11,4,69.1
33,"phone",4,5,46.3
51,"web",14,7,23.6
54,"email",4,8,33.1
24,"email",14,5,27
44,"phone",3,7,41.4
30,"in-person",1,5,38.2
38,"web",5,2,41.4
40,"email",15,7,8.5
80,"web",12,1,58.7
72,"phone",3,2,66.1
79,"email",5,7,49.9
63,"web",3,9,32.8
62,"phone",9,6,46.1
18,"phone",6,2,38
67,"web",2,8,29.8
77,"in-person",2,8,50.3
60,"email",5,4,40.3
19,"in-person",0,7,32.3
45,"web",11,1,31.6
41,"in-person",2,1,49
57,"phone",3,10,38.2
73,"phone",7,9,27.5
23,"phone",3,6,31
57,"phone",6,4,43.3
69,"in-person",5,9,38.7
34,"phone",7,8,31.6
36,"web",0,6,31.4
50,"in-person",6,9,33.7
54,"in-person",12,6,50.8
32,"web",11,1,25.5
69,"email",14,5,39.5
29,"email",6,10,4.7
50,"phone",15,2,61.6
19,"email",13,10,17.3
55,"phone",4,8,38.4
66,"phone",8,10,48
51,"in-person",8,6,38.3
59,"phone",3,10,52.5
71,"web",2,10,31.8
42,"email",0,6,20.7
75,"in-person",11,3,50.7
31,"email",6,2,47.5
30,"phone",5,7,51.2
49,"in-person",11,7,34.8
70,"in-person",9,4,47.9
36,"phone",0,4,51.8
35,"phone",12,3,53.1
41,"email",2,10,30.6
48,"email",15,10,33.4
49,"email",2,8,29.1
72,"email",11,4,43.1
59,"in-person",14,10,33.1
71,"email",12,9,31.9
28,"web",1,7,13.5
25,"web",4,2,43.7
42,"phone",1,6,52.9
59,"phone",1,7,43.2
67,"in-person",5,5,50.9
70,"in-person",14,7,44.6
19,"in-person",5,4,45.1
70,"phone",8,5,74.2
70,"phone",6,3,71.3
52,"web",5,10,31.3
73,"web",3,6,49.7
77,"phone",2,9,62.7
18,"phone",10,10,25.7
34,"web",3,3,21.5
46,"email",2,3,35.9
65,"phone",7,9,31.6
35,"in-person",0,2,34.4
18,"web",9,4,15.7
38,"web",0,8,25.5
38,"phone",15,5,60.7
73,"web",9,10,24
76,"email",11,3,47.5
59,"web",8,6,41.9
27,"web",13,10,22.8
45,"email",2,2,38.6
25,"in-person",5,8,33.3
50,"web",6,10,30.5
28,"email",5,4,25.7
63,"email",3,10,36.1
24,"phone",13,6,37.9
57,"phone",4,9,29.1
44,"web",12,2,52.4
23,"in-person",6,6,36.2
19,"web",10,6,24.3
34,"email",15,10,1
73,"in-person",10,7,42.2
62,"email",4,9,32.9
42,"web",0,8,30
75,"web",14,9,41.1
66,"phone",13,3,59.3
67,"email",5,9,29.8
80,"in-person",4,9,56.2
57,"email",7,7,40.9
21,"in-person",8,9,9.6
19,"phone",1,4,37.6
35,"in-person",10,4,27.7
30,"web",3,1,38.8
19,"in-person",6,5,12.6
31,"in-person",12,2,40.5
67,"phone",13,6,46.7
30,"in-person",5,6,39.9
42,"in-person",5,8,33.3
75,"in-person",14,9,42.8
44,"in-person",8,2,53.1
25,"email",6,5,27.4
45,"phone",2,10,33.7
73,"in-person",13,6,47.9
80,"phone",7,2,69.7
32,"email",13,9,29.7
30,"in-person",7,6,27.1
63,"web",13,10,38.3
67,"phone",7,10,39
63,"email",14,2,54.6
40,"email",10,7,22.1
23,"phone",14,6,41.5
19,"email",1,6,34.3
76,"in-person",12,4,57.6
24,"web",14,6,18.4
58,"email",13,8,35.6
76,"in-person",11,9,45.9
20,"phone",4,1,39.2
68,"email",0,1,54.2
76,"web",2,7,40.4
41,"in-person",13,2,44.4
35,"email",10,8,27.5
56,"email",11,5,34.3
50,"web",7,5,21.8
28,"email",11,7,29.6
63,"phone",7,5,60
34,"in-person",15,8,18.9
43,"phone",15,3,44.1
36,"web",1,9,22.4
67,"email",9,6,32.8
41,"phone",0,8,28.7
72,"phone",7,8,53.9
43,"in-person",6,9,18.2
23,"in-person",14,6,37.7
53,"email",15,7,36.2
34,"email",4,2,40.1
18,"web",15,6,31.6
35,"email",4,6,36
42,"email",9,2,55.6
21,"email",14,3,24.2
49,"web",12,8,37.8
49,"web",0,8,25
23,"phone",9,9,44.3
41,"phone",1,9,28.9
25,"email",5,1,29
49,"in-person",12,2,63.7
32,"in-person",10,10,24.2
21,"phone",14,4,24.6
44,"in-person",5,6,34.3
74,"in-person",6,3,41
23,"web",1,10,27
66,"email",6,1,41.4
57,"phone",15,8,38.3
78,"in-person",9,1,48.8
23,"web",8,9,28.5
20,"in-person",7,6,25.2
80,"phone",15,5,60.6
69,"in-person",15,6,50.5
24,"email",2,9,14.7
77,"web",3,7,43.5
72,"web",12,3,60
61,"email",4,4,43.5
33,"email",0,5,27.1
42,"phone",13,9,54.1
64,"email",12,5,40
35,"email",1,1,40.3
50,"email",5,7,31.3
69,"web",6,5,54.9
25,"in-person",14,9,15.9
55,"phone",12,5,63.5
23,"web",14,7,18.5
51,"email",13,6,34.2
43,"phone",1,7,43.4
25,"web",7,6,11.8
69,"phone",2,7,55.6
38,"email",10,7,26.4
43,"email",3,1,46.4
48,"phone",3,2,68.5
34,"web",11,6,32.4
59,"web",0,8,53.7
76,"email",12,7,42.3
24,"web",7,7,23.1
44,"web",10,4,50.6
18,"in-person",5,4,23.1
44,"in-person",13,6,57.6
65,"phone",14,5,68.3
24,"email",4,4,13.8
50,"in-person",15,9,30.1
44,"email",8,4,42
67,"web",3,1,66.4
71,"email",3,5,57.8
69,"email",5,9,28.7
44,"email",12,6,41.1
18,"web",8,7,10.5
23,"email",7,8,18.8
60,"phone",15,3,57.7
73,"email",8,8,53.9
55,"in-person",1,10,35.8
21,"email",5,8,16.4
42,"phone",11,9,36.5
62,"email",10,8,46.9
79,"phone",15,1,68.5
50,"email",10,5,45.6
44,"web",15,4,32.8
33,"phone",12,5,44.1
79,"in-person",4,10,53.9
46,"in-person",0,2,49
70,"phone",1,3,48.4
45,"web",7,3,34.3
78,"phone",14,8,52.2
22,"phone",0,8,29.8
79,"in-person",1,7,43.2
77,"phone",15,9,45
55,"email",0,3,31.5
26,"email",1,6,24.8
40,"in-person",4,7,42.2
78,"web",7,6,36.2
73,"web",6,7,46.7
55,"web",0,5,38.9
72,"in-person",4,6,54.9
38,"in-person",7,8,32.2
36,"email",9,3,37.7
37,"email",2,1,42.2
18,"in-person",13,10,25.5
35,"in-person",4,2,41.4
55,"phone",14,7,48.4
18,"email",4,1,36.1
23,"email",6,2,27.9
42,"email",15,1,46.7
37,"phone",0,4,62.4
74,"email",12,5,56.1
79,"email",10,10,32.5
43,"web",0,7,34.8
37,"email",0,3,36.2
19,"web",13,3,33.4
22,"web",13,8,21.4
37,"web",5,2,30.2
19,"email",3,6,24.1
58,"in-person",8,9,50.1
44,"email",1,4,44.7
30,"phone",13,1,52.2
50,"email",10,4,35.7
27,"email",6,6,17.2
27,"email",8,6,31.4
36,"web",7,9,28.4
76,"phone",2,4,71.8
27,"email",4,10,8
27,"email",15,2,34.3
62,"web",4,9,33.5
41,"phone",12,10,36.2
45,"email",3,1,51.7
67,"email",9,2,72.4
42,"email",4,7,21.7
20,"web",15,4,19.7
79,"phone",14,6,61.2
70,"phone",2,3,55.8
49,"email",7,6,32
30,"web",5,6,13.7
54,"web",12,5,40.4
69,"phone",15,1,82.3
51,"in-person",15,8,40.7
60,"phone",7,2,70
70,"in-person",13,8,50.2
73,"phone",2,10,33.3
52,"web",4,1,55.1
51,"phone",1,6,37.7
64,"in-person",3,1,56.5
24,"email",8,5,48.2
69,"email",14,9,39.9
47,"in-person",15,5,31.4
57,"in-person",13,4,45.5
27,"in-person",7,6,21.8
46,"web",13,4,48.7
79,"web",12,2,61.1
54,"web",1,4,37.3
45,"email",1,10,27.7
53,"web",7,9,28.5
57,"email",9,9,35.3
64,"phone",15,4,67.5
62,"web",1,7,39
75,"email",8,9,49.3
42,"web",0,7,22.4
33,"web",2,9,30.2
49,"web",5,6,30.3
64,"web",3,3,47.7
60,"phone",2,8,59
20,"in-person",15,7,27.5
71,"web",12,8,21
48,"phone",6,5,35.2
26,"phone",3,1,40.1
33,"email",13,5,30.8
26,"web",8,2,49.2
44,"email",14,5,32
70,"web",2,5,52.1
62,"web",14,2,35.1
61,"web",9,8,33.6
41,"in-person",13,4,38.7
35,"in-person",10,5,39.6
49,"in-person",8,2,55.3
65,"in-person",0,6,54.4
58,"phone",1,9,39.4
49,"web",15,3,56.7
27,"web",5,3,37.8
79,"in-person",12,9,42.3
66,"email",4,6,39.3
25,"email",6,10,28.8
61,"in-person",10,5,51.6
60,"email",11,2,44.7
26,"in-person",13,10,15.3
79,"web",9,5,43.7
28,"in-person",15,4,32.2
33,"email",8,7,19.1
64,"email",2,9,37
69,"email",4,5,35
19,"in-person",6,3,48.8
60,"email",5,6,47.3
42,"phone",14,2,50.3
20,"email",5,5,24.7
28,"in-person",6,9,27.4
54,"email",13,6,45.2
26,"phone",8,4,38
25,"email",3,3,49.6
68,"email",0,7,47.2
73,"in-person",12,6,47
72,"in-person",7,4,58.6
45,"email",3,9,26.6
74,"in-person",8,1,59.1
32,"phone",0,6,31.2
69,"email",13,9,37.8
76,"phone",2,10,41.7
28,"email",1,1,39.8
29,"phone",2,8,32.7
38,"in-person",5,6,33
24,"email",14,7,11.3
38,"email",1,4,34.7
73,"web",4,10,39.8
73,"in-person",13,2,60.2
21,"web",14,4,36.1
54,"in-person",12,2,48
61,"email",1,2,48.5
26,"web",0,4,31.1
38,"in-person",15,4,38.9
47,"web",12,9,25.3
22,"web",10,7,15.7
59,"email",13,3,51.2
37,"web",5,6,51.9
75,"phone",14,9,51.6
40,"in-person",0,2,45.1
77,"email",12,7,43.6
43,"web",12,2,54.2
47,"web",2,8,29.9
34,"phone",15,8,37.6
80,"phone",11,7,50.9
49,"web",5,1,45.8
20,"phone",14,3,48
70,"in-person",0,7,55.9
43,"in-person",11,5,37.2
77,"web",7,10,36.2
34,"phone",13,6,50.7
42,"web",13,2,40.9
24,"web",5,8,17.1
75,"phone",10,3,76.1
76,"in-person",5,4,55.9
78,"web",12,3,42.5
39,"web",8,8,18.8
18,"web",11,2,38.2
58,"in-person",8,8,37.2
46,"web",12,6,32.8
32,"email",9,6,33.2
31,"email",0,4,19.8
63,"email",11,8,34.2
79,"email",5,1,56
44,"web",13,9,17.7
74,"in-person",4,2,48.4
74,"web",15,6,49.5
63,"phone",12,7,51.1
55,"email",4,3,46.4
25,"phone",2,8,27.4
33,"phone",14,5,47
26,"phone",2,1,45.5
65,"email",11,2,52
47,"email",7,4,34.5
65,"phone",2,9,47.9
23,"in-person",11,6,24.9
65,"email",12,3,48.9
56,"email",13,3,27.3
69,"phone",15,7,58.8
21,"web",15,5,33.1
62,"web",10,3,45.1
78,"web",6,2,65.2
43,"phone",7,6,30.9
62,"web",9,3,45.9
31,"web",13,4,15.6
33,"phone",7,6,41.5
69,"web",12,1,61.5
39,"phone",6,7,43.8
36,"in-person",0,8,44
80,"in-person",9,8,42.2
41,"email",0,8,27.6
78,"email",3,8,48.3
41,"in-person",9,7,21.8
47,"email",9,5,31.5
52,"in-person",13,4,43.8
60,"email",1,5,45.3
33,"phone",5,6,41.3
19,"web",6,4,32.7
38,"phone",10,9,12.2
30,"web",3,8,13.2
65,"email",1,6,41.7
74,"web",0,9,47.9
54,"web",11,9,19.1
25,"phone",0,5,38.4
65,"web",0,1,65.1
38,"in-person",6,5,28.1
27,"phone",15,8,36.9
32,"phone",15,5,39.6
25,"web",14,6,24.6
57,"web",12,8,23.1
51,"phone",2,6,50.6
35,"web",5,7,28.2
21,"web",1,7,17.8
78,"phone",2,9,45
32,"phone",14,6,37.8
67,"in-person",8,3,47.8
51,"in-person",10,8,26.9
70,"email",5,9,36.9
78,"in-person",4,3,52.4
30,"web",2,3,29.8
67,"phone",13,4,47.6
50,"in-person",14,9,31.4
27,"phone",2,7,48.4
65,"in-person",12,1,39.8
60,"in-person",3,7,42.2
20,"email",6,1,31.5
38,"phone",3,10,41.6
66,"web",15,7,44.3
78,"web",0,4,55.6
19,"email",12,5,27
46,"phone",3,5,55.6
20,"email",4,6,15.1
19,"in-person",2,10,11.6
37,"web",9,1,40.1
58,"in-person",4,9,37.6
36,"email",4,1,43.7
32,"phone",4,8,27.8
40,"email",10,3,43.6
58,"email",11,3,41.2
22,"in-person",3,10,23.7
69,"email",14,8,42.9
63,"phone",7,1,54.4
34,"in-person",6,5,58.2
19,"phone",3,8,20.7
39,"phone",7,9,41.4
59,"web",13,9,34.5
80,"web",7,5,40.5
62,"phone",13,8,47.8
18,"web",10,10,8.4
20,"web",5,4,12.2
43,"in-person",0,8,32
56,"phone",9,6,49.3
19,"web",15,5,31.9
80,"phone",3,4,67.9
62,"web",9,6,50.6
59,"email",7,4,55.3
53,"email",14,7,21.3
59,"web",8,5,33.1
61,"phone",6,3,50.4
34,"phone",9,4,38.4
56,"phone",7,2,66
43,"web",2,8,22.3
42,"in-person",5,10,23.8
72,"web",3,5,44.6
50,"web",9,2,57.5
48,"email",7,8,33.9
38,"web",5,3,42.2
21,"email",4,7,20.8
18,"web",4,10,6.1
29,"in-person",4,3,51.3
71,"in-person",12,5,39.4
25,"in-person",2,10,20.9
37,"web",10,7,18.8
79,"in-person",1,4,78.1
71,"in-person",9,8,45.4
69,"in-person",5,2,56.6
51,"web",5,5,39.3
45,"phone",13,9,47
62,"in-person",9,8,59.6
41,"in-person",0,8,32.5
63,"phone",15,9,40.3
71,"email",11,3,45.1
42,"email",2,4,27.9
57,"email",5,4,52.6
21,"email",7,9,17.8
35,"in-person",3,3,43.9
77,"in-person",6,6,63.1
30,"phone",10,5,45.7
32,"email",14,6,30.8
44,"web",2,8,39.4
74,"email",0,9,34.3
77,"email",4,2,70.4
67,"phone",4,10,39.2
28,"web",11,6,26.1
60,"in-person",14,7,56.6
66,"phone",13,7,45.6
62,"web",3,10,24.9
52,"phone",8,8,56.3
34,"web",4,1,37.8
47,"in-person",9,2,40.4
45,"phone",4,5,42
61,"web",10,1,35.4
53,"web",1,3,38
65,"email",6,3,54.6
18,"web",14,5,13.6
27,"in-person",9,9,9.1
53,"web",1,3,49.9
46,"web",4,7,33.5
78,"email",13,9,35.9
59,"phone",9,7,41.8
33,"web",2,10,14.8
19,"web",7,6,19.5
55,"phone",5,2,54.3
20,"web",4,2,20.5
75,"in-person",13,2,58.6
69,"email",15,7,45.1
64,"web",1,2,54.7
57,"email",11,6,32.9
36,"phone",15,9,22
73,"in-person",7,2,61.4
42,"phone",14,1,63.4
53,"web",14,10,23.7
43,"email",2,6,26.7
24,"phone",9,7,48.7
45,"web",0,9,34
29,"in-person",3,8,20.9
42,"phone",15,8,35.7
44,"phone",15,8,50.9
56,"phone",8,2,61.1
58,"phone",14,9,44.8
37,"web",12,1,49.4
60,"in-person",1,5,48.7
56,"email",13,2,43.3
55,"in-person",3,2,48.3
64,"phone",3,3,70.7
31,"email",0,2,32.1
28,"web",4,6,30.7
52,"in-person",10,4,37.6
80,"email",9,5,66.1
68,"email",12,2,45.7
53,"phone",7,2,53.6
61,"email",1,10,31
63,"phone",12,9,42.2
79,"phone",2,7,50.2
41,"email",3,4,33.2
62,"phone",11,6,45.5
55,"in-person",12,2,70.4
29,"web",3,5,39.3
57,"in-person",13,10,28.3
18,"phone",12,5,46.9
75,"in-person",8,2,58.1
52,"in-person",5,3,46.2
44,"web",11,8,28.1
31,"email",10,4,22.5
20,"phone",12,4,34
69,"web",2,7,20.2
72,"web",9,4,42.8
74,"web",13,7,34.9
31,"web",14,3,50.8
41,"phone",11,7,37.3
80,"phone",15,5,61.4
35,"phone",14,10,36.5
67,"web",15,2,64.8
55,"web",3,7,48.4
32,"email",7,10,13.1
79,"phone",5,2,58.8
46,"phone",14,3,64.5
54,"email",11,10,38.5
63,"email",1,9,25.2
60,"phone",11,9,53.6
78,"phone",15,9,48
47,"web",6,10,39.4
62,"email",7,4,38.4
57,"in-person",4,8,51.7
22,"in-person",12,6,35.4
75,"phone",3,7,53.9
56,"phone",9,10,42.8
40,"in-person",11,4,36.5
26,"email",11,10,18.9
57,"in-person",12,6,47.8
79,"in-person",13,9,51.2
34,"web",4,10,9.7
55,"web",6,6,58.4
19,"web",7,3,26.7
19,"email",10,4,25
61,"email",13,9,24.3
23,"email",10,7,20.8
32,"email",1,1,42.2
44,"in-person",15,4,49.8
32,"email",10,4,41
46,"web",10,6,35.3
71,"web",12,2,61.3
34,"web",5,1,24.1
31,"web",10,3,26.5
31,"email",13,8,28
71,"phone",8,3,72.7
52,"web",5,3,57.5
64,"web",1,10,20.5
34,"web",15,4,48.8
45,"phone",6,7,52.2
68,"in-person",15,7,40
41,"email",4,5,38
41,"email",5,7,21
27,"email",8,3,33.9
47,"web",13,10,23.5
69,"in-person",2,9,46.8
34,"phone",1,8,35.6
43,"phone",3,2,61.3
18,"web",12,4,36.6
43,"web",12,9,27.1
25,"in-person",14,2,30
38,"phone",9,8,47.2
55,"phone",2,3,55
60,"web",14,8,26.5
59,"in-person",9,10,32.9
50,"in-person",4,3,43.8
54,"web",4,3,45.6
36,"email",1,1,39.1
55,"web",13,4,46.9
38,"email",13,1,50
40,"in-person",4,6,26.5
27,"in-person",14,3,34.1
53,"web",7,2,48.7
41,"web",3,5,42.1
55,"phone",4,6,34.6
42,"in-person",7,3,49.1
58,"phone",12,6,46.2
80,"phone",11,3,56.3
75,"phone",1,9,49.3
42,"in-person",12,3,49.3
59,"email",6,5,29.7
56,"in-person",3,10,43.7
69,"web",15,1,46.8
38,"phone",10,8,24.4
55,"phone",0,10,28.7
72,"email",6,3,48.2
27,"email",4,3,40.8
26,"email",2,10,20
32,"email",11,8,12.3
56,"in-person",14,9,31.2
43,"email",11,3,38.9
58,"phone",14,2,56.1
18,"in-person",13,9,26.2
80,"web",2,8,58.6
77,"email",12,10,32.4
65,"web",3,2,59.4
70,"in-person",3,5,46.2
34,"email",0,2,58
42,"phone",0,7,38.7
65,"email",4,3,42.9
63,"email",0,7,36.1
45,"phone",2,5,61.6
43,"web",5,6,50.6
32,"in-person",0,6,41.1
65,"in-person",5,2,70
46,"email",6,7,45.8
57,"in-person",1,6,56.8
53,"web",13,8,31.5
60,"email",9,4,44.6
50,"phone",8,7,47.4
80,"web",0,3,50.4
20,"phone",2,9,36.2
23,"web",15,10,20.3
75,"phone",4,9,62.1
66,"in-person",14,7,44.6
40,"email",13,10,28.4
43,"web",14,9,24.9
40,"in-person",3,7,46.3
18,"email",10,4,24.2
70,"in-person",8,2,62.7
24,"email",7,5,24.6
30,"in-person",5,1,41.5
56,"phone",7,4,46
44,"phone",11,8,39
77,"email",6,4,52.1
29,"phone",14,6,43.4
29,"phone",2,4,49.8
33,"email",12,5,11.6
34,"phone",4,2,54.7
60,"web",0,2,54.4
63,"web",12,3,55.5
57,"phone",7,8,50.8
39,"email",10,2,41.7
56,"web",8,5,45.9
44,"in-person",12,5,31.5
76,"in-person",8,6,41.3
47,"web",6,7,31.1
50,"email",4,3,51.1
48,"phone",11,4,58.5
40,"email",9,6,20.2
32,"phone",15,6,34.1
58,"phone",15,9,39.3
38,"in-person",11,4,53.5
30,"web",15,2,48.1
71,"in-person",9,5,36.5
44,"in-person",15,3,29.9
39,"in-person",6,8,26.4
70,"email",2,1,69.1
58,"email",15,4,60.9
72,"phone",15,5,62.5
49,"web",14,5,25
26,"phone",3,4,39
23,"web",3,5,17.6
36,"phone",5,5,38.9
40,"phone",13,5,36.3
76,"phone",8,6,62.3
71,"in-person",13,5,49.1
71,"phone",12,9,44
55,"phone",0,3,63
23,"web",5,6,21.8
65,"in-person",14,9,51.2
19,"phone",3,9,31.7
35,"email",4,3,36.8
56,"web",4,5,26.9
52,"web",12,8,33.9
43,"email",4,6,29.7
56,"web",2,6,50.5
60,"email",7,3,49.9
65,"web",6,8,29.1
78,"phone",10,9,42.9
69,"phone",9,8,62.6
67,"in-person",0,4,50.7
52,"email",14,7,34
69,"phone",4,6,57.1
43,"email",6,6,28.6
39,"phone",10,3,49.2
28,"web",10,2,38.4
71,"web",9,8,43
31,"web",8,8,38
19,"in-person",3,4,22.3
44,"in-person",11,1,39
80,"web",11,1,57.8
69,"web",1,9,34.4
29,"email",2,1,44.4
30,"web",10,2,42.3
79,"phone",2,10,65.6
47,"in-person",15,10,42.6
56,"in-person",14,7,30.3
80,"in-person",10,8,43.4
20,"web",1,1,54.6
42,"in-person",15,8,29.4
26,"phone",10,9,23.8
26,"email",13,10,11.4
72,"phone",2,1,64.9
31,"phone",15,3,55.3
35,"web",3,2,43.1
38,"phone",7,9,26.8
56,"email",1,4,42
74,"email",13,1,52.4
78,"web",15,5,51.7
34,"web",9,8,30
77,"web",6,3,48.5
29,"phone",1,4,46.3
23,"email",14,10,15.4
43,"web",6,10,44.1
70,"web",2,8,45.5
43,"phone",0,1,71.1
37,"phone",10,5,54.8
18,"in-person",2,10,16.7
26,"email",6,2,32.7
23,"phone",14,10,22.8
19,"email",11,6,29.6
58,"web",14,9,42.4
73,"phone",12,2,63.5
72,"web",1,5,61.1
78,"phone",1,10,45.6
28,"email",11,9,28.2
78,"email",2,9,42.8
69,"in-person",8,5,52.3
25,"phone",13,1,45.4
52,"email",5,9,32.9
54,"web",4,6,36.9
67,"phone",4,5,57.3
45,"web",5,2,42.6
79,"in-person",9,7,41.4
53,"email",13,4,34.9
34,"in-person",13,5,34.4
71,"in-person",1,3,69.1
48,"in-person",6,9,26.3
63,"phone",5,8,49.5
66,"phone",1,2,57.9
78,"web",2,8,39.9
73,"phone",7,9,53.8
46,"in-person",12,2,44.1
27,"web",8,4,37.3
45,"in-person",10,1,47.1
62,"in-person",11,3,66.6
75,"email",15,4,36.5
60,"email",14,5,38.1
58,"email",11,4,31.6
25,"phone",11,10,39.8
18,"web",11,1,49.9
35,"email",11,3,35.3
24,"web",12,3,14.8
47,"phone",13,2,63.2
42,"web",5,7,34
38,"email",5,3,26.9
70,"in-person",4,1,61
62,"phone",0,1,57.6
50,"phone",5,1,72.8
26,"email",3,4,27
29,"phone",12,3,40
29,"web",10,2,33.5
27,"phone",9,3,43.1
74,"phone",14,7,51.9
60,"email",9,7,45.3
75,"phone",7,4,56.6
48,"email",10,6,36.5
79,"phone",0,9,49
71,"email",9,7,33.7
19,"email",6,10,9.3
42,"phone",7,7,40.2
66,"email",14,10,25.2
26,"phone",0,10,38.5
50,"web",12,1,50.2
66,"email",6,6,37.1
78,"phone",12,9,52.5
23,"email",3,1,34.8
59,"web",9,5,43.3
22,"email",7,4,19.3
65,"email",3,10,20.8
39,"email",12,8,13.9
39,"email",4,6,33.3
59,"web",8,7,46.4
43,"email",9,9,29.7
36,"email",11,8,15.3
44,"in-person",9,9,12.2
33,"in-person",12,6,41.6
53,"in-person",8,1,64.3
26,"in-person",3,2,40.5
23,"web",12,9,16.4
75,"in-person",5,7,56.4
64,"in-person",1,4,60.5
51,"in-person",6,3,55.9
56,"in-person",15,3,61.9
69,"email",15,4,40.2
64,"email",14,8,15.9
24,"phone",0,2,46.9
64,"web",11,10,31.2
36,"email",4,10,8.7
23,"phone",11,6,47.8
34,"email",13,1,44.2
65,"phone",14,9,60.8
36,"email",12,1,53.1
50,"web",5,1,32.8
55,"email",0,10,34.1
61,"in-person",14,9,46.7
54,"in-person",10,10,32.6
21,"email",1,2,33.6
55,"web",3,7,27.1
33,"web",12,5,23
49,"email",2,8,23.6
78,"email",5,7,43
49,"web",4,6,32.8
19,"email",7,7,21.2
35,"in-person",0,4,42.6
74,"web",3,9,43.4
56,"phone",7,6,39.1
66,"in-person",3,2,43.6
50,"web",10,3,42.5
31,"phone",13,9,31.9
74,"in-person",8,6,45.6
60,"in-person",15,9,33.3
43,"email",1,10,33.6
26,"phone",15,9,30
35,"email",10,1,52.9
53,"phone",7,1,72.5
35,"phone",1,2,44
42,"in-person",13,9,30.7
37,"email",4,1,43.3
74,"in-person",12,10,41.7
72,"web",11,9,37
19,"web",11,10,29.7
25,"in-person",15,10,12.6
42,"email",4,6,39.9
73,"in-person",12,2,61.6
61,"email",14,9,45.2
65,"email",2,1,50.6
67,"in-person",5,6,53
44,"in-person",0,6,30.7
39,"phone",14,9,33.3
70,"web",8,8,27
34,"web",8,4,17.8
47,"in-person",8,4,42.9
66,"web",6,2,52.2
69,"email",6,3,43
40,"email",2,10,17.2
68,"phone",6,7,55.2
59,"phone",4,1,67.6
66,"in-person",6,6,46.5
70,"phone",9,2,71.1
34,"email",13,7,29
55,"email",15,2,42.9
62,"in-person",0,1,51.6
20,"in-person",13,3,33.2
43,"in-person",10,3,45.8
63,"in-person",8,9,28.2
34,"in-person",14,3,36.1
64,"in-person",8,4,46.1
34,"in-person",10,7,26
28,"web",2,8,8.8
74,"email",7,8,38.7
39,"web",1,8,22.5
39,"phone",8,6,43.2
59,"phone",6,4,52.4
53,"phone",11,9,43.9
56,"phone",12,8,38.8
76,"phone",2,4,65.5
69,"web",6,3,60.2
27,"web",1,7,29.9
44,"in-person",14,3,47.4
59,"web",7,2,22.6
27,"in-person",6,3,34.8
66,"in-person",6,2,63.9
49,"email",3,1,57.7
25,"phone",14,3,39
37,"phone",1,9,35.2
54,"web",3,7,33.3
42,"in-person",12,2,68.1
62,"phone",4,3,58.9
79,"phone",6,6,63.6
53,"web",15,1,47.2
80,"web",12,5,47.7
18,"email",2,4,26.8
71,"phone",11,3,53.6
26,"in-person",4,10,24
78,"web",11,5,46.4
37,"phone",4,3,49.4
38,"web",9,2,39.8
72,"in-person",9,7,41.1
27,"email",6,6,34.9
40,"phone",0,3,54.9
80,"in-person",3,2,44
23,"web",9,10,10.7
63,"phone",3,3,67.1
45,"email",10,2,47.2
54,"web",7,3,34.3
49,"web",12,3,38.9
24,"in-person",14,2,32.4
41,"phone",2,8,35.8
57,"phone",9,6,52.8
80,"web",14,4,58
52,"phone",15,2,50.1
27,"email",10,4,29.6
79,"web",6,7,33.4
22,"phone",12,10,37.7
36,"email",3,4,35.9
75,"email",1,9,32.9
34,"email",15,5,34.1
78,"email",6,7,49
65,"in-person",13,5,65.9
31,"in-person",9,4,48.3
24,"email",7,8,20.1
53,"phone",7,9,58.2
70,"email",7,5,42.7
22,"phone",15,7,29.2
32,"in-person",7,3,35.9
38,"email",3,2,47.2
30,"in-person",1,1,49.9
42,"email",7,3,37.6
73,"email",12,6,59.6
73,"web",10,2,45.4
80,"web",8,3,64
63,"in-person",9,4,59.1
67,"phone",15,3,64.1
63,"web",12,1,51.4
54,"email",4,8,33.6
36,"phone",10,8,36.8
64,"email",6,7,45.7
67,"email",1,1,50.7
72,"web",3,4,51.2
69,"phone",13,7,58.7
77,"web",14,7,44.8
50,"web",13,7,35
35,"email",9,9,10.7
35,"in-person",3,3,47.8
36,"in-person",10,8,40.5
41,"phone",9,10,48.6
48,"phone",6,6,52.3
59,"phone",11,2,60.1
41,"phone",6,3,53.1
60,"phone",12,5,33.7
32,"web",9,6,31
29,"phone",12,2,54.9
51,"phone",10,5,44.2
21,"in-person",4,5,36.8
78,"in-person",12,10,35.9
24,"in-person",10,1,48.9
79,"phone",7,4,63.5
71,"web",15,2,36
54,"phone",0,2,48.1
29,"email",10,4,32.4
67,"email",0,8,23.9
53,"web",5,3,45.9
33,"email",5,8,14.7
69,"phone",5,9,30.7
32,"web",14,4,39.6
28,"in-person",9,6,21.8
58,"email",9,4,58
80,"email",7,4,61.9
77,"email",8,2,49.8
74,"in-person",0,10,31.9
67,"phone",2,4,66.8
37,"email",15,7,27.4
51,"in-person",5,4,46.4
24,"email",4,2,28.1
70,"web",9,7,30.2
80,"in-person",12,4,63.3
27,"web",7,7,27.4
50,"in-person",4,6,23.3
63,"phone",7,4,53.9
51,"web",7,6,39.8
69,"web",6,5,38.2
42,"web",0,8,16.1
60,"web",12,3,29.3
45,"email",4,6,39.1
29,"email",1,2,44.4
75,"phone",4,3,68.1
21,"phone",7,5,39.2
78,"web",10,3,47.6
47,"in-person",8,10,28.9
24,"in-person",4,5,30.7
31,"web",8,4,32.4
59,"email",8,2,51.4
77,"in-person",9,5,42.2
45,"phone",5,2,57.6
72,"phone",3,7,61.1
55,"in-person",11,10,42
32,"in-person",14,5,26
32,"email",13,8,13.7
49,"web",13,9,26.8
23,"email",7,8,12.4
47,"in-person",4,1,53.2
44,"phone",0,4,54.9
23,"in-person",1,5,31.1
21,"in-person",3,3,26.3
74,"phone",5,7,53.3
54,"email",15,4,16.8
52,"web",15,1,57.8
73,"web",15,10,29.4
41,"web",15,4,53.9
74,"in-person",11,1,62.2
63,"email",4,5,41.7
25,"phone",10,4,44.6
44,"in-person",7,2,30.3
44,"phone",9,1,67.8
31,"in-person",7,7,23.4
32,"email",11,5,22.4
47,"web",13,1,67.7
52,"in-person",7,4,42.5
39,"in-person",5,4,45.4
45,"web",10,6,25
35,"in-person",0,6,39
79,"phone",7,5,68.5
78,"phone",6,9,53.8
68,"web",9,8,37.2
68,"in-person",6,10,32.6
36,"phone",13,10,23.8
44,"web",2,7,45.2
53,"in-person",3,4,36.3
43,"phone",5,9,30.3
19,"phone",11,6,27.6
68,"web",6,4,43.5
78,"email",3,6,42.2
72,"phone",13,2,61.5
76,"email",3,3,55.9
30,"in-person",5,10,14.2
72,"web",7,3,59.7
28,"email",6,3,38.9
44,"in-person",11,2,57.2
49,"email",5,10,17.7
53,"web",5,9,39.3
65,"web",9,6,34.4
60,"email",12,4,43.3
72,"phone",7,5,64.6
45,"phone",13,5,52.7
78,"in-person",0,6,50.3
18,"email",12,9,20.3
40,"email",4,4,44.4
74,"email",5,6,49.8
25,"email",0,8,13.1
35,"in-person",5,7,33.8
72,"phone",4,3,53.6
47,"web",0,5,33.4
43,"web",11,8,33.7
18,"in-person",14,3,22.3
22,"in-person",7,9,32.8
24,"phone",4,10,35
64,"phone",5,9,51.8
57,"web",8,1,38.6
62,"phone",3,4,46.2
32,"phone",13,8,49.7
66,"in-person",7,5,51.9
51,"web",10,10,28.8
56,"email",13,8,24.1
47,"web",0,3,39
53,"in-person",10,2,64.1
41,"email",1,2,47.3
48,"web",13,9,34.2
80,"phone",4,9,47.2
32,"email",1,4,42.5
54,"web",8,2,57.5
76,"web",0,1,49.3
25,"email",12,10,16
36,"in-person",11,2,45.8
60,"email",6,3,44.7
58,"in-person",9,7,36.4
57,"web",2,2,47.1
38,"in-person",0,10,32.5
41,"email",5,2,41.9
73,"web",10,2,51
29,"phone",13,10,31.9
35,"phone",0,6,34.5
40,"email",12,9,27.8
55,"in-person",12,8,35.9
64,"web",5,1,49
46,"email",11,1,58.2
80,"web",6,6,45.6
64,"email",8,7,39.8
71,"phone",1,2,69.5
55,"web",12,8,29.7
49,"in-person",15,9,24
68,"email",9,1,46.3
21,"web",0,8,25.8
70,"phone",12,3,43.8
30,"in-person",11,4,30
36,"web",4,3,36.2
33,"email",12,2,29.6
54,"email",8,5,57.7
74,"phone",6,5,62.8
23,"email",5,3,30.8
56,"phone",9,7,46.5
43,"phone",12,3,55.6
41,"email",1,2,41.6
29,"email",15,6,40.1
32,"phone",12,4,43.4
75,"in-person",12,5,56.6
36,"web",8,8,34.5
48,"email",2,5,33.5
31,"in-person",10,9,19.3
79,"web",14,1,46
36,"in-person",15,7,28.1
75,"in-person",5,1,63.7
72,"email",14,6,35.5
71,"in-person",7,9,51.3
48,"email",4,8,37.3
32,"in-person",8,4,43.6
28,"email",8,3,47.2
19,"phone",7,7,26.5
78,"email",5,3,66.4
33,"phone",7,10,40.7
65,"email",12,10,28.2
44,"web",1,2,37.8
72,"in-person",11,6,53.7
26,"email",6,3,36.8
65,"phone",6,6,74.2
36,"in-person",14,10,28.7
80,"phone",6,9,44.2
47,"web",10,1,47.4
33,"in-person",12,6,32.3
46,"web",1,9,16.6
72,"in-person",14,2,76.7
60,"in-person",12,6,48.9
37,"web",1,10,17.1
54,"in-person",0,4,53.2
63,"email",7,5,33.2
80,"email",10,8,33
69,"phone",0,7,51.4
69,"phone",2,8,37.3
52,"in-person",15,4,43.8
37,"email",3,5,36.3
47,"web",10,3,47.4
66,"web",12,7,37.5
70,"in-person",12,7,52.9
45,"email",4,10,26.3
51,"email",13,4,44
52,"phone",1,10,34.8
42,"web",8,7,42
56,"in-person",9,6,53.9
30,"in-person",1,8,25.9
49,"email",3,5,47.8
63,"in-person",7,7,34.7
33,"phone",15,5,51.1
72,"email",7,4,50.2
76,"in-person",5,1,64
54,"web",4,6,41.3
49,"in-person",15,4,49.8
35,"email",14,5,32.5
63,"phone",8,7,23
75,"in-person",14,9,36.4
72,"phone",1,10,39.5
22,"in-person",9,10,30.6
70,"web",12,6,32.9
32,"web",5,4,27.5
63,"in-person",11,8,32.1
36,"email",5,6,37.8
27,"phone",11,8,20.4
60,"email",10,2,52
30,"phone",0,10,24.8
24,"in-person",15,5,42.2
33,"phone",8,3,50.7
80,"web",0,6,48.8
73,"phone",6,1,69.5
34,"phone",2,2,64.2
22,"in-person",6,3,40.9
56,"phone",2,10,35.6
66,"phone",9,3,75.5
75,"in-person",12,10,56.2
66,"web",6,6,48.2
66,"email",6,7,46.8
75,"email",15,9,33.2
19,"phone",4,8,30.2
79,"phone",8,9,47.2
18,"in-person",10,9,27.9
30,"phone",4,2,51.7
47,"web",7,2,60.9
26,"web",15,6,38.2
57,"email",3,5,42
25,"email",15,6,30.9
28,"email",12,7,25.1
57,"in-person",9,2,56.2
34,"in-person",9,3,54.1
40,"web",13,6,51.2
43,"email",7,3,37.9
40,"phone",14,2,65.6
59,"web",12,3,50.5
23,"phone",14,2,47.6
50,"email",0,1,66.3
75,"web",6,9,36.2
80,"phone",14,1,77.5
18,"phone",11,1,40.2
29,"in-person",10,3,37.9
61,"in-person",13,6,44.3
42,"web",12,10,30.7
31,"in-person",10,9,36.1
42,"web",3,8,29.6
56,"phone",10,10,43.6
27,"in-person",14,3,38.3
39,"web",7,9,16.7
54,"web",11,5,36.7
22,"web",14,7,11.4
40,"web",3,1,47.5
64,"phone",8,1,70.3
18,"web",9,2,44.8
68,"phone",0,1,52.2
64,"web",11,7,41.6
79,"phone",10,7,49.5
66,"in-person",2,10,35.6
61,"phone",7,10,52.6
56,"email",15,8,42.1
35,"web",1,6,40.9
62,"phone",4,5,57
65,"in-person",3,1,65.3
66,"email",0,10,20.9
52,"phone",12,4,66.6
22,"web",8,10,26.2
58,"in-person",3,9,41.4
49,"in-person",13,9,22.8
59,"in-person",8,4,55.2
66,"email",15,8,39.7
54,"email",9,6,27.8
49,"email",6,10,16.6
46,"phone",12,3,57.1
33,"email",7,2,51
43,"web",12,4,36.1
51,"email",15,1,49.4
79,"email",13,5,47.9
22,"email",5,6,22.3
75,"in-person",0,5,50.4
60,"email",2,4,45.9
40,"email",13,5,19.3
42,"in-person",4,5,41
52,"phone",12,4,60
26,"in-person",10,2,45.5
71,"in-person",9,1,61.9
52,"web",13,7,16.7
50,"web",7,1,37.6
69,"phone",12,10,47.8
78,"email",9,9,39.1
45,"email",5,7,22.5
49,"email",13,9,34.7
54,"in-person",14,7,35.4
20,"web",4,2,34.2
60,"phone",4,2,54.3
66,"phone",6,3,54
42,"in-person",12,5,46.3
58,"web",11,6,48.6
66,"email",0,10,27.5
22,"in-person",5,3,39
36,"web",15,7,19.4
22,"web",10,5,17.8
59,"email",0,10,15.6
54,"phone",3,2,60.6
43,"email",8,7,40.8
19,"email",5,10,2.6
57,"in-person",3,9,45.4
26,"web",3,10,24.7
31,"web",6,2,44.4
31,"phone",3,9,24.9
35,"email",6,7,20.3
21,"in-person",4,6,26.7
69,"email",10,2,47.8
65,"in-person",15,6,46.3
76,"email",15,1,59.6
46,"web",8,3,38.5
38,"email",3,9,38.3
50,"phone",10,8,41.8
20,"email",14,1,46.9
48,"email",4,7,43.3
24,"email",9,6,33.2
56,"email",0,6,30.2
37,"phone",8,9,34.9
38,"in-person",5,7,46.6
41,"phone",4,5,52.8
27,"email",6,7,21.9
80,"in-person",13,5,60.5
55,"in-person",12,7,36.8
18,"email",12,4,36.4
29,"phone",2,10,15.1
49,"email",14,1,29.3
45,"phone",9,6,55.2
32,"email",7,8,20.6
26,"in-person",14,5,41.3
64,"email",12,4,53.7
52,"in-person",4,6,35.3
27,"in-person",10,3,46.1
23,"in-person",6,3,46.9
68,"phone",13,4,57
50,"phone",1,6,51.8
33,"in-person",1,6,27
70,"in-person",4,8,53.5
20,"phone",11,6,30.8
44,"in-person",0,6,32.6
18,"phone",14,3,39.7
49,"phone",2,3,48.3
55,"in-person",7,6,41.2
34,"in-person",6,5,44.1
24,"in-person",3,10,6.7
56,"in-person",4,1,52.8
32,"phone",10,2,49.4
72,"phone",7,10,37.1
72,"email",14,9,37.7
62,"email",12,1,50.3
18,"phone",14,3,34.1
25,"web",10,5,22
36,"phone",10,3,59.5
30,"phone",13,1,45.8
31,"phone",11,8,31.8
24,"web",8,9,18.4
27,"web",9,5,34.5
62,"phone",0,8,53.3
44,"in-person",5,1,61.2
77,"phone",7,7,76.4
33,"email",15,9,3
24,"email",14,4,23.6
20,"phone",2,6,17.2
23,"phone",3,1,63.7
79,"web",12,10,23.7
67,"email",2,6,35.5
47,"phone",14,9,46.5
37,"email",8,10,21.9
80,"in-person",0,8,48.1
68,"in-person",3,7,49.5
71,"email",13,2,50.7
50,"web",6,3,50.1
70,"phone",0,3,70.5
55,"web",6,9,16.3
49,"email",6,6,49.2
53,"email",14,7,28
23,"phone",8,2,47.6
39,"email",10,4,46.4
25,"web",1,4,19.8
60,"web",11,3,37.2
28,"email",11,2,43.1
36,"in-person",13,8,24.6
22,"phone",13,1,45.4
68,"web",13,4,46.2
61,"phone",1,8,46.7
75,"in-person",3,10,42.1
66,"web",7,1,55
29,"email",15,2,35.6
38,"web",8,7,15.7
74,"in-person",7,4,57.4
22,"phone",3,9,30.7
42,"in-person",6,2,52
49,"web",13,9,28.7
35,"email",2,8,26.5
59,"phone",3,9,35.2
75,"email",8,1,41.5
70,"email",2,2,40.3
75,"email",13,4,37.8
30,"in-person",5,10,25.9
23,"phone",3,4,47
73,"email",12,3,54.7
80,"in-person",5,3,67.4
61,"web",8,9,28.3
56,"web",7,8,57.8
40,"in-person",5,4,47.2
45,"email",2,7,26.1
78,"email",11,4,49.9
69,"email",14,3,44.2
44,"in-person",9,5,46.2
31,"web",7,7,22.2
20,"web",12,5,33.7
29,"email",9,5,16.5
50,"in-person",3,3,37.1
32,"web",8,9,24.4
49,"email",5,1,44.4
78,"phone",15,10,47.4
41,"in-person",4,8,24
43,"phone",13,1,54.6
69,"phone",6,9,62
26,"email",6,10,19.3
70,"email",4,5,38.5
19,"phone",2,1,51
65,"phone",0,9,43.1
57,"web",7,5,52.1
61,"in-person",14,8,32.7
63,"phone",2,8,50
39,"email",0,3,38.6
28,"web",0,6,32.1
69,"web",1,4,65
54,"in-person",4,5,49.1
36,"in-person",0,6,31.3
26,"email",4,6,21.8
29,"phone",15,6,35.1
34,"web",15,8,33.1
29,"in-person",4,7,24.7
24,"phone",6,6,46.3
36,"email",7,9,15.1
32,"in-person",4,9,28.4
50,"email",4,9,24
54,"web",15,1,42.1
80,"in-person",10,10,55.4
78,"phone",15,5,54.9
31,"phone",10,1,40.7
39,"in-person",9,1,66.1
29,"phone",8,1,49.2
69,"email",10,8,35.7
26,"in-person",3,6,35
38,"phone",11,6,34.2
56,"web",14,9,37.1
54,"in-person",15,4,41
36,"email",14,3,54.1
29,"in-person",10,8,27.3
60,"phone",0,1,51.1
75,"web",11,10,34.1
18,"web",13,4,21.9
75,"web",0,10,34.9
59,"email",10,4,38.2
77,"web",9,8,41.3
61,"in-person",5,3,48.1
74,"in-person",7,1,62.6
22,"email",12,8,9.4
69,"in-person",5,6,39.1
27,"web",11,6,26.4
35,"in-person",0,1,46.7
35,"web",9,9,23.2
68,"phone",4,5,46.9
58,"phone",0,9,29.2
32,"phone",5,9,39.2
75,"email",12,5,55.2
20,"in-person",7,6,43.1
44,"phone",10,10,29
22,"phone",8,3,43.1
46,"in-person",10,8,37.1
29,"phone",8,9,42.4
47,"email",9,10,34
35,"in-person",4,5,28.2
49,"phone",5,2,51.3
79,"email",1,4,54.2
48,"phone",7,3,32.9
79,"email",6,5,50.6
67,"web",1,1,69.1
56,"email",0,4,40.4
33,"email",11,9,21.3
59,"email",9,9,31
56,"phone",10,5,45.2
55,"phone",15,9,44.5
75,"email",4,1,62.4
23,"in-person",5,9,18.1
70,"in-person",3,10,45.4
56,"web",10,2,60.5
58,"email",1,5,42.9
29,"phone",13,7,29
62,"email",6,5,36.5
68,"in-person",14,10,39.9
57,"email",0,7,30.3
35,"phone",9,8,49.8
42,"email",5,7,31.4
38,"email",11,1,49.5
40,"in-person",2,3,36.3
60,"web",2,1,58.1
54,"email",6,9,29.3
38,"web",11,8,38.8
70,"phone",2,5,57.2
30,"web",6,5,40.5
25,"email",11,1,43.4
44,"phone",7,4,29.5
75,"web",13,1,58.7
20,"in-person",6,3,39.4
63,"web",8,10,24.7
44,"web",3,3,38.7
53,"web",12,9,34.7
63,"phone",0,10,43.9
77,"phone",9,8,36.2
43,"in-person",3,10,24.1
50,"in-person",7,10,33.8
30,"phone",9,8,29.9
29,"web",10,3,49.7
41,"email",15,9,29.9
24,"email",3,7,3.6
40,"web",11,1,40.5
42,"email",8,5,36.6
71,"web",4,10,30.7
32,"web",1,8,20.7
50,"web",6,2,44.5
52,"email",9,5,44.7
22,"email",11,6,22.9
65,"in-person",1,5,59.3
56,"web",3,8,44.6
62,"email",12,8,33.7
24,"in-person",15,6,28.3
47,"phone",12,5,64.8
55,"email",13,3,47.4
57,"web",15,2,41.4
32,"in-person",3,6,20.1
22,"in-person",11,1,35.7
50,"email",14,5,43.6
74,"in-person",9,7,41.4
50,"in-person",13,5,49.6
67,"web",10,1,53.3
42,"web",12,7,34.2
65,"phone",3,9,35.7
25,"in-person",5,10,30.8
64,"in-person",8,6,44
41,"phone",8,6,39
30,"phone",14,3,43.5
45,"web",0,4,33.3
23,"phone",4,8,13.9
43,"web",0,10,24.3
40,"phone",7,1,58.2
42,"email",10,4,32.7
29,"web",5,10,20.6
21,"web",13,2,28.9
80,"email",6,9,41
42,"phone",13,8,40.9
80,"email",2,10,39.7
78,"email",15,10,55.8
20,"email",12,9,13.1
68,"phone",12,8,59.8
54,"in-person",2,9,33.1
44,"web",2,3,43.9
68,"web",3,9,45.1
47,"email",14,5,31.5
72,"in-person",0,1,59
72,"in-person",13,4,64.8
24,"email",7,4,27.3
31,"web",12,4,29.9
50,"in-person",1,3,51
45,"in-person",0,5,41.2
79,"web",8,8,37.3
32,"web",12,9,18.1
53,"web",5,4,38.5
57,"email",9,6,29.8
20,"email",12,8,9.9
66,"web",2,2,54.7
73,"phone",14,1,68
76,"email",3,4,52.9
34,"web",11,9,43.8
59,"in-person",3,10,34.2
42,"in-person",4,2,54.7
80,"phone",13,1,72.1
38,"phone",11,4,40.3
34,"in-person",10,2,45.6
33,"in-person",2,1,31.5
71,"in-person",8,5,50.1
73,"in-person",5,9,37.5
62,"email",5,7,48.7
66,"email",14,10,33.8
44,"in-person",12,10,21.6
57,"in-person",6,9,35
39,"in-person",14,3,38.2
29,"in-person",15,7,32.9
19,"phone",1,1,57.8
70,"web",3,1,78.3
31,"in-person",5,9,35
47,"email",8,2,41.6
21,"in-person",9,10,37.2
43,"email",2,8,34
70,"email",6,2,51.2
66,"phone",1,9,49
55,"phone",1,10,34
29,"email",5,4,28.2
37,"phone",6,5,38.7
76,"phone",11,1,56.7
59,"email",15,6,35.7
66,"email",7,7,35.4
44,"web",5,10,32.6
80,"in-person",14,4,47.4
41,"web",1,1,44.9
27,"phone",11,2,51.6
75,"in-person",7,5,50.3
69,"in-person",7,7,53.7
63,"in-person",13,1,64.6
32,"web",9,4,32.1
43,"phone",14,1,51.2
19,"web",11,3,18.5
73,"email",10,7,57.9
42,"web",6,8,23.4
43,"email",11,8,32
67,"phone",7,6,60.6
63,"email",9,8,28.1
55,"email",1,9,17.4
47,"in-person",1,7,28.5
72,"in-person",5,3,50.4
67,"web",10,6,22.8
43,"phone",15,8,33.2
64,"web",4,10,27
74,"in-person",10,7,38.9
47,"in-person",9,9,26.7
76,"email",1,4,52.6
57,"in-person",13,2,49
48,"email",14,4,50.8
72,"in-person",4,3,58.1
25,"phone",14,10,35.8
58,"in-person",14,4,45
47,"phone",5,6,44.9
56,"web",3,4,51.7
48,"in-person",7,4,60.5
76,"phone",7,6,51.6
48,"web",2,3,36.8
78,"email",4,6,46.1
46,"phone",14,7,45.3
48,"phone",0,7,58.4
32,"phone",9,9,38.6
66,"web",9,5,59.5
21,"in-person",3,4,44.7
34,"web",7,5,19.8
48,"phone",7,9,36.3
39,"phone",14,5,43
63,"in-person",15,10,31.7
46,"email",4,9,21.5
80,"in-person",0,1,68.6
73,"web",8,9,42.7
18,"phone",0,9,28.7
33,"email",15,9,12.9
30,"phone",6,3,36.9
62,"email",14,3,43.3
60,"phone",0,6,57.6
34,"in-person",14,2,48.2
41,"email",3,5,3.7
49,"email",2,10,31.9
25,"web",7,10,7.3
38,"web",8,4,44.3
51,"email",13,10,8.9
44,"in-person",10,8,31.2
28,"in-person",8,8,21.9
50,"web",1,3,32
79,"phone",7,5,64.4
38,"email",6,8,23.1
45,"web",12,1,39.2
40,"email",5,8,27.5
36,"phone",0,10,34.9
39,"web",14,6,33.5
41,"email",4,7,28.2
37,"phone",1,7,35.9
54,"web",5,2,70.5
54,"web",0,1,48.2
30,"phone",2,1,45.6
62,"phone",8,1,73.7
50,"email",15,6,18.8
29,"web",3,9,23.7
79,"phone",12,1,76.7
25,"phone",4,1,52.4
38,"in-person",12,5,46.2
80,"email",5,4,49.9
59,"phone",11,10,47.6
77,"phone",2,6,42
68,"in-person",11,9,43.5
68,"web",14,1,50.8
31,"email",6,1,38.7
76,"in-person",14,2,64.4
55,"phone",0,5,44
21,"in-person",2,5,32.9
66,"email",6,7,36.9
59,"in-person",3,3,57.2
66,"phone",14,6,68.3
31,"phone",3,1,47.9
65,"in-person",5,3,50.5
79,"web",0,8,45.7
71,"in-person",15,9,51.1
75,"email",8,2,54.6
66,"web",11,4,45.9
33,"email",15,2,26.8
54,"web",6,9,40.3
56,"web",9,8,39.6
55,"in-person",13,7,35.8
72,"web",4,3,55.6
65,"phone",0,7,51.6
33,"phone",1,5,59.3
71,"email",9,3,47.2
62,"in-person",15,7,39.8
33,"phone",8,7,28.3
33,"web",2,2,47.1
74,"in-person",7,5,49.8
18,"in-person",14,4,39
77,"web",13,1,47.2
66,"phone",10,5,53.1
68,"in-person",8,8,28.1
32,"phone",7,7,33.6
40,"web",7,8,26.5
27,"phone",6,8,18.7
47,"web",13,10,26.9
28,"in-person",12,1,46.2
34,"in-person",10,9,37.2
35,"web",11,7,37.4
46,"web",3,10,39.5
39,"email",5,8,10
76,"email",13,4,53.5
73,"web",11,6,40.1
75,"phone",2,6,62.7
78,"email",7,8,32.8
40,"email",6,5,35.6
28,"in-person",10,3,52.2
50,"phone",8,4,56.3
20,"web",1,6,27.5
55,"email",0,8,38.5
30,"web",7,10,5.2
35,"web",9,6,24
43,"email",15,8,27.1
21,"email",12,10,27.3
70,"email",7,4,60.5
29,"in-person",4,6,20.9
44,"phone",8,7,29.8
19,"web",0,8,26.5
73,"email",10,8,37.8
44,"phone",1,9,35.9
30,"phone",0,2,51.2
69,"phone",6,10,47.3
71,"email",13,10,34.2
44,"in-person",11,10,26.5
69,"phone",4,9,35.2
73,"email",13,2,50.5
59,"phone",14,10,38.9
56,"email",7,4,31.3
35,"in-person",1,4,36.1
77,"phone",11,1,61.2
64,"in-person",2,7,54.3
38,"phone",7,10,25.1
41,"phone",12,4,46.9
26,"email",13,5,34.2
27,"in-person",0,7,32.8
44,"web",14,10,19.8
18,"email",10,7,7.6
80,"email",8,1,58
55,"email",10,5,30.8
63,"phone",9,6,65.5
40,"phone",4,5,48.6
27,"web",6,10,16.3
51,"in-person",4,8,34.2
32,"web",0,9,15.9
41,"in-person",9,3,51.8
30,"web",10,3,26.9
64,"email",3,6,40.7
77,"email",6,7,48.3
63,"in-person",5,6,44
73,"phone",5,7,63
37,"email",11,7,27.8
74,"email",10,6,41.2
43,"email",0,5,38.7
74,"email",13,7,46
54,"email",14,10,22.7
37,"phone",12,8,44.5
57,"in-person",14,4,46.9
20,"in-person",15,10,31.6
49,"email",14,2,38
44,"in-person",9,2,39.3
21,"email",5,8,15.8
22,"email",6,3,38.8
41,"phone",11,3,28.6
40,"in-person",5,5,38.3
23,"email",9,1,52.5
65,"web",3,9,30.2
60,"email",7,5,40.3
60,"phone",6,10,31.2
63,"web",7,10,38
41,"web",7,1,51.7
78,"in-person",5,2,67.1
37,"in-person",12,6,35.2
54,"email",6,1,44.4
67,"phone",14,8,48.2
72,"email",9,2,56.3
43,"in-person",6,10,30
29,"phone",8,8,34.6
56,"in-person",3,2,54.6
18,"email",9,4,28.5
79,"in-person",2,10,41.2
61,"in-person",5,5,47.6
28,"phone",2,9,38.6
70,"email",15,9,21.5
48,"web",6,10,13.3
64,"email",9,7,56.8
49,"phone",14,4,44.4
30,"phone",1,7,39.6
37,"phone",9,3,46.1
50,"web",0,2,32.5
21,"web",15,9,26.8
44,"web",10,7,42.6
75,"phone",9,9,50.5
18,"phone",11,2,55.2
39,"web",14,7,37.5
37,"web",5,1,48.1
25,"web",11,1,23.8
19,"in-person",15,3,38
36,"email",12,1,49.8
69,"phone",13,10,44.1
73,"web",7,1,50.5
73,"in-person",3,3,66.9
24,"phone",10,3,43.7
25,"email",4,9,19.2
46,"web",1,1,55.7
68,"phone",3,2,66.9
27,"phone",1,10,23
21,"email",6,6,36.2
70,"in-person",4,10,39.6
35,"web",11,8,24.9
47,"web",6,7,23.5
19,"email",10,4,27.2
73,"web",7,4,41.2
45,"phone",10,5,40.5
35,"web",5,10,18.8
29,"email",5,2,31.8
48,"email",15,10,16.7
56,"phone",1,5,62.7
52,"in-person",9,9,18.5
78,"email",5,9,43.1
45,"in-person",15,6,30.5
21,"email",8,7,30.5
46,"web",3,2,28.7
62,"email",14,10,19.7
37,"in-person",14,6,43
38,"phone",1,7,44.3
61,"email",5,10,23.7
54,"web",2,9,36.2
67,"email",12,2,60.2
33,"in-person",10,7,22.3
66,"in-person",3,1,53.6
44,"email",8,2,44
35,"web",13,10,7.7
79,"email",14,3,47.2
70,"web",8,10,34.4
29,"in-person",0,6,43.5
28,"in-person",4,10,24.7
70,"email",0,9,36.9
22,"web",2,7,19.1
39,"phone",4,7,58.6
62,"email",0,3,42.7
43,"web",1,9,24.9
57,"phone",15,10,30.9
40,"in-person",5,6,42.9
25,"email",8,1,23.1
60,"phone",8,8,54.5
36,"email",0,7,31.2
24,"in-person",7,1,43.4
74,"phone",5,2,57.8
21,"email",1,2,17.5
76,"email",3,6,35.3
27,"phone",2,1,56.1
19,"phone",8,5,36.1
51,"web",11,3,32.6
28,"email",2,2,38.4
80,"web",3,8,32.4
18,"in-person",11,5,23.1
21,"in-person",12,1,51
35,"in-person",11,5,35.9
22,"web",2,3,24
27,"web",10,8,22.4
65,"web",15,1,73.7
24,"web",8,5,23.2
46,"web",10,5,42.3
29,"in-person",9,1,60.8
31,"email",9,3,29.8
20,"in-person",14,6,29.7
53,"in-person",6,3,53
30,"in-person",14,1,48.9
44,"phone",10,6,37.9
41,"email",1,1,39.7
56,"email",7,2,44.5
24,"in-person",11,9,24.4
78,"phone",3,2,66.2
46,"email",15,7,31.5
52,"email",3,6,35.1
76,"phone",5,9,49
74,"in-person",6,6,44.4
51,"phone",11,5,61.6
47,"web",4,4,41.9
18,"in-person",15,10,17.4
76,"email",14,10,38.9
22,"email",10,4,34.3
45,"in-person",3,6,30.9
33,"web",11,6,29.8
51,"in-person",0,8,35.5
62,"phone",9,8,62.2
77,"web",2,5,53.1
23,"in-person",0,7,14.9
38,"in-person",9,1,52.8
47,"email",14,2,35.7
52,"in-person",3,5,57.9
33,"phone",6,1,49.9
19,"phone",9,5,51
62,"email",13,7,33.1
73,"in-person",13,8,38.4
80,"in-person",10,7,58.4
33,"phone",1,2,45.1
55,"phone",12,5,59.6
47,"email",5,9,18
76,"in-person",4,9,35.1
52,"email",6,3,48.6
20,"phone",7,3,43.3
70,"in-person",8,10,40.7
46,"phone",4,1,70.4
58,"email",9,6,43.9
66,"email",4,6,27.1
72,"phone",8,3,61.7
64,"phone",3,8,64.6
27,"email",11,1,41.2
46,"web",4,5,34.9
42,"email",13,3,48.9
80,"phone",7,1,77.2
45,"email",12,1,61.9
18,"email",15,8,21.9
51,"web",9,3,36.9
47,"phone",13,10,46.7
58,"in-person",5,8,44.1
51,"email",1,3,42.8
77,"email",4,7,38.2
30,"phone",6,9,30
18,"email",15,2,31.8
49,"email",12,1,69.4
54,"phone",12,7,55.8
36,"web",12,5,25.4
25,"in-person",9,9,21.6
18,"email",3,6,20
48,"web",15,5,17.5
25,"email",15,3,35.2
19,"in-person",10,4,22.8
49,"email",5,1,39.7
45,"email",2,8,21.6
24,"email",6,8,29.8
53,"phone",5,1,61
29,"in-person",7,9,25.4
71,"email",9,6,27.7
48,"email",6,5,45.7
65,"email",3,3,35.1
74,"email",6,3,54.6
28,"email",5,1,51
43,"in-person",15,10,27
49,"in-person",4,2,49
53,"email",9,10,35.2
29,"web",2,1,35.2
70,"email",0,6,40.7
29,"in-person",6,10,18.6
38,"in-person",4,7,34.8
35,"in-person",14,1,52.7
25,"email",13,2,16.1
20,"web",5,3,11.1
60,"in-person",10,3,48.9
33,"web",9,7,29.7
77,"in-person",9,3,50
77,"phone",12,4,51.2
45,"web",4,1,41.5
78,"phone",1,4,62.5
41,"in-person",13,5,34.8
33,"in-person",12,6,37
77,"email",13,9,47.4
70,"email",12,7,43.3
29,"in-person",4,3,41.9
31,"phone",10,6,37.8
25,"in-person",0,4,36.1
30,"email",5,6,11.5
77,"email",11,1,66.1
75,"in-person",11,1,47.3
70,"phone",11,10,34.2
66,"in-person",1,4,60.2
26,"web",9,2,25.1
43,"in-person",7,5,45.8
32,"email",3,10,19.4
34,"email",0,3,24.8
35,"web",1,7,32
50,"email",12,6,48.4
37,"email",6,4,40.3
37,"email",7,1,29.8
80,"web",11,3,59
41,"phone",15,10,30.9
77,"email",9,3,56
46,"phone",8,4,27.9
39,"web",4,7,35.9
41,"in-person",11,8,33.3
38,"phone",7,1,57.4
66,"web",13,3,45.3
78,"in-person",12,5,69.5
46,"web",9,8,33.6
31,"web",8,2,37.6
57,"in-person",5,9,32.2
46,"phone",12,6,57.2
55,"web",1,10,34.6
45,"in-person",1,6,45.9
39,"email",9,3,29
74,"in-person",10,9,38.6
34,"web",1,3,36
30,"phone",3,2,50.1
18,"in-person",8,4,29.4
80,"phone",7,3,73.2
66,"email",8,9,29.6
75,"in-person",0,7,44.6
51,"web",11,8,43.3
69,"phone",10,5,64.7
52,"web",12,3,37.8
54,"in-person",11,8,54.1
29,"in-person",8,10,11.7
42,"phone",12,3,53.8
76,"in-person",9,2,57
20,"web",6,8,16.4
34,"in-person",0,4,42.5
64,"web",2,2,41
56,"web",8,4,54.9
36,"web",1,6,19.3
44,"web",8,2,50.2
63,"web",11,3,53.6
54,"phone",1,7,45.1
59,"in-person",1,8,47.9
73,"web",2,2,53.2
18,"phone",6,9,25.7
66,"in-person",5,10,32.2
78,"phone",10,7,49.4
77,"in-person",11,5,61.8
49,"in-person",6,1,62.4
44,"in-person",1,9,34.5
55,"phone",0,10,57.7
60,"in-person",0,10,26.9
34,"phone",7,1,54
31,"phone",9,6,39.9
28,"web",4,4,29.3
37,"phone",14,7,53
34,"email",8,9,27.2
51,"email",7,9,32.8
44,"phone",13,10,28.9
52,"in-person",11,5,43
56,"in-person",4,7,50.9
68,"email",6,7,46.9
23,"in-person",9,8,13.7
61,"web",8,6,35.2
28,"phone",0,10,14.3
68,"in-person",2,6,40.2
26,"web",10,2,44.7
75,"in-person",3,6,40
24,"email",3,2,24.6
18,"phone",3,6,35.2
36,"web",14,7,33.2
64,"phone",10,4,59.4
27,"web",11,9,19.6
79,"in-person",11,10,48.2
25,"in-person",11,8,25.6
73,"email",6,1,62.4
36,"email",11,3,36.4
28,"phone",1,1,60.5
71,"in-person",10,7,26.4
28,"phone",7,7,47.2
80,"email",8,9,47.2
76,"in-person",4,4,47
63,"phone",13,7,42.8
58,"phone",13,6,43.9
72,"web",6,7,43.6
73,"email",0,3,58
29,"in-person",6,7,26.3
37,"email",8,3,36.2
64,"phone",10,5,45.3
36,"in-person",4,10,21.1
38,"web",8,9,4.2
30,"phone",1,9,37.7
46,"email",3,9,29.3
75,"in-person",12,6,57.2
73,"web",7,4,51.8
40,"in-person",2,1,48.9
32,"phone",4,1,40.6
39,"email",7,7,36.9
37,"email",7,8,39.3
63,"web",0,5,31.7
25,"in-person",3,5,33.8
76,"in-person",9,6,45.7
55,"web",12,7,36.1
54,"web",9,6,36.4
19,"web",8,6,27.5
25,"email",2,7,29.8
25,"email",12,4,50.1
70,"phone",7,3,71.9
28,"phone",0,2,54.8
78,"phone",13,3,66.8
55,"email",8,3,37.4
80,"email",15,1,76
25,"phone",3,3,51.7
50,"email",0,5,39.9
49,"email",2,10,32.2
18,"in-person",8,8,30.9
23,"email",7,7,24.3
44,"phone",9,9,32.6
30,"email",8,2,39.4
55,"email",15,7,33.6
80,"web",6,4,47.4
72,"web",4,8,44.1
34,"web",9,3,39.4
68,"phone",15,7,55.3
22,"in-person",13,8,31.9
34,"web",13,3,26.6
65,"web",15,10,27.1
57,"email",3,1,50.4
49,"in-person",3,9,23.3
34,"in-person",9,1,47.9
78,"email",15,9,33.8
71,"email",0,5,32
65,"email",3,9,40
33,"in-person",15,4,46.1
77,"phone",12,1,70.5
78,"phone",9,2,72.6
71,"email",2,5,37.3
75,"phone",4,7,65.3
42,"in-person",14,10,27.2
49,"phone",0,8,43
39,"web",9,2,43.1
53,"phone",11,9,43.4
77,"phone",11,3,66.1
52,"email",14,10,30.5
67,"web",1,10,44.1
62,"web",3,6,35.8
26,"phone",0,9,25.2
28,"web",1,5,31.4
70,"email",12,6,40.4
51,"web",4,8,20.6
74,"web",8,8,56.9
75,"in-person",6,6,53.2
52,"web",9,6,44.8
35,"in-person",9,5,43.1
64,"in-person",0,10,24.6
21,"email",14,3,21.4
67,"phone",5,2,71.3
38,"email",6,9,29.1
18,"email",1,10,8.6
43,"phone",5,10,24.3
77,"in-person",15,2,55.3
31,"in-person",1,4,39
19,"in-person",7,7,34.2
20,"in-person",14,5,30.1
43,"phone",5,10,31.3
69,"web",10,3,43.6
36,"phone",5,5,43.1
41,"in-person",11,2,42.8
56,"email",1,2,42.6
37,"email",3,4,45.4
35,"web",2,9,12.8
50,"in-person",6,9,40.6
64,"phone",15,6,49.2
80,"email",12,5,53.5
73,"email",10,7,36
56,"web",4,7,34.4
45,"email",14,4,43
30,"phone",2,2,30
59,"email",4,4,43.7
66,"phone",10,8,54.7
63,"in-person",8,9,52.8
63,"phone",15,9,50.5
43,"web",9,4,37.2
52,"in-person",15,1,49.8
25,"phone",10,9,39.7
48,"email",4,1,47.1
20,"email",10,10,2
76,"in-person",10,2,64.6
56,"email",4,2,57.4
19,"email",11,4,43
66,"web",9,1,43.6
52,"web",8,3,44.1
24,"phone",8,10,22.2
76,"web",4,2,61
23,"in-person",6,10,23
46,"phone",2,8,31.9
30,"phone",5,10,22.5
78,"phone",12,9,48.5
29,"web",4,1,38.7
57,"web",10,6,27.3
34,"in-person",10,9,33
43,"phone",7,6,44.8
44,"web",10,4,49.4
35,"phone",3,3,56.5
74,"web",6,2,69.2
61,"email",14,2,50.5
36,"in-person",8,7,41.3
26,"in-person",11,7,22
45,"email",12,3,45.3
57,"in-person",9,9,31.6
49,"phone",1,10,25.7
44,"web",8,7,34.4
18,"in-person",6,7,14.3
28,"phone",7,6,43.9
67,"phone",7,7,56.8
66,"email",14,2,49.5
55,"phone",13,3,71.6
26,"email",8,3,37.3
78,"email",6,6,34.5
36,"phone",2,5,39.4
26,"in-person",4,8,32.6
40,"web",8,6,30.5
36,"email",8,1,42.5
33,"web",10,9,19.5
29,"in-person",3,8,26.5
57,"in-person",6,6,38.5
56,"in-person",14,9,30.4
58,"phone",1,10,30.9
66,"in-person",9,10,44.4
71,"in-person",5,8,33.2
69,"web",4,10,29.4
49,"in-person",9,3,46.4
50,"email",10,1,44.7
46,"web",10,7,44.3
60,"web",6,3,48.6
75,"phone",8,10,40.2
35,"phone",1,10,36.6
46,"web",3,9,38.8
48,"email",6,8,20.6
26,"phone",4,4,35.6
53,"phone",3,10,44.3
77,"phone",9,4,55.9
63,"phone",10,4,59.1
52,"phone",2,8,51.1
68,"email",12,10,13.2
56,"email",13,9,34.3
68,"web",0,2,52.5
51,"in-person",8,1,48.8
25,"in-person",4,3,29.9
78,"phone",9,9,50.7
51,"email",12,8,39.4
36,"web",4,1,42.7
68,"email",4,10,39
21,"web",4,9,7.6
18,"web",6,4,21
77,"email",11,3,54.4
30,"email",0,6,19.2
31,"web",6,3,33.2
69,"phone",8,2,61.1
28,"in-person",4,6,34
38,"web",2,3,45.6
42,"email",0,3,48.3
23,"web",13,9,1
21,"web",0,2,38.4
51,"phone",11,3,55.1
57,"web",0,1,36.8
78,"in-person",15,4,52.9
67,"web",3,4,47.8
68,"email",15,3,52.5
77,"web",3,8,44.9
38,"web",4,1,36.4
19,"email",13,1,38.1
76,"phone",12,9,54.7
54,"phone",13,10,29.2
28,"web",3,8,22
38,"in-person",10,5,34.2
74,"web",13,8,39.4
70,"in-person",2,4,48.5
60,"in-person",15,6,43.6
76,"in-person",10,10,33.3
37,"phone",8,1,62.7
60,"phone",0,8,42.2
45,"web",11,5,49.2
44,"email",14,4,31.3
47,"email",13,10,37.1
47,"phone",0,1,49.4
71,"email",1,3,40.3
69,"phone",8,5,63.4
43,"phone",8,6,51.5
56,"web",8,1,49.5
38,"phone",0,6,40.8
53,"in-person",11,8,33
78,"in-person",13,2,65.1
65,"in-person",6,3,50.5
54,"phone",10,2,57
56,"email",7,8,38.1
52,"email",0,8,33.4
72,"in-person",15,7,42.8
22,"in-person",1,3,51.7
79,"in-person",14,10,29.9
19,"web",13,6,13.8
35,"phone",15,10,19.8
24,"phone",1,3,36.9
36,"phone",0,8,36.9
43,"email",12,6,21.3
59,"web",6,1,52.8
74,"in-person",13,4,61.2
32,"email",1,7,30.9
37,"in-person",6,5,44.6
66,"phone",15,6,70.5
63,"in-person",9,7,47.2
24,"in-person",0,8,31.3
24,"email",0,1,36.6
26,"email",12,1,35.5
52,"web",15,8,27.8
57,"web",7,9,43.9
76,"phone",10,2,60.9
41,"web",2,3,34.1
19,"web",13,4,25.7
19,"phone",3,7,25.4
77,"in-person",12,10,33.7
30,"email",3,5,24.2
30,"email",10,4,31.8
52,"web",9,4,50.1
66,"in-person",4,7,50.5
45,"web",3,5,48.8
45,"email",6,9,20.2
64,"web",3,8,19.8
36,"in-person",13,1,44.1
29,"phone",5,5,41
70,"web",15,5,42.2
21,"email",3,4,20.7
46,"phone",0,2,54.1
52,"web",11,6,42.2
78,"web",6,9,34.4
63,"email",5,5,35
31,"phone",2,3,55
70,"in-person",5,5,53.3
23,"in-person",10,1,51.4
45,"email",0,7,38.6
52,"email",12,2,39.9
25,"web",14,9,22.5
37,"email",10,6,42.5
59,"in-person",4,9,42.2
49,"web",5,6,31.3
21,"phone",1,1,51.7
18,"in-person",12,1,41.8
20,"web",12,9,20.2
66,"phone",13,8,47.6
37,"web",10,7,35.6
40,"phone",2,4,53.7
73,"in-person",3,9,51.8
54,"email",10,4,29
38,"phone",3,1,59.5
31,"in-person",14,7,36.5
79,"web",5,2,55.9
54,"phone",4,1,59.2
37,"web",4,7,33.8
39,"web",9,7,29.4
23,"phone",13,4,53.2
31,"phone",5,10,27.4
50,"web",6,5,34.9
47,"email",7,4,48
39,"email",2,10,19.1
69,"email",10,1,57.1
47,"email",8,1,61.9
35,"phone",7,7,46.9
41,"web",15,6,41.1
47,"web",1,10,41.3
60,"web",9,1,55.1
59,"phone",2,10,52.8
24,"phone",9,10,16.4
66,"email",9,2,68
71,"in-person",8,10,43.1
39,"in-person",0,2,31.4
20,"in-person",9,2,33.1
60,"in-person",6,9,26.7
46,"web",10,3,37.5
49,"web",2,6,35.5
72,"web",14,1,47.6
65,"phone",8,1,64.3
39,"in-person",3,9,28.5
74,"phone",4,10,35.3
80,"web",11,3,60.2
79,"web",2,5,58.5
58,"email",10,9,41
45,"web",1,5,43.7
51,"phone",15,1,62
37,"email",2,10,26.5
77,"web",15,9,32.8
68,"web",4,7,35.2
65,"web",6,7,36.3
34,"web",8,5,27.1
47,"email",12,4,29
29,"in-person",0,8,14.1
30,"in-person",4,9,32.9
65,"email",9,7,46.3
49,"phone",15,4,38.7
67,"in-person",0,7,61.8
21,"email",4,8,12.8
58,"phone",13,3,52.2
71,"web",14,9,43
40,"web",15,4,36.8
34,"phone",6,5,29.6
76,"in-person",2,6,51.5
48,"web",6,1,35.2
64,"web",12,3,58.9
34,"email",15,2,39.2
61,"phone",15,3,48.7
24,"web",2,6,16.5
35,"web",9,8,27.4
67,"phone",15,5,53.5
49,"in-person",6,7,36.1
39,"web",4,5,42.8
21,"in-person",5,2,34.5
49,"web",9,10,19.9
77,"email",8,10,34.6
70,"in-person",4,2,53.8
68,"in-person",13,5,51.7
69,"in-person",8,3,59.9
42,"phone",4,2,55.5
50,"phone",14,2,52.3
40,"in-person",10,2,51.8
18,"web",7,4,22.2
78,"in-person",14,3,59
37,"in-person",8,10,29.4
55,"email",2,1,48
23,"in-person",9,1,36.7
27,"phone",14,9,18
49,"phone",5,7,59.2
74,"email",1,9,50.6
67,"in-person",11,2,62.2
27,"phone",10,9,31.3
76,"email",12,4,51.9
54,"phone",6,7,41.7
45,"email",8,4,44.2
50,"in-person",14,3,54.8
42,"in-person",15,10,28.1
25,"email",6,9,10.1
43,"web",3,5,39.6
37,"phone",15,8,26.6
43,"web",7,10,9.2
62,"email",4,6,32.9
24,"in-person",8,7,12.1
19,"in-person",8,3,44.8
71,"in-person",15,7,46.2
21,"in-person",15,3,35.3
58,"web",1,6,45.8
47,"email",8,2,44
54,"web",14,7,45
59,"phone",11,8,49.1
42,"phone",2,3,44.5
62,"email",5,9,29.8
79,"email",5,1,62.4
22,"phone",1,5,37.2
24,"in-person",8,2,39.9
56,"phone",2,9,35.2
59,"email",2,7,37.9
72,"phone",3,5,66.8
40,"web",12,1,44.4
69,"in-person",0,1,61.7
63,"email",7,7,29.2
31,"web",15,4,8.5
77,"phone",7,9,61.9
52,"in-person",6,4,51.8
61,"email",0,9,32.7
49,"email",11,2,48.5
68,"email",10,8,31.2
38,"in-person",7,10,14.2
55,"in-person",0,10,27.9
48,"in-person",12,5,45.2
22,"phone",2,7,30.7
29,"phone",4,6,44
52,"email",4,8,36.3
18,"email",3,3,19.9
59,"phone",12,6,47.8
23,"email",6,10,20.5
55,"email",11,5,39.8
79,"web",6,7,42.2
32,"phone",11,2,55.9
55,"email",9,1,53.3
34,"email",1,6,19.8
54,"email",2,10,27.7
59,"web",5,2,53.1
51,"in-person",4,2,60
59,"phone",6,6,53
38,"email",5,4,31.5
78,"web",8,4,61.2
51,"phone",12,3,50.1
65,"email",4,4,51.2
44,"phone",6,8,35.3
33,"email",13,10,22.8
38,"in-person",13,10,29.6
59,"phone",10,3,49.5
31,"in-person",5,1,38.6
64,"in-person",15,5,48
38,"in-person",6,6,29.7
47,"web",3,6,35.4
28,"web",14,2,46
68,"phone",7,9,41.7
71,"web",4,10,31.6
22,"in-person",15,1,47.3
36,"web",11,10,5.9
27,"in-person",0,10,25.8
27,"web",6,4,24.3
25,"in-person",8,1,45.5
50,"phone",8,8,38.1
60,"phone",11,4,62.9
76,"email",7,4,46.8
42,"phone",12,7,35
55,"phone",15,1,64.8
42,"in-person",8,4,26.1
27,"email",1,8,33.9
19,"web",3,7,32.3
43,"in-person",0,7,40.5
41,"phone",1,7,52.4
58,"web",4,8,34.7
58,"phone",9,10,44.4
64,"web",4,10,26.8
46,"email",6,4,31.6
50,"phone",15,9,52.1
57,"email",13,6,41
40,"phone",11,4,67
24,"in-person",1,3,37
74,"email",10,7,31.1
46,"email",4,3,45.8
40,"web",3,6,34.2
75,"phone",13,4,55.3
45,"phone",5,10,29.5
60,"phone",6,7,45.5
49,"web",0,5,30.3
57,"web",13,7,41.3
22,"web",12,1,33.5
54,"email",2,3,48.6
49,"in-person",10,1,72.9
36,"phone",9,7,52.6
40,"email",1,10,20.8
67,"phone",5,9,47.9
62,"web",6,10,32.2
28,"web",2,5,39.9
32,"in-person",7,10,23.1
38,"phone",10,1,56.5
18,"email",15,5,17.4
55,"email",11,2,50.7
75,"phone",5,10,48.4
50,"in-person",0,9,30.7
37,"email",9,1,39.2
28,"phone",2,4,43
69,"phone",13,2,62.5
27,"phone",8,9,30.2
42,"email",14,1,43.4
52,"email",3,6,47.2
60,"in-person",3,10,46.4
65,"web",8,2,56.2
32,"in-person",8,2,38.7
39,"email",10,5,29.6
49,"in-person",2,8,18.1
64,"phone",11,7,26.4
44,"web",1,1,41.1
34,"phone",6,6,40.4
47,"email",3,7,26.2
35,"phone",7,10,20
48,"in-person",13,10,22.9
54,"email",1,4,33.3
76,"phone",7,5,74.5
80,"web",8,8,26.4
75,"phone",6,7,52.9
50,"email",3,3,52.1
55,"phone",3,10,46.5
79,"web",7,1,62
76,"in-person",7,4,62.1
46,"email",4,4,51.8
47,"in-person",6,9,28.6
47,"web",7,2,57.6
39,"email",9,2,49.5
57,"email",15,8,27.7
27,"phone",11,7,29.2
45,"email",1,8,20.9
29,"web",10,5,40.4
21,"phone",0,9,22.9
27,"phone",3,6,37.9
68,"web",11,5,48.9
45,"web",7,4,32.2
53,"web",12,10,18
78,"phone",7,1,67.4
57,"web",5,8,17.1
56,"phone",6,1,57.6
65,"in-person",11,7,45.8
74,"web",11,3,46.1
52,"phone",2,7,48.3
74,"web",2,9,36.1
50,"email",12,8,24.3
73,"email",0,7,51.2
39,"web",8,7,32.5
44,"phone",11,2,53.3
55,"in-person",6,4,49.9
74,"web",5,9,29.9
59,"in-person",8,5,48.5
66,"email",2,4,54.5
62,"phone",0,2,75.5
62,"email",3,5,30
56,"web",0,1,53.6
57,"in-person",14,8,45.3
22,"email",11,2,43.6
64,"in-person",8,3,43.7
18,"email",12,8,20
38,"in-person",10,8,39.1
45,"email",15,3,46.1
45,"in-person",1,2,42
29,"email",3,4,38.1
39,"phone",11,10,31.3
24,"phone",3,4,47.2
30,"email",4,6,42.4
22,"phone",0,7,44
60,"in-person",2,8,40
74,"phone",2,1,65.6
75,"in-person",8,3,55.8
62,"in-person",3,6,39.1
45,"phone",8,3,49.9
36,"phone",7,9,42.5
59,"web",1,6,23.4
18,"web",9,5,13.2
34,"email",4,2,41.2
56,"phone",7,5,58.8
25,"web",5,3,26.5
68,"email",8,4,34.1
42,"email",4,7,17
29,"email",5,6,29.3
26,"phone",6,5,38.8
52,"email",6,5,42.9
74,"web",6,6,44.3
39,"web",6,5,30.3
55,"phone",4,5,48.8
51,"in-person",14,2,44.2
20,"phone",10,3,42.4
39,"in-person",6,2,45.3
20,"in-person",9,4,19.1
74,"web",4,6,46.2
24,"phone",8,7,40.2
77,"web",7,3,62.3
37,"web",7,1,43.5
49,"email",11,7,27.1
79,"web",5,7,37.9
74,"phone",14,5,55
27,"in-person",2,5,29.2
30,"email",3,5,28.9
52,"email",8,3,55.7
58,"in-person",8,9,52.7
50,"web",15,6,38.4
78,"phone",13,6,36.8
60,"in-person",3,10,33.9
48,"email",2,9,32.1
67,"in-person",0,8,42.4
20,"email",1,7,32.2
79,"in-person",13,7,39.3
25,"web",0,1,50.4
35,"email",1,8,39.7
70,"web",5,2,50.8
76,"phone",0,5,62
28,"in-person",11,5,29.5
78,"in-person",8,9,47.4
39,"email",10,9,29.5
54,"email",1,2,46.8
29,"web",12,8,21.7
20,"email",10,1,52.5
50,"phone",6,5,35.8
26,"email",3,1,44.4
74,"web",7,1,61.3
65,"web",9,4,51.7
28,"web",8,8,11.4
62,"email",14,10,27.7
52,"phone",12,4,40.6
36,"phone",12,4,45.2
29,"email",5,5,32.2
63,"in-person",9,8,45.6
69,"web",0,2,52.8
66,"web",6,5,30.3
36,"in-person",0,1,58.3
23,"phone",14,2,54.3
35,"in-person",0,9,15.8
21,"in-person",12,7,26.2
46,"phone",15,6,35
69,"web",9,9,20.8
79,"email",15,2,52.2
56,"email",8,8,34.6
40,"phone",14,3,43.7
38,"phone",4,3,58.3
56,"email",8,4,46
30,"email",5,4,41.7
29,"web",2,6,30.3
31,"email",15,5,42.1
41,"phone",2,1,59.3
55,"phone",6,3,55
29,"email",13,7,34.3
70,"phone",7,5,51.1
39,"in-person",14,6,38.3
36,"web",0,7,26.4
62,"email",3,10,26.2
29,"in-person",11,8,24.8
64,"email",15,4,52.1
62,"email",10,6,42.7
63,"email",15,6,44.1
31,"in-person",9,7,26.3
23,"in-person",7,9,17.7
71,"web",8,9,35.9
75,"web",5,7,40.3
50,"web",1,7,41.9
51,"web",10,2,26.2
61,"phone",0,6,42.9
66,"phone",7,1,64.4
55,"web",5,9,15.5
34,"email",7,4,31.2
19,"web",4,8,10.9
69,"in-person",10,10,42.6
22,"in-person",15,2,29.5
78,"in-person",12,8,44.3
34,"in-person",8,5,33.4
18,"in-person",6,6,38.4
44,"web",11,8,18.4
24,"web",2,9,24.9
48,"web",13,10,33.1
46,"phone",12,6,57.7
26,"phone",4,4,28
24,"web",5,1,35.4
51,"email",2,4,55
19,"phone",1,8,36.2
72,"phone",5,6,35.6
75,"in-person",7,7,46.1
63,"web",12,4,43.9
35,"email",8,4,34.4
51,"email",7,8,35.3
76,"phone",15,5,64.3
26,"in-person",5,2,37.6
76,"in-person",9,6,37.2
24,"email",4,4,27.7
74,"web",6,8,42.9
43,"web",10,3,33.5
51,"email",6,10,42.6
68,"in-person",11,10,45.1
23,"web",2,6,21.5
74,"in-person",15,2,68
36,"web",14,1,49.8
71,"web",4,6,53.4
76,"web",3,5,36.5
33,"phone",4,1,62.1
65,"in-person",4,9,40.9
20,"phone",4,9,27.9
69,"email",4,8,44
26,"in-person",11,5,29.2
71,"email",4,6,32.7
76,"phone",0,7,51.3
32,"phone",5,4,46.7
19,"web",9,1,38.1
66,"web",7,8,27
22,"phone",7,8,35.5
42,"web",8,9,29.5
77,"phone",4,4,60.9
27,"phone",1,7,31.8
78,"phone",14,1,72.5
39,"email",5,1,47.6
66,"phone",9,10,41
47,"in-person",3,9,36.2
73,"web",15,2,56.2
60,"phone",7,10,47.5
21,"in-person",12,7,38.1
48,"email",2,6,22
43,"phone",2,5,53.4
45,"phone",0,8,36.6
67,"web",5,7,35
76,"email",7,8,40.8
41,"phone",8,8,37.5
46,"email",4,3,45.3
77,"web",8,7,32.5
70,"web",12,2,59.4
73,"email",0,5,38.6
66,"in-person",10,8,38
63,"in-person",7,5,64.3
49,"phone",10,3,54.9
79,"phone",14,6,65.3
58,"web",11,5,40.3
37,"web",13,3,46.3
32,"in-person",11,9,28.5
34,"in-person",2,7,30.7
24,"phone",9,10,25.2
30,"phone",8,5,36.5
41,"email",11,8,28.7
77,"phone",8,7,46.7
59,"in-person",5,8,31.4
20,"web",6,2,40.4
53,"email",4,4,36.8
57,"web",1,1,59.2
60,"phone",0,3,55.7
79,"web",4,1,63.3
45,"phone",3,3,46.5
47,"web",2,10,14.9
18,"email",10,7,19.3
30,"in-person",15,4,40.6
24,"in-person",8,9,29
59,"email",9,10,46.5
41,"web",5,6,27.9
45,"in-person",6,2,48.1
52,"web",7,1,31.7
73,"phone",12,7,57.5
62,"in-person",12,9,44.4
66,"web",8,10,28.4
31,"web",5,8,19.6
77,"phone",3,4,55
79,"phone",3,5,65.3
41,"in-person",5,9,20.8
78,"email",9,7,52.3
80,"phone",2,4,61
40,"email",13,3,36.8
34,"phone",6,5,38.7
35,"web",2,5,30.1
46,"web",14,1,51.6
35,"phone",1,9,28.4
48,"phone",3,5,56.8
58,"phone",4,6,57.5
59,"email",1,4,56.2
55,"web",14,3,41
18,"web",10,1,33
46,"in-person",3,8,35.8
60,"phone",14,3,43.6
21,"email",11,1,49.9
57,"email",12,6,54.9
44,"in-person",15,10,16.7
20,"in-person",2,8,43.8
62,"phone",5,10,42
26,"phone",8,3,46
27,"email",10,6,25
22,"email",10,9,31.6
29,"web",8,10,22.1
61,"web",10,6,49.7
57,"in-person",4,3,45.8
67,"email",15,3,53.5
44,"email",13,9,28.3
74,"in-person",1,6,28.4
65,"web",6,10,34.1
31,"phone",2,1,55.4
49,"email",14,2,42.5
59,"in-person",15,9,46.9
74,"email",1,3,38.7
77,"web",11,10,30.8
61,"in-person",12,6,44.4
79,"web",6,6,58.4
79,"phone",13,3,62.5
23,"phone",7,1,47.6
68,"in-person",13,2,49.2
79,"in-person",0,3,68.2
77,"phone",4,10,52.5
80,"phone",3,5,60.1
60,"in-person",3,9,51.8
48,"in-person",9,10,33.3
59,"phone",10,8,48.3
35,"web",2,7,13.3
54,"in-person",7,9,36.5
52,"in-person",2,7,36.7
62,"email",0,9,34.4
39,"email",14,1,42.4
61,"email",7,4,44.4
20,"phone",4,9,35.4
20,"email",9,5,44.8
33,"web",2,3,32.1
77,"phone",11,1,82.3
30,"web",2,10,19.6
46,"in-person",2,4,41
43,"web",12,7,30.5
29,"in-person",13,5,29.2
68,"web",2,2,52.3
71,"email",15,6,58.2
45,"phone",9,5,53.5
56,"web",8,9,26
37,"in-person",2,1,57.4
32,"in-person",2,6,36.3
21,"web",1,5,33.9
23,"phone",11,3,39.4
37,"web",12,3,19.1
34,"email",4,6,40.4
43,"phone",1,3,58.9
64,"web",4,6,45.5
67,"web",15,10,21.8
48,"email",13,10,33.5
36,"in-person",2,4,47.6
66,"email",6,5,42.2
55,"email",0,6,40.3
47,"email",1,3,34.1
59,"in-person",13,3,55.4
29,"email",3,6,28.5
32,"email",0,6,30.4
73,"in-person",12,10,43
42,"email",11,5,18.4
64,"email",6,1,77.5
26,"phone",9,6,42.2
57,"in-person",2,2,51.3
26,"web",6,2,21.1
66,"email",15,10,24.5
18,"phone",2,5,32.7
36,"email",1,1,35.5
75,"phone",7,4,57.8
24,"in-person",3,9,26.1
62,"phone",5,2,64.6
35,"in-person",12,7,24.7
39,"web",9,7,22.3
75,"web",10,4,40.8
68,"web",10,4,55.3
47,"email",4,1,46.3
50,"in-person",7,8,33.5
21,"web",4,6,18.8
51,"in-person",5,6,46.9
44,"in-person",15,7,27.6
49,"phone",3,5,49.5
56,"phone",3,5,69.4
62,"email",11,5,42
50,"phone",6,6,47
31,"email",14,2,42.3
51,"in-person",15,1,47.3
61,"in-person",6,10,38.1
45,"in-person",10,1,57.1
33,"phone",4,5,46.1
27,"in-person",3,2,48.9
65,"in-person",8,5,58
78,"in-person",14,5,50.2
39,"in-person",4,1,35.6
44,"email",9,10,26
30,"email",15,6,17
34,"phone",6,5,48.9
52,"email",15,7,27.6
21,"email",15,8,11.8
68,"email",12,9,22.1
76,"web",0,7,46.7
70,"email",4,3,59.8
66,"email",4,5,50.7
64,"web",12,2,56.8
28,"in-person",11,6,38
25,"web",14,1,37.8
28,"email",5,10,15.5
18,"in-person",8,8,25.1
52,"email",3,8,32.8
72,"in-person",5,2,50.7
69,"email",15,1,44.4
44,"in-person",14,6,41.5
80,"web",5,9,38.8
71,"phone",6,3,78.7
59,"in-person",2,8,50.6
73,"web",14,1,55.7
27,"web",6,6,17.8
22,"in-person",10,2,37.6
29,"in-person",0,8,17.7
26,"web",13,3,31.2
29,"in-person",9,7,24.9
31,"phone",9,10,41
69,"web",12,3,48.3
71,"in-person",7,7,40.7
64,"email",2,4,46.5
48,"email",8,4,33.1
39,"email",4,2,56.2
48,"email",7,2,57.6
40,"email",6,7,20.4
54,"email",3,3,49.9
46,"phone",0,10,26
71,"phone",10,6,51.2
18,"email",8,9,16.3
25,"web",10,5,26.3
31,"in-person",4,10,31.3
28,"in-person",8,6,21.9
21,"web",9,4,43.3
46,"in-person",7,9,33.8
28,"email",14,5,40.8
38,"in-person",12,2,47.4
54,"web",13,4,48.5
34,"phone",4,5,41.3
49,"phone",10,7,30.3
67,"phone",12,2,77.6
49,"in-person",13,9,34.9
63,"in-person",6,8,39.3
52,"email",7,9,23
50,"phone",12,2,41.4
38,"web",1,10,10.9
28,"email",4,7,17.3
50,"phone",2,8,35.5
27,"email",14,4,25.9
67,"web",10,1,58.6
62,"email",7,5,42.2
65,"email",3,3,42.3
61,"email",10,10,17.9
42,"email",13,3,52.5
75,"phone",13,10,44.6
52,"web",13,10,18.1
46,"phone",13,3,48
67,"web",14,3,45.4
43,"web",1,2,40.4
67,"phone",9,2,53
30,"web",15,7,26.7
36,"email",0,2,44.3
25,"phone",10,5,33.4
33,"web",1,10,13.3
64,"phone",14,9,36.9
30,"in-person",5,1,45.2
74,"email",0,2,55
77,"email",13,9,38.2
39,"email",3,2,42.3
20,"in-person",4,5,31.3
67,"phone",15,9,42.9
48,"phone",11,7,43
45,"phone",10,6,48.3
55,"phone",2,1,62.4
76,"in-person",3,8,52.5
26,"email",4,10,19.1
36,"in-person",3,9,31.4
23,"email",12,1,39
64,"phone",9,9,36.8
20,"in-person",4,4,40
71,"in-person",6,5,57.4
80,"in-person",14,4,48.8
37,"phone",11,4,32.1
39,"web",5,9,15.3
63,"in-person",0,10,41.8
53,"web",9,3,32.6
34,"email",6,3,39.5
55,"email",9,10,18.3
47,"web",10,6,35.8
27,"email",2,5,41.5
32,"email",12,10,18.4
35,"email",6,2,42.1
63,"in-person",6,7,35.2
41,"in-person",6,6,38.1
26,"phone",2,7,28.9
64,"in-person",0,9,22.6
39,"in-person",8,2,42.3
37,"web",10,7,26.9
61,"web",0,8,37.3
22,"in-person",3,4,36.8
56,"phone",3,7,64.8
75,"web",1,5,46.8
76,"in-person",11,9,40.3
37,"email",12,4,33.2
39,"email",15,7,25.3
35,"in-person",1,1,54.5
43,"email",7,3,36.4
63,"email",4,2,44.8
45,"phone",0,10,33.6
31,"email",7,9,22.9
70,"email",11,4,40.9
68,"phone",2,6,44.3
42,"in-person",4,2,38.1
49,"in-person",0,7,42.6
62,"web",9,7,42.8
64,"email",10,7,42.9
45,"web",0,2,37.5
69,"email",14,9,34.2
68,"web",2,2,47.7
30,"in-person",14,9,32.5
40,"phone",11,1,57.2
29,"in-person",9,1,51.7
18,"web",15,5,27.3
61,"web",3,10,29.1
34,"phone",3,1,61.7
70,"email",3,10,24.7
69,"in-person",6,1,58.6
55,"in-person",5,2,54.2
55,"web",10,3,41.3
43,"email",12,2,29.1
70,"in-person",0,9,38.5
64,"web",11,9,50.9
62,"phone",13,10,47.6
73,"web",3,5,33.5
39,"web",7,3,37.5
54,"in-person",15,1,58.6
74,"phone",13,8,44.2
18,"web",0,9,28.7
21,"email",10,2,18.7
66,"in-person",12,1,63.4
31,"email",4,9,18.9
18,"web",5,3,30.3
55,"in-person",12,3,44.6
26,"email",7,9,15.4
43,"web",1,6,47.7
48,"phone",11,9,36.6
48,"in-person",1,3,43.1
54,"in-person",13,8,40.8
74,"in-person",11,8,45.9
49,"web",4,5,42.3
70,"phone",1,10,41.8
43,"in-person",1,6,41.7
30,"phone",5,10,42.7
77,"in-person",15,2,55.7
64,"phone",15,10,36.5
20,"web",14,10,15.9
57,"phone",11,3,62.6
58,"email",7,2,42
79,"web",13,1,47.9
36,"phone",13,10,42
51,"web",12,8,31.8
73,"in-person",6,9,37.6
67,"phone",11,7,37.9
24,"email",14,9,7.5
45,"web",6,1,42.7
25,"phone",13,9,40.6
65,"phone",8,1,55
71,"in-person",9,10,30.1
65,"email",6,9,30.1
63,"phone",14,2,56.6
51,"phone",7,5,41.6
76,"email",0,6,37.1
49,"in-person",6,2,52.5
24,"email",10,3,19.9
52,"phone",14,1,58.1
25,"in-person",9,8,28.7
50,"web",6,6,40.4
58,"email",0,8,30.8
45,"in-person",0,4,41.7
77,"email",15,4,55.7
22,"in-person",3,1,33.7
49,"web",12,5,25.4
67,"phone",7,9,51.2
31,"in-person",12,10,18.2
46,"phone",3,1,64.1
27,"in-person",13,2,31.7
42,"in-person",3,1,51.1
61,"phone",15,3,58.6
31,"in-person",0,10,24.6
27,"phone",6,7,36
47,"email",13,2,50.9
61,"email",15,5,55.4
34,"email",0,8,17.4
61,"phone",7,2,63.9
43,"in-person",8,9,26.3
48,"email",13,2,43.2
66,"phone",12,6,58.2
67,"in-person",8,10,32.9
26,"web",3,3,33.2
23,"phone",10,9,26.4
21,"web",4,4,23.5
80,"web",4,9,30.3
57,"web",1,1,49.6
29,"in-person",8,2,40.4
29,"in-person",13,2,34.8
47,"phone",13,1,49.4
36,"in-person",1,10,15.4
24,"in-person",9,8,32.8
27,"in-person",1,1,54.9
74,"email",14,7,45.5
80,"email",1,1,64.7
60,"web",0,10,27.4
79,"web",6,2,62.3
18,"web",1,2,22.6
75,"web",4,7,28.2
21,"in-person",15,3,23.5
72,"phone",7,5,58.3
71,"phone",8,3,59.4
55,"phone",6,2,60.3
24,"phone",0,5,49
25,"email",0,10,2.6
58,"web",0,4,44.2
30,"in-person",4,3,27.8
43,"email",6,1,43
36,"web",13,1,40.6
24,"in-person",14,1,29.2
71,"web",4,10,31.5
20,"email",8,7,11.6
69,"phone",3,2,77.2
56,"web",7,8,33.4
71,"email",15,5,51.3
60,"in-person",2,3,53.8
42,"phone",6,5,37.8
55,"email",10,10,18.6
27,"email",15,3,41.7
22,"email",0,3,17.6
36,"in-person",1,2,49.4
26,"email",12,7,9.4
49,"in-person",0,6,23.6
47,"web",0,7,33.7
27,"web",1,10,14.8
23,"in-person",9,8,25.4
64,"web",10,4,34.1
44,"phone",2,10,16.6
23,"email",0,5,34.7
25,"in-person",10,4,19
77,"in-person",9,6,53.5
33,"phone",8,4,44.8
44,"web",4,7,30.5
47,"web",12,9,34
26,"email",5,10,21.2
62,"phone",2,9,51.7
69,"in-person",7,4,52.6
66,"email",9,6,30.1
46,"phone",13,2,51.4
32,"phone",8,4,45.8
63,"in-person",6,1,52.3
29,"phone",14,8,21.5
42,"email",6,9,31
39,"in-person",5,3,46.6
70,"in-person",8,8,46.4
61,"web",9,9,30.3
28,"phone",9,2,48.3
38,"email",15,9,14.1
80,"phone",2,2,74.3
59,"phone",1,4,50.8
65,"phone",4,10,52.5
22,"in-person",9,3,46.2
62,"web",9,4,35.2
70,"web",2,7,32.7
18,"in-person",0,4,32.5
34,"phone",2,1,48.7
63,"email",5,5,40.3
48,"email",15,8,25
45,"in-person",4,7,34
79,"web",14,10,36.3
31,"email",7,9,18.7
57,"email",3,2,47.7
65,"phone",9,1,65.3
25,"in-person",2,6,27.9
40,"phone",1,7,38.3
72,"in-person",3,3,56.7
27,"web",4,2,37.3
25,"phone",8,7,39.3
70,"web",7,4,54
45,"web",4,10,16.3
21,"web",10,7,33.5
69,"email",7,1,54.4
71,"email",11,10,38.7
28,"in-person",14,6,27.1
32,"phone",5,10,27.3
25,"web",12,10,10.5
62,"phone",12,2,44.3
58,"in-person",5,1,54.2
30,"email",8,4,25.9
43,"in-person",12,1,38.2
65,"phone",8,1,60.5
78,"phone",14,4,83.1
71,"web",14,8,43.2
34,"phone",8,6,53.2
25,"web",13,7,9.6
60,"phone",15,4,71.1
69,"in-person",3,10,29.1
20,"in-person",11,4,25.6
34,"in-person",3,4,45.1
49,"phone",14,3,68.7
33,"web",7,1,37.9
77,"phone",15,10,51.1
49,"phone",6,1,68.3
57,"email",3,10,37.4
57,"in-person",12,7,55.2
58,"email",0,3,50.8
21,"in-person",0,9,27
28,"in-person",0,5,30
49,"phone",2,4,61.6
60,"in-person",6,1,46.2
62,"in-person",7,1,63.1
53,"web",13,7,44.7
47,"in-person",3,2,50.8
63,"web",1,8,15.1
32,"email",0,3,38.9
60,"in-person",9,5,33.2
32,"email",4,10,5.6
56,"email",12,8,30.4
73,"email",3,6,49.4
47,"web",4,5,24.5
59,"phone",5,3,55
79,"email",2,1,72
76,"phone",4,3,81.1
79,"in-person",1,6,52.3
57,"in-person",0,4,60.2
31,"email",3,2,17.1
25,"web",2,8,15.5
41,"phone",3,1,57.1
45,"phone",4,9,32
52,"in-person",5,6,47
44,"phone",9,8,47.2
39,"in-person",3,5,48.4
30,"in-person",0,1,46.2
32,"web",6,10,24.4
22,"web",5,2,36.2
32,"web",13,8,25.2
37,"phone",15,10,37.3
28,"email",13,7,10.2
37,"phone",10,9,28.2
62,"web",0,1,60.3
66,"web",6,8,35.5
26,"in-person",2,3,38.8
63,"web",3,3,58.6
22,"email",7,10,11.8
63,"in-person",14,2,56.3
76,"email",11,1,61.9
65,"in-person",10,5,50.5
37,"web",7,8,9.5
51,"phone",7,3,44.4
52,"web",7,2,37.7
18,"web",4,7,21.7
30,"phone",1,6,23.3
28,"phone",1,6,38.3
61,"web",3,1,57
50,"email",6,4,44.2
60,"in-person",6,5,37.6
26,"phone",4,7,33
76,"email",12,7,50.5
57,"in-person",0,4,55.1
57,"web",15,9,19.7
21,"phone",2,7,24.3
34,"web",12,3,27.6
44,"web",6,4,28.2
53,"in-person",7,2,65.6
61,"web",9,5,37.7
29,"in-person",7,2,43.9
38,"in-person",13,6,50.2
27,"email",10,2,38
55,"email",15,4,35.9
22,"phone",14,9,31.2
32,"in-person",14,5,44.8
74,"phone",3,10,45
77,"email",14,7,64
34,"email",10,9,13.9
77,"phone",7,7,56.9
79,"web",0,5,54.6
52,"email",11,9,18.7
41,"in-person",3,8,24.3
48,"web",12,6,23.9
61,"in-person",2,10,34.7
58,"in-person",13,8,48.2
23,"web",11,6,21.6
59,"email",0,4,56.2
69,"email",14,7,41
56,"phone",12,3,63.8
64,"in-person",3,8,39.8
24,"email",6,1,33.5
62,"phone",12,1,57.4
23,"phone",6,6,36.7
25,"in-person",13,3,45.5
63,"email",6,1,48.1
42,"in-person",13,8,29.3
52,"phone",4,4,51.1
37,"in-person",12,7,23.4
43,"web",10,7,24.6
66,"email",15,8,25.8
55,"phone",6,8,35.3
78,"phone",14,2,58.5
36,"in-person",15,2,62.8
60,"in-person",6,7,57.7
46,"email",4,6,20.5
63,"in-person",3,7,47.7
64,"email",12,2,49.3
33,"web",11,2,39.2
55,"web",6,5,34.3
64,"phone",3,9,38.3
29,"in-person",1,6,33
71,"phone",10,1,70.3
58,"web",13,2,43.1
64,"phone",10,7,61.9
30,"web",11,6,29.4
34,"phone",1,7,36.1
74,"email",12,1,68.9
77,"in-person",0,6,73
55,"phone",6,10,42.1
34,"phone",1,7,15.6
68,"phone",0,10,28.8
38,"in-person",11,8,31
32,"email",7,10,27.2
33,"web",12,7,12.3
53,"web",13,10,34
25,"in-person",6,4,36.1
24,"in-person",2,8,38.5
71,"in-person",1,7,50.5
33,"phone",2,8,29.5
63,"email",7,3,55.3
27,"web",7,8,15.4
28,"phone",2,9,36.3
55,"in-person",2,5,38.6
74,"web",5,9,45.9
45,"web",6,5,45.2
18,"phone",12,8,23
35,"phone",0,1,63.8
72,"in-person",12,2,67.6
45,"phone",11,1,70.2
32,"email",10,4,44.3
22,"phone",10,1,62.4
38,"in-person",14,9,22.4
61,"email",0,1,30.2
53,"email",7,3,42.1
57,"in-person",13,6,36.8
69,"email",9,6,36.7
66,"web",15,6,41.5
68,"phone",2,10,39.5
35,"in-person",6,4,53
51,"in-person",2,7,51.7
71,"email",2,8,30.8
19,"web",15,3,22.2
31,"email",5,1,21.4
67,"email",7,3,36.2
40,"web",10,9,21.3
26,"phone",3,2,59.3
44,"in-person",7,5,56.8
59,"in-person",5,7,43.1
21,"web",1,10,4
79,"phone",3,1,71.8
39,"web",10,10,25.9
75,"phone",7,7,58.7
30,"email",4,7,16.4
62,"email",1,4,41.5
48,"email",8,7,27.2
23,"email",2,7,10.1
47,"phone",0,3,44.5
45,"email",3,3,33.9
63,"in-person",6,3,62.8
76,"email",14,10,33.5
53,"email",6,2,49.9
75,"web",8,3,47.4
32,"in-person",7,8,33.1
51,"web",1,2,37.6
24,"in-person",7,10,42.2
42,"phone",4,1,58.9
21,"in-person",4,2,50.8
54,"web",13,9,31.6
49,"email",15,6,27.7
61,"in-person",15,8,47.3
35,"email",7,3,36.6
75,"phone",7,4,68.3
50,"email",15,7,31.3
31,"web",11,3,38.2
43,"in-person",8,2,44.5
56,"phone",11,10,30.8
43,"phone",13,1,55.5
34,"web",0,7,20.5
38,"email",12,2,27.6
67,"web",5,6,35.1
59,"phone",9,10,50.2
66,"in-person",13,10,38.2
33,"phone",2,8,35.4
63,"web",9,9,36.8
75,"phone",7,2,69.8
51,"in-person",10,5,48.7
46,"phone",14,10,51.7
68,"in-person",5,10,40.7
49,"in-person",7,8,45.9
45,"email",8,2,40.9
63,"phone",1,8,56.3
48,"web",13,9,18.7
21,"in-person",10,1,62.2
77,"web",10,2,50.5
56,"web",9,4,48.9
23,"in-person",12,8,30.9
30,"email",4,5,45.6
24,"web",6,10,8.9
41,"in-person",4,8,44
36,"phone",3,8,42.3
62,"in-person",14,2,43
70,"email",0,8,34.9
26,"web",15,4,48.2
37,"in-person",3,6,42.8
31,"web",5,7,21.1
27,"phone",5,8,37.8
77,"in-person",7,3,68.4
52,"email",1,9,29.3
75,"email",11,1,51.9
76,"phone",12,3,71.6
36,"email",4,3,47.6
22,"web",15,3,32.5
68,"phone",3,5,47.8
37,"phone",0,10,34.7
69,"phone",12,5,58.8
36,"web",9,4,31.6
73,"web",0,4,52.4
37,"in-person",12,3,41.5
51,"in-person",10,10,24.7
59,"email",2,1,58.7
44,"web",6,8,29.9
69,"phone",5,4,58.1
76,"in-person",15,3,66.9
71,"web",11,8,40.2
79,"email",10,6,45.6
38,"phone",6,10,30.4
47,"in-person",14,9,37
19,"in-person",14,2,39.6
56,"web",2,10,26.5
18,"web",9,3,10.4
60,"phone",11,7,54.4
77,"in-person",0,7,56.4
77,"email",12,1,54.1
64,"web",8,9,33.6
55,"phone",0,5,51.7
24,"in-person",0,3,37
39,"in-person",7,9,35.6
51,"in-person",11,8,26.9
23,"phone",15,8,30.2
55,"web",7,4,35
24,"in-person",10,5,26.8
37,"web",7,5,34.1
37,"email",14,2,42.8
43,"in-person",6,4,45.7
58,"email",1,3,30.2
31,"email",14,7,28.3
20,"phone",8,5,46.6
75,"phone",6,4,60.3
61,"email",7,1,56.8
45,"phone",14,2,47.2
74,"phone",3,2,67.8
34,"web",13,5,29.6
47,"email",5,7,37.2
18,"in-person",0,5,38.7
37,"in-person",10,8,28.3
64,"phone",3,5,50.5
25,"in-person",6,6,24.2
35,"web",14,8,27
80,"in-person",0,7,60.6
35,"phone",9,4,45.5
52,"in-person",10,7,46.4
40,"web",13,7,25.6
66,"in-person",1,7,55.1
19,"in-person",8,4,32.5
46,"phone",11,7,44.4
44,"in-person",8,6,36.3
72,"in-person",8,9,47.2
29,"in-person",15,4,52.5
28,"web",10,2,23.1
18,"in-person",13,9,30
69,"web",7,3,61.7
31,"in-person",14,10,31.5
31,"web",8,10,10.5
70,"in-person",6,6,58.9
65,"web",11,10,26.3
24,"in-person",7,9,14.4
29,"web",10,7,29.2
72,"email",14,5,42.4
76,"in-person",0,3,57
24,"in-person",5,1,51.7
56,"in-person",15,1,62.1
78,"in-person",1,7,41.6
66,"email",15,8,38.3
48,"email",11,8,34.1
20,"in-person",3,6,31
47,"email",13,4,27.6
24,"email",4,8,19
68,"in-person",5,7,52.2
52,"email",5,6,44.7
59,"email",12,7,35.5
47,"phone",2,6,40
37,"web",14,1,35.7
80,"phone",15,10,54.9
61,"phone",6,4,49.1
46,"phone",11,3,53.3
76,"web",7,2,65.2
25,"web",5,7,16.1
37,"in-person",3,8,36.9
66,"email",14,3,41.2
25,"email",10,1,46.6
25,"in-person",13,9,28.5
47,"web",4,7,22.7
51,"email",12,10,25.2
47,"phone",7,2,66.6
64,"email",12,4,32.8
37,"in-person",7,2,35.3
20,"phone",14,2,42.8
27,"in-person",10,6,34.6
46,"email",8,9,27.4
45,"email",1,7,19.1
40,"in-person",5,7,49.4
78,"phone",12,6,50.2
72,"web",2,8,35.4
71,"web",7,7,51.5
52,"phone",5,7,41.4
26,"in-person",0,8,37.4
20,"phone",12,6,48
48,"web",15,6,36.3
60,"phone",7,6,43.3
38,"email",7,5,31.5
71,"phone",8,1,60.3
51,"web",7,8,12.3
25,"web",13,3,35.5
34,"email",2,5,21.7
30,"in-person",1,8,29.7
49,"in-person",15,8,28.6
49,"in-person",15,1,56.4
48,"phone",6,4,48.3
24,"web",7,4,22.6
44,"phone",1,7,50.7
34,"web",1,4,32.7
29,"web",1,10,10.4
63,"phone",2,8,46.7
55,"web",8,8,36.6
66,"phone",12,4,53.8
69,"phone",7,3,52.1
67,"in-person",3,2,61.3
34,"phone",5,9,32.6
35,"in-person",8,8,23.4
28,"email",6,2,22.6
19,"web",1,2,40.7
70,"in-person",8,6,47.2
69,"web",10,4,36.3
50,"in-person",12,3,45.9
41,"web",11,1,50.5
21,"email",6,9,19.9
53,"in-person",9,3,51.6
77,"in-person",12,3,47
62,"in-person",13,8,44.2
75,"web",10,6,40.3
71,"web",11,7,44.9
41,"in-person",8,10,25
59,"web",4,6,32.9
39,"in-person",10,3,47.7
56,"email",9,8,30.3
20,"email",14,3,20.5
50,"phone",14,10,36.4
54,"web",15,1,50.3
54,"phone",14,4,47
22,"phone",14,3,49.5
77,"phone",10,10,55.2
19,"phone",2,7,35.7
56,"email",0,9,33.8
18,"in-person",0,7,17.9
55,"web",10,4,51.8
62,"email",13,4,44.4
72,"web",2,1,48.1
45,"web",11,7,19.4
70,"in-person",11,1,61.1
31,"email",10,3,35.3
39,"in-person",13,2,53.9
42,"web",4,6,44.5
20,"phone",9,8,34.1
76,"phone",0,8,54.2
26,"in-person",6,10,30.4
23,"email",0,2,32.8
32,"web",12,3,45.5
77,"web",7,3,54.3
52,"phone",12,1,51.1
68,"web",4,6,36.1
35,"in-person",2,1,62.5
39,"web",0,3,26.4
61,"web",10,8,26.8
33,"phone",6,10,43.8
30,"phone",0,6,45.1
23,"web",9,6,36.1
57,"phone",13,3,64.6
44,"web",10,3,38.5
27,"web",11,6,23.9
73,"email",8,5,40.8
75,"in-person",12,6,38.2
22,"web",14,5,33.5
42,"email",12,5,32.7
54,"in-person",2,10,43.5
74,"in-person",4,3,50.7
49,"phone",9,8,38.1
77,"web",10,5,46
40,"in-person",15,5,34.6
33,"phone",8,5,42.5
51,"phone",10,4,35.1
54,"web",11,10,28.5
65,"email",3,1,52.8
43,"phone",7,10,47.6
72,"web",0,2,48
66,"phone",7,7,46.5
41,"web",15,5,27.7
42,"email",1,9,15.2
23,"email",10,4,31
27,"email",10,5,32.3
78,"email",2,3,59.1
50,"web",1,5,41.3
78,"in-person",10,10,36.8
78,"email",9,10,37.8
72,"phone",5,4,71.1
46,"phone",6,10,29
56,"phone",11,9,40.7
24,"in-person",3,6,41.2
35,"email",0,2,52.7
37,"phone",9,6,36.2
26,"email",7,5,16.6
42,"phone",7,9,33
25,"phone",13,5,28.3
42,"in-person",13,9,26.9
48,"phone",0,5,52.5
51,"in-person",0,3,46.2
32,"in-person",4,3,57
61,"phone",1,8,44.8
59,"in-person",1,1,54.4
55,"web",7,5,40.1
58,"web",13,5,39.6
40,"phone",6,6,42.4
20,"web",4,3,26.6
41,"email",9,7,30
24,"phone",11,3,35.9
78,"email",4,1,67.3
55,"in-person",1,6,28.6
60,"email",6,2,50.9
25,"web",12,3,35.6
23,"web",11,2,28.6
40,"email",12,2,34.4
36,"email",15,10,8.7
39,"in-person",14,9,28.2
30,"email",13,5,38.1
78,"in-person",4,8,43.2
46,"web",2,10,17.1
47,"phone",10,6,40
50,"phone",13,1,66.8
26,"web",6,3,36.7
31,"phone",4,7,35.1
51,"email",5,2,54.2
78,"phone",11,4,64.6
34,"web",2,1,40.8
73,"in-person",4,3,50.6
28,"web",5,10,11.3
24,"email",13,5,32.5
73,"web",14,3,49.5
58,"email",0,2,46.8
58,"in-person",11,4,55.8
44,"phone",5,10,27.5
22,"web",13,9,24.9
61,"phone",8,4,62.4
25,"web",6,1,38.6
57,"web",8,2,47.5
62,"web",3,4,45.7
80,"email",5,9,46.3
32,"email",11,3,29.6
50,"phone",1,10,24.7
24,"web",10,8,27.6
35,"in-person",10,5,38.7
51,"in-person",5,9,29.9
39,"phone",2,3,51
44,"phone",10,7,29.7
27,"email",8,3,28.1
74,"phone",8,9,38.2
54,"web",9,9,27.6
59,"phone",0,9,45.2
74,"web",2,2,53.1
25,"email",15,4,29.5
60,"phone",2,5,44.2
22,"email",4,8,15.5
75,"email",6,7,51.7
33,"in-person",1,5,42.1
72,"web",13,4,39.1
78,"in-person",15,3,55.9
45,"web",2,3,40.3
46,"web",7,2,37.9
39,"phone",3,1,45.6
66,"in-person",1,8,32.7
55,"in-person",4,10,20.2
38,"email",5,3,36.3
77,"phone",7,9,48.9
30,"email",11,9,19
20,"in-person",11,7,23.7
80,"in-person",0,3,55.7
62,"phone",13,4,74.9
50,"in-person",2,10,43
33,"web",13,5,32.5
45,"email",10,10,10.9
73,"in-person",6,5,67.5
18,"in-person",12,3,39.2
79,"phone",12,3,72.5
55,"in-person",1,9,31.3
33,"web",7,8,22.1
80,"web",4,4,54.6
69,"email",4,6,34.1
46,"email",4,10,19.9
54,"email",13,10,27.9
57,"phone",4,1,69.5
52,"email",1,3,39.4
47,"in-person",10,3,45.4
68,"phone",0,9,38.1
66,"web",9,8,39.5
38,"phone",9,7,37.1
52,"phone",7,9,30.5
49,"phone",15,4,48.3
38,"web",2,3,28.2
48,"email",6,5,39.1
69,"web",12,3,46.8
25,"phone",3,8,21.4
79,"email",13,7,46.8
66,"in-person",8,3,43.2
42,"phone",13,3,50.3
60,"web",4,8,21.9
75,"web",10,7,46.6
75,"in-person",14,5,55.8
65,"in-person",2,1,59.4
58,"web",2,1,52.1
56,"web",4,4,47.5
55,"email",11,4,41.4
30,"web",5,4,45.9
70,"in-person",8,7,36.9
51,"phone",12,7,42.9
71,"phone",7,8,41.7
77,"web",11,5,57.1
41,"web",9,9,26.5
47,"web",0,3,38.4
46,"in-person",9,1,55.1
36,"web",8,8,28.2
56,"email",1,5,24.3
66,"phone",15,7,53.3
24,"web",11,2,41.9
18,"phone",1,1,48
36,"web",15,7,18.7
75,"phone",6,8,52.2
54,"in-person",4,1,69.2
23,"email",13,1,45.2
56,"web",10,6,52
31,"in-person",0,6,33.4
46,"web",8,1,30.6
63,"in-person",4,8,36.8
31,"web",1,2,32.8
69,"in-person",5,4,49.2
50,"web",13,1,42.1
74,"phone",11,3,52.8
48,"web",8,2,45.6
21,"web",12,9,25.9
57,"in-person",2,8,50.1
35,"in-person",14,9,17.8
43,"phone",13,5,42.7
41,"email",12,7,27.3
70,"web",7,3,33.2
56,"email",10,4,36.9
65,"web",8,1,52.7
32,"web",6,5,35.9
80,"email",8,1,65
34,"web",12,5,33.7
26,"in-person",12,9,19.6
65,"email",6,2,59
68,"web",13,8,45.8
50,"phone",0,5,37.9
64,"web",6,3,50.8
44,"in-person",4,8,25.5
76,"web",11,2,57.8
70,"phone",9,1,73.2
63,"email",11,1,64.5
78,"phone",3,6,72.4
46,"email",14,4,44.1
64,"phone",2,1,55.7
43,"in-person",15,1,64.2
44,"web",4,3,38.7
68,"email",13,3,51.5
69,"email",3,7,40.1
49,"email",12,4,47.7
42,"web",5,1,47.4
31,"web",15,6,37.6
18,"in-person",13,8,28.6
43,"phone",3,1,71.6
43,"phone",6,10,39.6
65,"in-person",0,2,48.6
47,"in-person",14,5,37.9
42,"email",8,3,41.2
30,"in-person",1,10,29.2
77,"email",7,4,60.8
74,"email",12,3,65.3
19,"web",13,10,16.2
47,"web",15,4,42.9
22,"email",1,1,46.1
30,"email",1,6,20
63,"web",13,9,34.6
33,"phone",8,3,44.1
46,"phone",1,9,40.9
35,"phone",6,6,39.3
41,"phone",1,4,61.5
79,"email",15,5,53
61,"web",10,8,32
31,"phone",3,1,54.6
79,"phone",10,8,63.5
59,"in-person",12,8,38
61,"in-person",1,4,59.5
59,"in-person",10,2,70
52,"email",5,10,32.8
50,"email",1,8,37.1
19,"email",12,8,22.6
38,"phone",4,6,47.4
65,"email",10,9,47.5
60,"web",4,8,37.9
78,"web",2,7,53.7
44,"web",3,10,32
51,"in-person",8,8,39.4
29,"email",3,1,35.8
30,"email",13,7,24.2
26,"email",14,4,38.5
53,"phone",0,8,35.6
57,"web",14,6,40.3
27,"in-person",4,1,48.4
71,"email",0,8,34.2
57,"phone",3,8,53.5
70,"email",6,6,34.3
23,"web",10,3,33.9
37,"phone",12,9,22.4
26,"email",1,7,10.4
52,"phone",15,6,45.9
59,"phone",3,9,51.6
23,"email",3,8,16.4
68,"in-person",9,7,41.6
52,"in-person",14,1,39.5
55,"in-person",10,9,35.2
35,"email",2,9,29.6
27,"web",7,3,32.3
78,"in-person",1,4,42.7
68,"web",9,1,64.2
27,"email",1,3,30.8
79,"email",7,10,42.2
20,"in-person",13,7,32.4
24,"email",9,9,11.9
60,"in-person",2,4,54.9
80,"phone",14,8,46.5
26,"phone",14,3,36.5
34,"phone",9,10,40.6
73,"phone",12,5,56.7
48,"phone",8,5,48.7
39,"in-person",14,7,20.8
46,"email",12,4,34.3
50,"phone",15,9,38.3
50,"email",5,10,25.9
72,"email",6,4,56.5
46,"in-person",6,2,51.7
39,"web",14,6,34.6
72,"web",1,3,54.3
28,"in-person",9,6,34
47,"email",9,3,50.2
47,"email",0,5,37
65,"phone",3,6,49.8
47,"in-person",13,10,30.2
76,"phone",14,3,64.6
53,"phone",12,1,72.6
47,"phone",13,9,50.6
25,"phone",7,2,42.4
77,"email",3,1,62.9
64,"phone",6,1,64
77,"phone",12,6,53.9
68,"web",15,10,22.3
71,"web",7,4,58.8
60,"web",4,6,37.9
38,"in-person",8,8,35.4
19,"web",3,1,29.5
49,"phone",6,3,57.9
58,"web",7,9,24
37,"in-person",7,2,28
25,"in-person",1,3,35.4
74,"phone",12,3,66.4
25,"web",8,1,40.2
20,"email",8,5,37.4
22,"web",12,1,49.3
27,"phone",5,6,35.3
45,"email",11,1,50.8
21,"in-person",10,3,30.4
65,"email",7,6,28
59,"phone",11,7,58.1
35,"in-person",10,3,43.2
41,"in-person",12,2,59.3
66,"phone",13,2,58.2
51,"web",15,3,60.9
49,"phone",9,7,34.8
40,"web",3,5,37.2
47,"in-person",8,2,37.2
80,"email",14,10,55.5
45,"in-person",13,2,40.2
68,"web",10,1,64.2
64,"in-person",12,3,53.9
77,"email",2,9,38.2
65,"in-person",10,9,32.4
46,"phone",6,1,55.2
24,"web",2,4,39.8
37,"phone",8,1,58.9
42,"email",8,7,38.7
39,"in-person",11,2,43.7
26,"web",9,3,31
32,"phone",2,10,32.9
49,"in-person",15,10,33.2
66,"email",10,6,39.2
71,"web",9,2,48.1
32,"email",0,6,31.5
62,"in-person",9,7,43.2
49,"phone",14,10,45.2
46,"email",4,7,32.5
69,"phone",6,10,45.4
28,"email",1,9,26.4
51,"in-person",0,5,35.8
64,"email",14,9,42.6
77,"phone",1,6,56.3
74,"in-person",0,10,30.6
18,"phone",15,4,37.3
18,"email",9,3,36.3
65,"email",2,5,59.5
56,"web",3,3,45.1
39,"email",6,10,31.9
25,"web",5,10,11.1
54,"phone",10,4,50.5
35,"web",14,6,17.3
34,"email",11,2,38
42,"web",12,8,36.6
34,"email",12,5,38.3
80,"in-person",6,1,56.7
18,"email",4,9,11.1
20,"phone",15,3,47.9
28,"in-person",6,7,20
73,"web",7,6,42.8
37,"email",0,1,37.9
23,"email",15,1,25.2
48,"email",1,3,41.6
61,"email",8,4,39.4
42,"email",11,2,43.8
59,"web",0,1,38.4
33,"in-person",14,6,41.4
19,"in-person",9,5,21.9
61,"web",13,9,24.8
79,"in-person",11,5,56.1
24,"in-person",11,5,34.1
49,"phone",11,2,44.2
73,"in-person",1,8,55.8
57,"web",12,9,24.2
32,"email",12,8,17.8
64,"web",12,4,34.9
64,"web",9,10,38
50,"phone",0,7,44.8
19,"web",13,5,23.8
23,"phone",5,8,30.6
45,"web",15,4,47.1
33,"email",13,10,19.6
18,"email",7,1,47.6
20,"phone",3,4,32.1
58,"phone",3,6,51.2
29,"in-person",10,3,41.9
41,"email",11,2,43
67,"email",12,6,46.6
45,"in-person",1,5,30.9
55,"web",14,8,28.1
41,"web",4,4,35.4
71,"in-person",2,6,60.9
53,"web",3,5,39.5
49,"phone",3,10,48.4
19,"phone",13,3,35.9
46,"web",10,3,32.4
29,"in-person",6,9,26.7
43,"web",5,10,22
42,"in-person",2,8,39
64,"web",2,2,55.3
61,"in-person",14,2,59.8
78,"in-person",6,1,53
64,"web",12,2,45.8
20,"phone",5,4,39.9
73,"phone",5,1,63.3
42,"phone",10,1,46.1
75,"web",3,4,32.9
24,"phone",1,1,52.3
23,"phone",1,10,29.5
69,"phone",8,7,48.2
41,"email",12,7,30.8
59,"phone",13,8,39.2
57,"email",8,4,32.2
26,"email",0,6,35
77,"email",1,4,44.6
51,"web",2,5,21.2
57,"web",3,10,29.4
20,"web",11,8,26.5
41,"phone",4,6,38.1
76,"phone",1,8,65.6
69,"in-person",14,6,56.7
72,"in-person",5,6,45.3
63,"email",14,6,42.8
56,"phone",7,2,62.1
52,"in-person",3,3,50.9
74,"phone",1,6,69.9
29,"web",7,10,9.9
25,"web",11,3,28.7
42,"email",15,1,42.5
62,"phone",3,1,64.8
60,"in-person",5,6,50.9
51,"in-person",9,8,42.7
26,"phone",3,9,35.9
46,"email",8,9,24.6
20,"web",8,6,24.4
75,"email",3,2,55.2
44,"in-person",12,10,30
78,"phone",2,5,48.8
55,"web",10,1,57.4
37,"email",9,8,31.4
19,"in-person",13,1,48.2
65,"email",11,6,33.5
65,"phone",3,8,40.5
70,"web",1,4,55.9
41,"in-person",13,4,28.8
80,"email",9,4,62.4
38,"phone",4,5,45.4
26,"in-person",13,1,59.3
51,"email",9,8,31.9
32,"web",0,4,34.6
76,"in-person",13,9,52.1
80,"phone",8,9,55.7
50,"in-person",9,9,26.1
40,"web",2,1,60.4
77,"email",14,6,51.6
66,"email",2,3,48.2
29,"in-person",14,3,34.5
31,"in-person",5,10,23
71,"in-person",9,5,53.8
73,"web",6,5,44.5
24,"phone",11,10,36.3
74,"phone",7,2,54
29,"email",8,1,42.3
30,"web",8,2,29.9
52,"in-person",5,6,36.8
79,"phone",1,10,58.2
72,"web",6,3,54.7
70,"phone",0,4,73.5
72,"web",1,4,58.6
19,"in-person",7,7,15.3
58,"web",9,3,46
50,"phone",1,2,51.7
31,"phone",7,3,71.5
65,"web",5,9,40.3
33,"in-person",1,10,14.5
42,"in-person",11,2,51
58,"web",9,3,39.2
39,"in-person",1,1,51.2
24,"web",1,5,24.9
74,"web",13,4,49.4
41,"email",8,7,33.4
73,"phone",2,3,66.6
69,"in-person",7,4,61.1
80,"phone",6,8,45.3
30,"web",7,9,12.6
55,"phone",8,10,48.3
55,"phone",15,6,50.6
76,"in-person",4,6,48.3
32,"web",6,5,29.4
79,"email",6,2,50.3
36,"phone",7,3,45.2
43,"web",3,4,46.4
52,"email",9,8,37.3
66,"web",0,5,59.2
63,"web",2,6,44.6
76,"phone",0,7,54.2
59,"web",13,1,53.6
74,"phone",12,3,61.1
32,"email",2,8,16.4
42,"email",8,5,27.2
45,"web",11,2,35.2
34,"in-person",7,9,22.2
50,"in-person",7,6,43.6
48,"web",11,1,36.8
22,"web",5,1,36.9
58,"email",0,7,47.2
56,"phone",12,3,52.7
41,"email",9,4,29.1
61,"web",12,5,33
76,"in-person",6,3,62.3
46,"web",13,9,29.1
69,"web",1,7,46.6
35,"email",10,8,15.4
42,"email",14,6,28.6
64,"in-person",6,10,46.3
53,"web",1,8,35.1
63,"web",11,10,21.2
65,"phone",0,8,56.9
73,"email",2,2,50.8
65,"phone",5,2,63.5
18,"web",13,2,33.2
37,"phone",8,10,30.4
57,"phone",15,9,57.3
28,"email",9,4,48.2
78,"email",5,6,50
19,"phone",0,5,43.5
55,"phone",15,1,71.3
49,"in-person",13,10,27.2
43,"phone",10,10,21.7
53,"in-person",11,1,54.2
20,"in-person",14,4,38.2
66,"email",5,7,51.1
69,"web",7,6,33.4
18,"phone",15,2,45.6
22,"web",9,7,19.8
62,"web",9,1,41.7
63,"web",5,2,56.1
39,"web",0,10,21.8
57,"in-person",3,7,41.1
65,"phone",5,4,57.8
44,"in-person",15,9,21.7
20,"email",11,10,5.9
50,"web",2,5,28.8
19,"phone",13,8,38.8
78,"phone",0,4,66.9
40,"web",9,4,42.1
72,"in-person",1,5,53
64,"web",6,4,37.9
78,"phone",13,7,50.6
52,"web",10,6,47.1
22,"in-person",0,4,20.9
57,"email",7,9,38.5
62,"in-person",5,2,45
38,"email",7,4,39.1
48,"in-person",4,2,50.7
60,"web",3,7,30.8
21,"email",1,1,47.9
58,"web",8,7,40.7
49,"phone",4,6,43.9
25,"email",3,1,35.9
26,"email",6,1,48.1
61,"in-person",14,2,41.4
76,"phone",0,2,66.1
30,"web",8,7,31
58,"email",8,10,38.4
32,"web",0,1,35.7
73,"web",5,2,62.1
51,"email",7,6,51.2
65,"phone",15,10,38.7
60,"in-person",4,2,43
34,"email",4,5,22.3
61,"in-person",9,3,60.6
48,"phone",15,4,52
60,"phone",2,2,56.2
36,"phone",14,7,44.8
64,"in-person",4,3,58.8
49,"in-person",6,3,51
43,"phone",1,2,62.4
73,"web",6,2,59.6
19,"email",12,5,30.2
55,"email",9,9,40
42,"phone",14,2,53.6
63,"phone",2,9,41.5
28,"phone",13,10,27.6
68,"phone",9,5,59.6
78,"phone",4,3,57.6
62,"web",4,7,43.7
31,"web",10,1,34.2
18,"phone",3,8,36.9
77,"email",6,7,57.4
72,"in-person",12,8,37.8
28,"email",2,3,31.1
39,"in-person",1,10,24.9
43,"email",0,3,60.4
67,"in-person",2,8,38.9
36,"phone",7,5,46.8
65,"phone",4,10,32.6
43,"phone",1,2,58.4
47,"email",11,5,27.5
42,"in-person",1,4,51.9
65,"email",11,6,48.7
55,"email",3,2,39.8
58,"phone",2,2,54.9
76,"in-person",9,1,67.1
59,"phone",6,8,45.4
67,"in-person",1,7,41
53,"web",12,1,46.1
29,"phone",3,3,48.1
67,"web",9,3,50.7
74,"in-person",5,9,48.5
56,"web",0,4,62.6
27,"email",14,5,32.7
28,"in-person",15,8,33.3
47,"phone",10,3,58.1
58,"phone",8,10,39.1
34,"web",9,10,21.2
67,"web",7,9,31.6
31,"phone",11,10,25.3
77,"in-person",9,9,61.1
23,"email",2,7,30
53,"email",7,10,30.6
78,"email",4,1,53.6
37,"in-person",15,4,36.3
21,"phone",10,8,12.6
72,"email",10,7,54
52,"web",0,9,19.6
55,"email",11,2,60.7
36,"email",12,3,32.6
57,"email",12,9,52
79,"web",4,1,58.5
57,"email",14,7,23.6
29,"email",0,10,12.2
43,"email",15,9,23.9
80,"in-person",13,4,61
27,"email",0,9,17.2
63,"web",12,2,51.8
31,"email",11,10,5.9
62,"web",3,6,40
62,"phone",8,6,59.5
65,"in-person",7,10,30.4
63,"in-person",5,1,48.8
78,"email",2,7,55.2
70,"web",6,6,41.7
41,"phone",8,6,47.3
61,"in-person",10,3,44.5
71,"in-person",1,6,49.5
51,"email",12,5,42.8
42,"web",14,5,34
47,"in-person",4,3,44.4
26,"email",1,6,14.3
22,"phone",15,3,55.8
32,"phone",14,1,63.2
44,"email",1,10,16.9
27,"phone",1,7,27.4
24,"phone",12,5,27.7
70,"phone",1,5,54.6
32,"web",6,9,21.2
34,"email",13,6,28
66,"email",13,8,25
63,"phone",7,9,58.6
74,"in-person",12,10,43.6
29,"email",7,6,31.7
38,"web",10,4,28.2
62,"in-person",11,2,57.6
77,"in-person",10,2,72.7
77,"phone",12,7,57.1
66,"web",5,5,47.6
68,"in-person",5,4,39.5
46,"email",0,3,34.2
65,"phone",2,1,67.8
76,"in-person",11,7,46.2
49,"web",0,9,34.7
53,"in-person",13,3,49.7
69,"email",11,2,41.7
54,"in-person",14,5,44.2
49,"phone",6,9,36.5
64,"phone",0,8,53.1
52,"web",8,8,23.5
53,"web",9,4,20.9
67,"phone",2,8,51
66,"phone",4,1,65.4
20,"in-person",15,6,28
53,"phone",14,3,47.2
80,"email",15,6,38
71,"phone",6,7,61.7
55,"phone",11,1,65.5
50,"in-person",15,6,40.2
41,"email",0,9,25.9
36,"phone",9,2,63.1
53,"web",13,9,27.6
71,"in-person",13,3,66.2
76,"email",3,2,43.7
60,"in-person",11,6,37.3
23,"in-person",5,3,44.9
75,"in-person",1,3,65.1
41,"email",4,1,42.7
62,"web",6,5,36
55,"phone",8,4,53.4
47,"in-person",1,4,41.2
66,"in-person",15,4,40.6
41,"in-person",11,4,44.2
43,"web",13,2,53.9
50,"phone",10,3,55.4
39,"in-person",0,10,15.3
72,"web",3,9,27.4
21,"phone",7,8,30.6
77,"web",10,10,25.8
70,"in-person",13,1,69.2
50,"phone",7,1,61.6
34,"email",11,9,27.4
74,"web",8,6,41.6
42,"web",5,8,24.4
63,"email",10,6,34.7
42,"web",9,3,50.1
66,"in-person",6,2,57.6
35,"in-person",10,9,25.1
29,"web",5,6,21.7
69,"in-person",5,9,46.2
63,"phone",13,9,43.6
36,"in-person",6,9,24.8
30,"email",6,4,21.3
69,"email",4,5,32
62,"phone",12,8,38.4
67,"in-person",9,2,45.7
53,"email",3,4,47.7
63,"phone",3,9,49.4
46,"web",14,6,23
18,"email",0,4,14.5
78,"in-person",6,9,34.6
66,"phone",3,8,63.3
79,"web",15,1,44.6
61,"in-person",13,3,72.9
41,"in-person",15,9,35.1
32,"email",8,1,52.3
68,"web",7,5,33.5
44,"email",8,10,22.5
56,"web",14,6,28.4
44,"web",11,2,36.7
80,"web",0,8,36
56,"email",12,4,49.2
74,"phone",2,1,86.6
46,"phone",10,9,38.3
74,"email",14,6,40.5
26,"email",15,9,11
30,"web",1,1,36.1
70,"in-person",1,4,56.2
40,"phone",12,5,43.7
49,"in-person",8,4,35.6
79,"web",13,1,57
75,"in-person",10,4,55.8
18,"phone",10,6,41.5
43,"phone",1,9,42.9
49,"email",6,6,28.9
39,"phone",11,3,59.4
49,"web",15,8,29.3
68,"email",9,2,58.8
19,"phone",14,4,31.3
40,"email",12,1,42.8
70,"web",3,6,27.9
28,"phone",0,1,49.4
54,"email",9,2,40.8
55,"in-person",4,1,54.6
63,"phone",7,4,60.3
53,"phone",11,3,62.6
55,"in-person",7,6,42
22,"phone",14,1,60.1
66,"in-person",8,7,51
56,"in-person",6,9,36.6
74,"email",15,7,37.1
43,"email",2,9,28.3
78,"phone",1,8,47
48,"email",12,1,44.2
58,"email",10,4,50
37,"in-person",6,10,36
38,"web",7,3,26.4
68,"email",15,4,52.2
43,"email",4,10,18.5
52,"phone",2,5,60.9
40,"web",5,9,32
65,"phone",14,10,43.8
67,"email",12,5,42.5
29,"email",11,1,38
60,"in-person",8,8,42.3
64,"web",9,1,49.7
32,"email",15,8,19.8
41,"in-person",15,2,54.7
30,"phone",6,8,44.9
54,"in-person",10,1,53.6
70,"in-person",0,2,50.7
41,"email",4,4,42
56,"web",6,9,18.6
72,"phone",9,7,67.5
31,"email",0,5,33.7
57,"web",10,2,43.8
37,"web",2,9,17.1
54,"web",10,8,33.8
24,"web",11,2,41.4
62,"email",6,6,33.4
71,"web",4,1,60.3
36,"in-person",15,2,36.3
70,"email",12,3,57
45,"phone",9,7,38.2
18,"email",9,10,4.4
58,"email",7,4,32.8
49,"web",0,2,33.2
75,"email",0,9,46.3
67,"in-person",3,10,14
46,"web",5,9,27.7
58,"phone",2,8,32.5
35,"phone",8,9,25.3
43,"in-person",12,4,55.4
24,"email",4,4,28.5
33,"web",7,10,18.7
40,"in-person",11,4,42.3
74,"web",11,4,58.6
41,"email",0,2,29.7
26,"in-person",4,1,48.5
43,"phone",12,8,53
74,"phone",6,10,38.3
62,"phone",1,7,52.7
75,"in-person",7,2,59.6
27,"in-person",7,8,28.1
22,"phone",7,1,48.6
27,"phone",9,6,45
58,"in-person",13,10,35.8
70,"phone",8,10,36.5
46,"phone",2,6,36.4
43,"phone",9,10,29.3
45,"web",0,6,46.7
68,"email",2,4,41.9
62,"phone",12,5,40.9
45,"email",9,7,27.8
26,"email",0,1,33.4
79,"in-person",11,7,45.9
62,"in-person",13,8,41.3
73,"email",9,9,39.8
64,"phone",2,3,68.1
54,"phone",11,7,53.4
74,"phone",0,9,60.6
69,"in-person",12,3,61.6
18,"email",4,1,18
73,"phone",3,6,60.6
72,"web",4,3,53.3
53,"email",15,1,49.3
61,"phone",3,10,38
66,"in-person",5,5,46
54,"in-person",8,6,49.7
57,"web",5,9,32.3
68,"web",6,6,38.8
51,"web",6,10,17.2
54,"email",15,1,47
34,"web",14,9,11.6
18,"email",2,2,44
68,"phone",2,1,69.9
45,"email",1,7,41.6
57,"phone",2,8,45.5
46,"web",6,7,36.6
41,"phone",4,4,41.4
53,"email",3,2,50
71,"in-person",6,10,42
38,"web",3,1,39.8
40,"email",11,10,26.7
72,"web",8,10,47.4
51,"email",3,10,7.9
60,"email",9,2,59.7
38,"web",14,4,37.7
37,"in-person",12,5,47.1
67,"phone",8,6,56.2
78,"in-person",3,4,71.3
66,"phone",12,10,44.8
47,"email",15,10,15.6
79,"phone",12,3,61.2
37,"email",1,7,20.9
65,"web",0,6,31.1
45,"email",10,8,24.4
47,"in-person",8,1,53.3
20,"in-person",13,4,42.8
64,"web",10,7,42.6
28,"in-person",4,1,41.4
47,"email",4,7,29.5
74,"phone",5,10,48.5
55,"phone",12,1,66.3
31,"web",6,10,12.3
33,"email",13,3,38.8
59,"in-person",2,1,59.7
20,"in-person",9,2,38.7
40,"in-person",14,7,43.9
53,"web",6,1,45.2
37,"in-person",2,6,26.1
33,"in-person",8,5,41.6
32,"web",4,2,33.9
27,"phone",8,10,27.6
29,"email",8,10,2.6
43,"phone",2,1,63.7
38,"phone",15,3,48.6
67,"in-person",1,4,55.7
20,"web",2,9,40
24,"in-person",1,3,44.6
40,"phone",14,8,38.9
34,"in-person",12,6,38.3
40,"email",1,5,33.1
55,"in-person",5,6,46.4
24,"phone",13,4,51.8
56,"web",1,10,16.9
57,"web",6,2,50.7
69,"in-person",12,1,62
31,"web",1,5,44.3
74,"phone",14,9,56.7
72,"in-person",7,1,63.9
52,"phone",0,7,59.4
27,"in-person",10,1,48.4
59,"phone",11,1,62
64,"phone",12,6,57
80,"phone",9,6,54.3
64,"email",13,10,34.7
23,"web",3,7,17.1
69,"in-person",10,8,37.3
41,"email",14,8,32.9
55,"web",3,5,53.2
80,"web",4,7,39.4
67,"phone",11,4,60
29,"web",7,9,21.7
55,"in-person",9,7,30
72,"in-person",9,1,50.6
74,"email",3,7,37.1
72,"in-person",2,7,56.3
52,"phone",12,8,36.3
44,"web",0,6,61.4
19,"phone",6,8,28.4
35,"phone",0,7,40.4
71,"phone",15,4,61.2
80,"email",15,10,28.3
62,"web",2,7,36.5
68,"phone",1,4,59
70,"email",8,8,24.9
34,"phone",10,8,36.4
20,"in-person",13,4,34.2
77,"phone",6,8,34.3
36,"in-person",15,2,60.1
33,"in-person",14,7,32.8
80,"in-person",8,4,52.4
33,"in-person",11,2,52.1
47,"in-person",8,4,42.6
23,"web",7,5,16.1
65,"in-person",13,9,49.4
62,"phone",10,10,33.8
74,"email",10,4,51.7
65,"email",2,4,53.1
38,"email",14,5,47.7
65,"web",12,6,41.3
56,"web",10,4,30.6
34,"in-person",10,7,33.6
78,"email",11,4,54.7
44,"web",12,8,39.9
72,"in-person",6,1,55.5
72,"phone",1,6,62.8
73,"email",6,9,36.9
41,"web",9,3,38.3
31,"phone",14,10,45.2
26,"web",14,9,15.8
28,"email",15,6,22.1
73,"phone",15,7,42.7
50,"email",1,5,31.8
71,"web",5,6,37.8
21,"web",7,6,18
75,"email",4,6,49.3
67,"web",3,6,34.7
63,"in-person",13,6,47
46,"web",6,2,31
28,"web",6,1,49.4
56,"email",12,4,25.1
32,"phone",7,8,34.2
72,"email",6,1,50.9
65,"phone",3,9,51.8
47,"phone",3,8,50.6
54,"phone",10,4,59.5
73,"web",13,5,57.1
70,"phone",10,8,51.8
67,"in-person",13,9,30.6
32,"email",9,6,27.1
28,"web",8,10,22.3
73,"email",3,9,28.1
38,"email",3,9,26.8
76,"email",6,1,57.8
72,"in-person",14,2,68.1
23,"web",12,6,13.8
40,"email",10,9,27.1
46,"phone",6,8,43.2
70,"web",2,10,36.4
67,"phone",14,5,50.4
57,"web",7,4,38.1
20,"web",4,7,26.7
18,"email",5,7,18.7
64,"phone",7,9,50
18,"email",9,2,42.5
74,"email",8,7,27.3
58,"web",3,1,51.3
51,"email",4,2,42.2
43,"phone",7,8,45.4
60,"phone",2,6,54.2
64,"web",5,6,44.4
67,"in-person",14,8,47
72,"phone",3,1,83.3
28,"phone",8,3,45.2
46,"phone",4,1,44.5
76,"web",12,1,59
70,"web",14,6,30.4
76,"email",11,4,40.1
66,"web",2,7,46.5
60,"email",3,3,52.2
71,"in-person",1,7,40.2
78,"in-person",1,5,60.9
25,"in-person",9,7,25.9
20,"phone",10,7,29.2
18,"email",9,2,38.5
41,"in-person",3,10,31.1
40,"email",9,8,41.9
39,"in-person",10,7,41.1
22,"web",15,5,42.4
76,"phone",1,7,64.9
49,"web",14,1,44.1
47,"email",4,1,65.7
48,"web",11,10,30.9
25,"email",15,9,18.7
70,"in-person",5,5,52.4
52,"in-person",9,9,22.5
46,"email",13,9,35
56,"phone",2,9,14.4
78,"web",0,3,52.9
35,"web",4,8,30.4
27,"in-person",9,3,45.7
50,"email",3,2,31.7
50,"email",10,6,26
33,"in-person",15,8,43.2
53,"phone",11,1,64.9
52,"in-person",2,6,33.1
40,"phone",1,6,48.1
50,"phone",6,2,62.4
40,"in-person",11,4,33.6
59,"email",7,8,20.8
67,"email",10,4,42.4
77,"in-person",2,4,55.9
59,"phone",5,9,52.9
55,"phone",6,5,31.5
74,"email",5,5,44.7
71,"phone",2,3,51.9
50,"in-person",12,10,33.6
52,"in-person",4,10,26.6
73,"in-person",10,4,47.5
64,"in-person",2,7,45.3
34,"in-person",3,7,32.5
54,"email",10,2,35.8
71,"email",14,7,26.9
43,"phone",1,10,40.6
43,"email",14,1,42.8
56,"phone",1,6,42.9
80,"web",9,9,38.7
76,"email",7,1,46.6
50,"phone",12,2,55.2
54,"web",8,6,28.8
65,"in-person",8,7,55.2
59,"in-person",13,2,59.8
29,"web",13,4,41.6
73,"email",8,8,42.4
73,"web",5,8,42.4
24,"web",3,1,38.8
58,"phone",14,9,42.7
71,"email",13,10,29.7
55,"in-person",6,1,45.5
31,"in-person",3,1,44.1
37,"phone",15,7,50.6
19,"web",1,2,30.3
23,"in-person",4,1,46.9
31,"phone",14,2,45.6
18,"email",6,10,10.7
21,"email",11,1,41
22,"in-person",12,3,31.8
44,"web",9,4,55.7
74,"in-person",2,9,28
52,"web",6,10,31.8
48,"in-person",1,4,55.3
25,"phone",14,9,37.1
33,"phone",9,10,27.3
64,"in-person",12,4,47.5
37,"in-person",7,1,46
38,"in-person",10,9,21.4
34,"phone",7,1,46.1
32,"web",10,1,30.2
39,"in-person",8,1,41.7
46,"in-person",7,1,38.5
60,"in-person",1,8,54.7
51,"email",14,5,31.8
24,"phone",12,10,17.3
44,"phone",4,7,39.5
68,"in-person",14,4,55.4
76,"email",7,3,56.6
55,"phone",2,5,54.7
25,"web",11,10,19.8
40,"web",2,10,15.6
34,"phone",8,8,27.2
45,"web",12,1,60
23,"email",14,3,36.1
20,"phone",8,6,30
29,"email",2,3,24.1
28,"in-person",15,5,48.8
69,"phone",2,7,59.4
62,"phone",1,7,52
72,"phone",12,2,69
40,"phone",10,10,39
78,"phone",6,9,50.7
61,"email",15,8,30.2
31,"web",13,9,13
77,"web",13,9,43.2
25,"email",9,4,19.1
30,"web",7,4,26.7
72,"phone",2,6,65.9
24,"email",0,3,34.8
37,"email",4,7,37.8
59,"email",3,10,39
50,"phone",7,10,24.1
28,"email",2,8,21.9
63,"web",0,10,36.7
21,"web",11,2,45.8
48,"in-person",10,9,36
46,"email",1,6,29.5
73,"in-person",4,2,75.1
64,"web",8,4,34.9
72,"in-person",0,9,27.3
80,"web",4,3,57.1
48,"email",11,3,41
20,"email",9,5,31.3
22,"in-person",13,9,17.7
20,"email",14,3,34.4
24,"web",5,4,32.6
60,"phone",6,10,42.2
62,"email",14,9,38.4
77,"email",1,2,58.3
64,"phone",7,10,55.7
67,"phone",1,10,44
42,"phone",10,10,33.6
62,"in-person",8,4,45.1
51,"web",12,9,27.1
72,"web",0,9,32.5
44,"web",7,9,31.5
56,"web",10,3,42.8
52,"email",7,6,27.1
60,"phone",12,8,37.9
77,"phone",14,7,65.9
46,"email",4,7,19.8
67,"email",1,7,38.4
57,"in-person",3,10,24.6
48,"web",4,7,44.8
29,"in-person",15,8,22.4
33,"in-person",7,4,45.9
54,"email",12,2,40
27,"phone",8,8,50.4
75,"phone",5,2,59.8
44,"web",2,4,37.5
68,"in-person",2,3,54
47,"email",12,4,42.8
30,"in-person",9,8,26.9
20,"email",0,9,25.8
78,"web",9,8,36
29,"in-person",0,6,42
79,"web",7,5,53.5
80,"web",0,4,41.4
61,"email",7,6,35.4
18,"in-person",3,6,31.9
41,"in-person",3,2,38.8
28,"email",8,2,40.7
47,"email",2,6,39.8
37,"email",7,7,31.1
61,"in-person",9,7,34.5
20,"email",15,4,26.5
34,"web",7,4,51
30,"web",2,6,43.1
27,"phone",8,7,30.4
49,"email",4,7,26
35,"email",6,6,8.5
48,"in-person",0,6,38.2
27,"web",3,8,37.1
27,"in-person",3,10,19.6
25,"in-person",9,2,37.3
46,"phone",6,1,50.6
45,"phone",12,9,42.9
30,"email",2,9,28.8
76,"in-person",12,8,38.1
22,"email",6,2,40.9
37,"web",4,1,50.8
20,"phone",7,6,28.7
20,"in-person",8,9,17.5
31,"email",12,8,30.9
35,"in-person",6,6,19.1
31,"web",14,8,7.9
68,"web",7,2,43.4
71,"email",12,9,43.3
77,"email",1,4,54.8
73,"in-person",9,7,42.8
32,"email",5,3,46.8
49,"in-person",1,2,49
38,"in-person",0,7,28.2
30,"in-person",10,4,46.2
44,"email",14,6,33.1
33,"email",10,9,25
25,"in-person",11,1,48.2
20,"web",5,10,5.7
38,"in-person",4,10,26.5
52,"in-person",8,4,42.5
34,"email",5,1,41.8
38,"email",15,7,39.2
30,"in-person",11,4,44.7
59,"email",2,9,22.9
50,"web",15,6,39.6
32,"email",0,6,16.3
69,"in-person",7,6,57.4
26,"in-person",13,8,16.6
31,"web",15,1,48.3
39,"in-person",0,8,37.1
73,"web",1,10,28.1
78,"phone",10,2,80.4
20,"email",7,10,8.3
30,"in-person",7,4,39.6
39,"email",5,7,19.4
26,"web",9,8,16.1
61,"email",3,9,27.1
61,"phone",2,1,68.5
51,"email",4,9,28.3
64,"web",0,2,57.6
55,"email",8,4,47.9
62,"web",1,1,53
60,"email",15,7,49
39,"web",5,9,25.6
47,"in-person",15,3,60.8
32,"email",8,8,38.2
61,"email",5,1,59.5
23,"web",2,3,43.6
35,"email",7,5,31.7
67,"phone",8,5,52.3
41,"phone",9,3,61.3
56,"email",8,2,37.3
62,"web",10,3,48.7
48,"in-person",14,9,26.7
69,"in-person",12,9,41.9
34,"in-person",5,8,23.2
47,"email",5,2,50.4
80,"in-person",3,1,76.1
29,"email",11,6,25.6
65,"phone",5,9,48.4
79,"email",9,9,38
41,"email",0,1,44.1
28,"email",9,8,14.4
61,"phone",15,8,29.3
20,"email",13,7,5.5
80,"web",2,7,42.2
55,"phone",1,5,35.2
74,"web",2,6,49.8
34,"web",6,2,42.1
34,"phone",8,8,34.7
68,"web",7,9,33.2
25,"in-person",1,1,45
20,"phone",12,8,27.5
18,"phone",11,4,42
53,"phone",6,8,47.3
47,"in-person",8,9,42.4
46,"phone",1,9,38.4
31,"in-person",12,10,23.8
29,"email",14,8,30.1
68,"in-person",1,7,62
27,"in-person",14,10,20.6
44,"phone",9,1,54.7
78,"email",9,7,63.2
26,"email",5,10,18.6
52,"phone",6,10,50.3
26,"web",2,9,10.7
74,"email",13,8,45.6
22,"web",4,9,19.9
75,"email",10,1,46.2
33,"phone",4,7,40.9
22,"email",10,2,26.1
27,"phone",5,9,23.5
48,"web",5,9,27.2
46,"email",12,8,45.1
62,"web",12,7,41.2
60,"email",11,5,44.5
47,"email",12,2,54.8
37,"phone",0,4,59.8
57,"in-person",14,7,49
33,"email",8,7,36.2
61,"in-person",1,6,39.2
30,"in-person",10,10,31.4
69,"email",1,7,44.6
56,"in-person",11,6,47.1
36,"phone",15,5,41
44,"email",3,9,30.1
62,"phone",13,9,51.1
72,"in-person",1,7,44.6
53,"phone",7,9,31.3
43,"phone",4,9,34.2
62,"email",9,2,48.2
40,"phone",13,2,50.8
80,"web",12,9,58.4
74,"phone",12,5,48
65,"email",12,3,50.5
75,"email",15,6,40.8
37,"phone",3,1,47
69,"web",14,8,38.9
19,"in-person",3,5,38.3
18,"web",2,9,17.2
55,"phone",6,2,48.1
26,"phone",6,8,29.8
52,"phone",7,5,31.1
35,"phone",7,8,37.1
25,"phone",3,10,33.9
44,"phone",10,9,51
28,"phone",12,1,51.4
67,"email",9,6,39.5
29,"in-person",2,8,24.5
80,"web",10,10,26.9
19,"email",15,8,20
55,"phone",9,2,56.1
52,"web",15,5,41.4
51,"web",7,8,17.5
61,"web",15,7,47.6
56,"web",7,2,50.8
35,"phone",9,8,35.4
36,"web",15,5,41.8
44,"email",11,8,20.5
31,"in-person",0,8,27.4
54,"in-person",6,8,44.2
31,"phone",3,4,41.1
80,"phone",2,4,58.3
71,"web",5,2,46.9
67,"email",12,7,38.6
24,"in-person",15,5,33.2
34,"phone",14,7,49.7
53,"web",11,5,58.1
70,"in-person",2,2,53.8
19,"in-person",2,7,31.5
20,"email",14,5,17.9
41,"email",15,5,20.3
32,"in-person",9,4,54.7
53,"email",8,9,29.7
20,"in-person",15,7,15.6
75,"in-person",2,1,59.6
21,"web",12,10,25.5
42,"web",12,7,35.1
45,"phone",4,10,31.9
57,"web",11,5,34.9
46,"in-person",7,10,30.4
18,"in-person",4,1,40.1
25,"web",14,9,17.9
25,"phone",4,9,44.3
52,"in-person",12,6,45.3
18,"email",13,2,26.7
63,"in-person",0,5,50.5
79,"email",10,4,49.4
55,"in-person",5,1,61.7
44,"phone",0,10,33.1
41,"in-person",7,5,41.8
32,"phone",3,4,48.3
24,"email",4,3,36
40,"phone",0,1,62.8
20,"web",5,10,4.8
19,"phone",4,6,45.6
22,"phone",1,4,21.7
80,"web",9,2,57
30,"in-person",2,5,51.3
78,"phone",11,6,53.6
44,"web",2,7,21
33,"in-person",13,6,33.3
37,"phone",4,8,36.7
41,"in-person",8,2,42.1
23,"web",13,10,28.6
51,"email",13,8,45.9
36,"phone",0,7,46.3
77,"email",8,8,61.2
62,"phone",10,2,61.6
32,"web",9,1,30
18,"web",14,9,12.4
24,"email",7,10,22.1
46,"web",3,9,35.2
51,"phone",2,9,34.9
41,"web",4,3,31.4
22,"web",11,10,8
29,"phone",8,4,36.7
31,"in-person",0,4,39.5
45,"web",3,8,34.4
59,"web",10,5,48.5
51,"email",15,1,46.3
80,"phone",6,9,52.7
79,"email",2,3,46.9
61,"in-person",12,1,65.8
58,"in-person",9,4,46.5
20,"email",13,7,35.7
45,"in-person",5,8,46.7
28,"phone",10,9,34.4
42,"phone",1,8,37.9
56,"web",14,10,35.7
39,"email",0,10,8.9
31,"email",7,5,30.3
21,"email",0,7,25.6
79,"email",7,7,42.3
76,"email",14,5,45.2
24,"email",4,1,36.1
35,"email",2,8,15.2
59,"phone",2,7,49.8
66,"phone",4,3,45.2
67,"phone",4,8,43
26,"web",7,2,54.7
39,"in-person",4,2,51.4
49,"phone",7,9,46.6
31,"in-person",5,2,57.9
52,"email",8,10,21.3
21,"email",4,6,26.4
60,"email",1,5,35.2
54,"phone",1,8,35.4
47,"phone",6,6,42.4
62,"in-person",0,8,40.8
77,"in-person",13,2,46.8
52,"web",8,10,7.4
31,"email",4,4,43.2
22,"email",2,6,13.6
61,"web",15,5,42.4
25,"web",0,10,15.4
77,"phone",0,1,71.7
78,"phone",1,6,55.3
26,"phone",5,10,22.9
39,"email",1,2,40.1
22,"email",1,1,34.1
41,"email",12,9,13.1
54,"email",12,2,44.9
80,"in-person",10,1,66.4
39,"in-person",14,3,47.9
74,"web",10,10,31.7
75,"phone",7,8,57.1
31,"web",2,10,18.2
26,"phone",8,1,46.7
58,"in-person",10,6,41.9
27,"email",14,2,50
37,"in-person",7,2,36.3
64,"in-person",15,10,36
56,"phone",1,7,45.3
35,"web",9,10,19.1
20,"web",9,3,33.3
70,"phone",0,5,52.5
21,"in-person",4,10,24.3
70,"in-person",14,10,30.7
51,"email",5,6,19.5
76,"email",8,3,54.2
58,"phone",10,4,49.1
41,"phone",13,1,43.9
48,"in-person",11,4,31.7
58,"email",6,1,52.1
58,"phone",15,5,58.7
67,"phone",13,6,57.1
72,"in-person",7,8,39.9
23,"email",6,1,25.9
35,"email",11,9,26
71,"in-person",2,7,51
59,"email",8,8,31.4
50,"web",1,7,22.8
64,"in-person",1,4,50
63,"in-person",2,9,35.8
74,"in-person",1,5,65.3
49,"phone",0,10,35.2
43,"web",10,9,36.6
78,"web",4,4,46.1
60,"phone",13,1,69.8
40,"email",15,9,18
47,"email",6,4,38.3
68,"web",2,8,40.3
57,"phone",9,3,64.2
24,"in-person",10,10,6.9
19,"phone",8,10,41.7
52,"phone",3,6,31.4
64,"email",7,7,27.9
30,"web",13,4,33.4
19,"web",1,2,25.1
21,"web",3,10,12.6
49,"in-person",15,3,49.9
61,"in-person",7,10,41.3
59,"in-person",13,2,51.7
56,"email",11,3,35.9
31,"email",15,6,30.6
30,"web",12,6,21.3
42,"email",14,1,45.9
44,"in-person",0,4,43.8
67,"web",4,5,56.1
23,"phone",11,9,27.1
55,"in-person",4,5,43
74,"web",5,1,65.1
21,"email",11,4,26.9
28,"web",13,3,36.6
28,"in-person",7,3,49.7
67,"email",0,6,31.9
60,"in-person",3,1,55.8
53,"web",2,9,31.6
24,"in-person",4,9,20.6
50,"web",15,3,38.8
32,"phone",8,9,33
26,"phone",4,4,46.3
52,"phone",7,1,60.9
76,"web",1,9,38.4
49,"web",7,10,26.2
42,"phone",12,9,34.3
35,"web",0,10,1
58,"web",10,2,37
59,"phone",11,5,52.6
28,"email",6,2,47.3
21,"in-person",4,2,41.7
19,"email",13,4,14.6
44,"phone",12,7,40.6
37,"phone",11,6,32.1
23,"in-person",14,9,28.1
70,"phone",10,2,54.6
38,"email",9,8,27.2
40,"web",0,3,53.3
20,"email",5,7,15.2
21,"in-person",1,9,29.4
50,"email",13,10,36.6
22,"email",6,5,21.3
64,"phone",8,5,65.2
25,"phone",4,10,31.7
44,"in-person",6,3,40.9
54,"in-person",8,9,27.4
60,"in-person",12,2,54.7
25,"email",11,6,27.7
65,"in-person",3,6,44.8
71,"phone",11,1,67.9
28,"in-person",11,8,30.4
66,"phone",4,10,34.9
45,"in-person",0,5,46.8
44,"web",10,10,34
37,"email",11,2,50.3
55,"in-person",11,8,37.7
62,"phone",5,9,50.7
79,"phone",3,3,52.9
79,"email",2,3,54.7
66,"phone",7,1,57.6
77,"in-person",8,1,51.4
54,"phone",4,6,46.8
18,"phone",9,7,33.7
46,"in-person",9,3,55.7
69,"phone",2,8,52.9
31,"web",7,9,23.3
24,"phone",14,10,26.2
77,"phone",8,1,63.1
38,"web",13,10,21.9
22,"phone",8,4,39.4
49,"web",8,4,29.2
28,"email",9,10,15.5
66,"in-person",9,1,52.4
35,"web",15,10,26.3
42,"web",13,10,23.6
29,"phone",1,5,43.2
24,"phone",1,4,40.3
41,"in-person",3,8,39.3
32,"in-person",9,4,42.8
58,"web",13,8,32.6
78,"in-person",5,4,62.7
36,"email",3,1,46.2
73,"web",1,6,52.3
76,"web",8,9,33.8
70,"in-person",9,4,57.7
27,"phone",15,1,52
79,"phone",9,5,57.2
73,"email",12,4,27.2
51,"email",1,4,47.1
21,"email",0,10,6.3
55,"in-person",7,4,47.9
69,"web",6,9,26.7
50,"in-person",10,9,25.7
27,"email",8,5,38
33,"phone",1,1,66.8
18,"in-person",5,9,15.2
61,"phone",11,3,65.5
40,"email",2,10,24.5
75,"email",7,8,43.3
43,"web",0,1,44.9
71,"email",8,3,47.1
66,"in-person",14,3,42.5
63,"web",4,9,38.9
62,"email",5,4,57.8
20,"email",4,3,23.3
18,"web",0,3,46.3
25,"in-person",4,1,46.2
41,"email",15,9,20.8
75,"in-person",13,8,46.3
44,"phone",3,1,65.8
67,"in-person",12,6,46.1
29,"in-person",7,5,33.4
58,"email",10,10,18.5
30,"email",2,1,37.7
26,"email",6,7,25.2
21,"web",6,1,24.7
23,"in-person",0,4,39
80,"web",7,9,48.9
71,"web",7,6,49.3
61,"in-person",13,1,60.8
26,"email",2,4,30.2
21,"email",10,2,19.9
51,"web",4,1,57.7
36,"email",7,3,41.2
51,"web",10,9,41.4
31,"phone",14,2,60.8
21,"in-person",3,8,38.8
29,"email",14,6,27.3
52,"web",6,1,52.1
21,"web",0,9,11.8
27,"email",15,7,12.6
64,"email",2,9,26.7
38,"web",13,2,27.6
51,"phone",11,8,50.3
22,"email",13,3,33.1
42,"web",6,10,24
65,"phone",8,9,48.4
63,"in-person",11,3,49.7
54,"email",3,3,39.1
39,"web",11,8,21.1
25,"phone",13,9,17.3
63,"email",9,2,64.7
76,"email",12,2,45.5
50,"phone",6,7,42.1
79,"in-person",7,4,56.7
33,"web",2,6,26.2
44,"email",7,10,23.8
70,"email",7,5,43.3
43,"in-person",12,4,49.4
79,"web",14,5,49.9
39,"web",11,3,28
27,"email",13,7,31.6
21,"in-person",9,3,27.1
42,"web",13,1,36.3
39,"in-person",14,1,58.6
74,"email",5,1,48.2
24,"in-person",0,7,36.5
52,"in-person",13,2,53.2
34,"in-person",1,1,46.7
54,"email",8,1,44
74,"web",12,8,43.6
21,"email",12,4,21.3
24,"web",8,4,28.4
42,"web",11,1,37.5
30,"web",11,4,21.7
76,"phone",0,3,76.7
65,"email",2,4,56.1
38,"web",6,1,40.3
32,"email",5,10,13
44,"web",7,2,39.7
72,"in-person",4,1,50
45,"in-person",9,3,54.9
18,"in-person",3,2,29.1
53,"phone",6,1,50.3
23,"phone",7,6,26
41,"email",3,7,33.2
66,"phone",2,10,47.2
43,"in-person",13,10,15.8
36,"email",13,1,38.9
20,"web",6,4,30.8
66,"email",7,6,56.8
47,"phone",3,8,43.4
58,"web",14,10,42
57,"web",12,5,33.6
20,"phone",1,3,52.8
59,"web",8,10,15.8
50,"web",9,7,34.6
58,"email",6,4,46.9
40,"web",5,1,36.5
70,"in-person",12,8,47.2
71,"web",11,9,37.6
74,"in-person",10,10,37.6
62,"web",6,9,41.5
59,"phone",13,6,44.6
38,"in-person",7,8,38.2
59,"in-person",1,3,46.8
39,"email",6,1,40.2
76,"web",10,2,61.5
43,"in-person",2,6,25.3
35,"in-person",11,6,38.5
31,"phone",8,10,42.7
21,"phone",1,5,26.3
48,"email",4,5,30.6
28,"email",3,8,18.7
26,"web",9,3,36.3
39,"email",3,6,30.9
39,"email",5,10,23.9
39,"in-person",14,10,26.7
59,"web",15,1,31.8
48,"email",12,8,13.4
69,"email",10,8,55.3
80,"in-person",0,8,38.3
28,"web",0,1,25
25,"phone",8,9,17.1
70,"web",11,1,57.6
78,"phone",2,4,56
41,"web",0,8,38.5
35,"phone",1,7,38.4
22,"email",6,8,25
35,"phone",12,1,45
76,"phone",5,4,61.1
25,"email",1,5,26.7
50,"in-person",12,10,12.7
57,"email",11,3,49.8
34,"email",9,8,29.8
31,"web",11,9,22
33,"web",7,4,28.2
44,"phone",5,8,37.1
67,"email",15,1,68.3
40,"in-person",10,10,4.2
79,"phone",1,2,85.5
76,"phone",14,4,69.6
79,"email",0,4,48.2
45,"phone",1,8,35.6
57,"web",15,4,36.6
46,"phone",10,8,31.6
67,"phone",8,2,66.4
79,"in-person",4,1,62.9
22,"in-person",8,3,37.1
75,"email",14,4,38.2
22,"email",11,8,26.2
70,"email",4,3,44
56,"phone",4,8,47.5
80,"email",8,8,31.1
66,"web",15,9,21.9
61,"email",1,4,54.8
75,"web",13,6,59.7
28,"in-person",10,5,37.8
35,"web",6,4,41.7
80,"email",0,1,70.3
30,"web",3,2,48.4
57,"web",5,8,28.6
37,"email",12,7,18.6
57,"email",12,2,40.2
45,"in-person",11,3,38.2
65,"web",6,8,24.3
29,"phone",10,3,60.3
42,"email",3,4,32.8
56,"web",12,5,56.7
53,"phone",3,8,40.9
64,"web",0,3,47.8
74,"email",14,10,30.2
55,"web",1,4,42.3
40,"phone",15,6,33.2
57,"phone",9,7,47.2
63,"email",3,2,47.5
35,"email",6,5,38.4
50,"in-person",0,4,44.8
59,"phone",2,7,37.4
33,"web",9,5,28.6
73,"web",15,3,58.2
48,"email",13,1,53.9
72,"web",4,8,43.5
67,"web",13,9,41.5
47,"phone",6,9,49.2
55,"email",2,9,41.4
31,"phone",3,10,22.8
51,"in-person",0,1,55.3
72,"phone",1,10,34.6
32,"in-person",9,3,42.9
64,"in-person",14,5,57.9
76,"in-person",3,10,44.8
40,"web",2,4,40.5
49,"in-person",7,1,63.8
65,"web",13,3,40.4
31,"web",6,1,36.2
34,"in-person",11,9,40.3
79,"email",14,9,43.2
25,"web",3,10,23.5
47,"email",5,3,45.7
80,"in-person",1,10,47.3
36,"in-person",0,6,33.1
29,"email",12,4,16.5
67,"web",3,10,23.9
62,"email",7,7,31.4
53,"phone",6,1,46
52,"web",12,7,40.7
20,"email",13,7,23.9
45,"in-person",7,9,38.9
24,"in-person",5,5,30.3
52,"in-person",10,6,55.9
60,"phone",12,5,37.1
33,"email",5,7,12.5
67,"phone",6,3,81.3
70,"in-person",2,9,42.3
32,"phone",9,10,26.2
31,"web",15,1,31.7
44,"phone",0,8,42.7
23,"in-person",9,5,39.9
39,"email",8,10,20.1
57,"email",1,9,30
58,"in-person",1,7,44.2
72,"phone",5,5,67.1
65,"email",5,5,32.6
65,"web",1,8,42.4
77,"web",1,2,57.5
77,"web",11,8,48.3
28,"email",5,7,10.6
28,"web",9,9,22.7
80,"in-person",11,2,80.3
44,"phone",2,7,39.6
22,"phone",13,9,21.7
38,"phone",8,2,36.7
73,"in-person",1,6,52.2
31,"web",12,4,35.2
45,"email",10,1,39.5
67,"web",0,5,31.6
61,"email",13,3,36.4
66,"in-person",1,9,31.5
26,"email",7,3,32.7
42,"web",0,8,18.8
61,"web",7,2,40.5
61,"phone",10,2,47.2
77,"phone",6,9,52.3
35,"phone",7,8,32.1
75,"in-person",6,7,48
50,"email",8,8,33.5
39,"web",12,2,36.5
70,"email",1,7,42.3
45,"email",12,3,42.3
35,"phone",5,6,34.5
30,"in-person",1,2,44.4
57,"web",4,2,46
77,"web",14,10,31.6
63,"phone",9,10,41.3
38,"phone",8,2,60.5
32,"in-person",2,8,29.1
23,"web",5,5,34.6
68,"in-person",9,2,57.7
36,"in-person",5,10,27.6
42,"phone",6,4,52.7
54,"web",2,9,35.3
58,"phone",15,7,29.4
51,"phone",13,2,68.9
50,"web",6,4,41
75,"email",4,7,36.6
26,"web",7,5,38.4
53,"phone",8,10,38.5
18,"email",6,7,9.5
57,"web",5,1,49.9
32,"email",3,7,40.5
61,"web",12,3,23.3
74,"web",5,4,59.4
61,"phone",14,3,49.3
32,"in-person",9,7,25.8
77,"phone",4,8,52.6
45,"web",5,3,36.7
49,"email",14,4,42
69,"in-person",15,6,42.8
34,"email",10,3,41
31,"email",8,5,32.4
20,"in-person",4,2,46.5
37,"email",12,3,49.5
55,"web",3,10,33.6
67,"in-person",5,4,57.8
30,"phone",15,4,48.8
46,"phone",7,7,38.5
55,"email",5,7,28
53,"in-person",5,7,32
28,"phone",7,2,48.5
59,"web",2,7,42.7
33,"in-person",13,2,39.7
70,"phone",9,7,43.7
39,"phone",8,7,41.4
36,"in-person",12,1,62
77,"in-person",5,1,60.7
32,"web",14,3,32.6
77,"phone",14,9,50.6
39,"phone",4,5,40.5
69,"web",1,7,40.7
55,"phone",6,9,47.1
28,"web",1,9,25.2
61,"email",2,7,29.4
66,"email",5,9,30.5
61,"email",1,2,43.9
22,"email",5,10,22
53,"web",3,3,43.9
72,"phone",5,3,53.1
71,"email",9,6,58.6
48,"in-person",2,8,30.9
80,"phone",4,1,75.7
72,"web",6,6,33.7
39,"email",8,3,28.1
23,"email",3,8,18
72,"in-person",7,3,67.5
22,"in-person",15,3,37.6
20,"in-person",15,3,25.1
34,"in-person",14,4,33.5
63,"email",8,2,56.7
58,"email",2,6,28.6
32,"email",3,4,33.1
35,"email",7,6,26.5
45,"in-person",15,4,21.6
28,"in-person",4,4,35
77,"email",13,10,48.1
46,"in-person",12,10,29
73,"email",6,1,60.6
63,"web",2,9,32.5
47,"web",10,1,52.1
64,"in-person",12,1,59.8
18,"phone",0,2,49.3
40,"phone",0,3,49.2
36,"in-person",12,6,44
41,"web",4,4,46.2
43,"email",14,5,62
63,"phone",6,8,42
63,"in-person",1,10,30.7
58,"in-person",10,1,39.5
55,"in-person",2,7,36.2
21,"in-person",15,4,34.3
60,"email",14,4,53.9
64,"email",8,8,33.6
76,"email",1,6,35
19,"phone",15,10,24.3
28,"web",12,5,38.4
36,"in-person",7,6,44.2
44,"email",3,4,16.9
27,"in-person",1,8,18
48,"email",1,6,25
77,"email",2,2,73.1
28,"web",6,5,27.2
23,"in-person",3,6,32.1
27,"web",3,1,41.3
32,"phone",4,7,37
71,"email",11,4,47.5
79,"phone",7,8,61.8
55,"email",0,3,31.3
68,"phone",11,8,52.6
77,"web",5,7,55.2
72,"phone",9,5,51.9
53,"web",4,9,22.4
59,"phone",14,4,49.8
37,"phone",3,1,48.3
78,"in-person",15,10,50.7
42,"email",11,3,41
72,"phone",5,4,63
37,"in-person",13,5,39.9
42,"web",5,8,25.1
35,"web",12,3,40.2
59,"phone",1,4,53.3
27,"in-person",6,3,43.4
21,"email",12,8,16.1
43,"email",11,3,36.9
51,"web",0,1,56.1
79,"web",4,6,41.7
41,"in-person",9,7,37.1
68,"phone",4,6,48.7
41,"phone",12,10,31.5
32,"phone",10,1,48.4
20,"web",2,7,25.2
64,"in-person",9,2,75
22,"email",4,6,27.7
18,"email",11,9,1
53,"email",2,3,47.2
63,"email",15,3,45.2
30,"web",0,6,18.3
61,"email",0,10,28.8
29,"phone",1,7,40.5
39,"web",15,10,17.3
72,"web",5,5,51.6
67,"in-person",3,1,65.3
64,"email",7,5,61.1
61,"email",2,3,51.7
26,"web",0,3,30.1
18,"web",10,1,39.5
24,"in-person",15,7,30.5
46,"web",13,4,35.3
35,"in-person",3,7,35.1
78,"in-person",9,6,37
20,"email",13,2,33.6
44,"in-person",11,5,46.5
48,"web",14,8,37
57,"email",7,9,24.3
36,"in-person",13,3,42
62,"web",5,4,52.9
36,"in-person",5,7,40.9
54,"email",13,8,27.4
62,"email",2,5,37.2
22,"web",11,1,48
75,"phone",10,4,63.9
38,"email",4,3,35.8
35,"phone",10,10,39.7
26,"phone",4,1,57.6
24,"in-person",7,3,35.8
67,"web",5,1,47.5
68,"email",7,3,49.9
28,"in-person",6,1,48.8
73,"phone",3,9,50.3
66,"in-person",1,10,39
25,"in-person",14,9,13.2
67,"web",5,8,35.6
69,"web",3,5,32.5
73,"phone",13,4,55.9
68,"phone",3,1,69.1
75,"web",9,8,40.4
44,"phone",0,9,57.6
43,"web",4,5,26.5
25,"phone",7,7,37.5
30,"email",14,2,53.9
56,"email",6,9,12.3
50,"in-person",14,2,58.3
26,"email",7,5,24.5
37,"phone",12,6,48.4
76,"web",8,10,34.4
54,"web",14,1,39.6
41,"in-person",3,2,44.6
23,"phone",5,8,45.6
54,"web",2,2,44
30,"in-person",7,2,46
63,"email",2,1,62.5
46,"email",11,2,57.9
72,"email",1,9,49.5
49,"phone",12,10,35.5
25,"email",6,2,39.6
77,"web",9,6,38.2
78,"phone",9,5,75
30,"web",12,6,14.5
54,"web",14,6,37.2
68,"phone",5,2,75.4
59,"in-person",15,10,31.9
80,"phone",10,4,64.9
49,"web",2,10,11.1
74,"phone",7,5,44.3
33,"phone",10,2,59.6
55,"web",4,6,37.7
20,"in-person",6,10,25.1
55,"email",9,2,43.6
54,"in-person",11,7,43.3
39,"web",6,2,36.9
25,"email",3,6,35.1
42,"web",5,2,38.8
66,"web",15,10,26.1
76,"phone",15,9,44.9
43,"web",1,8,19.8
21,"web",2,2,24.6
43,"in-person",13,10,25
37,"phone",13,5,31.8
54,"in-person",0,6,40.5
43,"in-person",1,6,37.8
74,"in-person",12,7,47.6
66,"email",8,4,49.6
80,"phone",5,10,43.9
52,"phone",10,2,57.6
47,"web",8,7,36.8
49,"web",10,9,25
48,"in-person",6,5,43.4
25,"email",15,8,25.7
42,"email",10,5,26.6
61,"web",3,3,50.9
20,"phone",9,8,21.6
21,"email",13,4,33.6
35,"email",11,3,23.7
45,"web",2,6,36.3
39,"web",1,10,18.8
56,"phone",15,8,20.6
41,"email",10,7,26.3
79,"in-person",0,5,61.3
66,"in-person",3,3,51
76,"email",0,3,48.8
55,"phone",4,6,49.3
28,"phone",6,8,37.6
43,"web",4,9,30.4
57,"email",12,5,36
44,"web",4,4,30.9
29,"in-person",14,7,44.9
53,"email",0,10,27.2
52,"email",12,5,23.7
29,"phone",9,7,32.9
34,"email",1,4,42.1
39,"in-person",9,8,27.3
78,"email",9,8,35.6
80,"in-person",15,9,56.7
47,"phone",12,10,39
25,"web",14,10,14.5
69,"phone",13,10,49.2
79,"in-person",5,5,60.7
71,"in-person",5,5,62.8
19,"phone",7,6,26.7
77,"web",11,4,57
20,"in-person",8,7,24.8
34,"web",7,8,18.2
35,"web",6,9,29.8
56,"in-person",10,1,62.7
32,"phone",1,4,39.2
61,"web",15,7,34.3
62,"email",11,9,39.8
50,"in-person",2,3,51.5
69,"web",15,7,33.3
34,"phone",13,6,28.9
63,"phone",2,6,40.1
53,"email",14,9,34.6
32,"email",5,7,33.2
50,"phone",12,2,56.6
75,"email",10,1,46.8
21,"in-person",4,1,35.5
24,"in-person",5,7,32.1
62,"web",6,9,27.8
61,"phone",4,6,58.5
62,"phone",8,9,33.9
27,"web",3,2,39.3
49,"phone",8,2,59.7
77,"web",4,3,46.9
42,"phone",13,4,44.2
47,"phone",13,7,50.1
54,"web",6,3,45.5
54,"web",6,9,27
27,"in-person",10,1,48.5
34,"email",12,4,23.8
39,"email",9,2,34.2
55,"email",4,8,32.5
36,"phone",10,5,42.6
50,"in-person",1,4,54.6
52,"web",14,2,48.4
20,"phone",5,3,52.8
75,"phone",5,10,51.4
57,"email",11,8,33.3
75,"phone",15,10,57.4
19,"in-person",9,8,13.8
80,"email",0,8,39.3
68,"in-person",4,6,63.5
25,"email",11,1,34.2
65,"email",10,6,25.4
63,"phone",2,4,50.5
73,"in-person",9,2,68.8
56,"email",8,7,30.1
63,"in-person",6,5,45.3
19,"in-person",9,2,48.7
48,"web",5,6,40.4
42,"web",2,1,41.4
36,"in-person",5,5,42.4
80,"in-person",14,9,40.5
35,"phone",4,2,43.9
36,"email",0,9,18.6
65,"in-person",4,10,33.9
59,"in-person",12,1,57.9
79,"email",4,7,46.1
73,"web",11,10,37.7
29,"phone",13,7,38.3
55,"phone",5,10,20.5
49,"in-person",0,2,40.6
53,"email",12,6,25.2
64,"email",13,9,45.6
67,"in-person",12,7,53
73,"phone",15,6,60
72,"in-person",2,2,51.1
58,"phone",7,7,45.7
57,"in-person",3,2,54.9
72,"in-person",13,5,34.3
77,"email",7,7,39.8
78,"phone",13,1,74.4
54,"phone",15,2,47.6
26,"in-person",11,6,34.2
63,"web",15,3,54.8
43,"web",8,3,28.8
43,"web",14,10,21.6
44,"web",2,5,42.5
28,"in-person",12,10,39.4
54,"phone",2,4,43.1
50,"web",7,3,44.4
79,"in-person",8,9,45.5
30,"web",2,2,36.8
69,"in-person",9,9,39.9
27,"email",4,10,1
53,"email",12,6,43.4
43,"in-person",6,4,46
20,"in-person",14,3,20.2
33,"web",8,5,32.8
41,"phone",11,4,45.4
57,"email",0,10,39.1
30,"web",12,1,16.7
66,"email",2,7,45.6
46,"phone",7,3,58.5
59,"phone",0,6,34.6
37,"in-person",7,3,23.2
40,"in-person",12,2,39.2
22,"in-person",0,2,25.9
25,"email",8,9,5.9
20,"web",3,6,20.2
26,"in-person",8,2,53.5
26,"in-person",1,5,34.9
41,"in-person",0,9,27.8
73,"email",4,7,37.4
28,"email",11,5,22.4
63,"in-person",11,8,48.5
24,"email",4,8,13.4
26,"phone",9,4,41.3
63,"in-person",13,10,26.6
38,"web",7,5,40.8
66,"in-person",2,2,60.4
67,"web",7,3,65.2
63,"phone",14,1,67.4
38,"web",13,7,25.7
52,"web",15,8,33.5
36,"in-person",12,5,44.8
31,"in-person",1,9,22.8
67,"web",11,1,52.2
45,"web",0,2,43.7
47,"phone",4,4,46.7
24,"email",12,4,27.6
28,"email",11,5,26.6
57,"phone",10,3,50.3
64,"email",3,10,22.2
79,"web",9,8,61.2
73,"email",1,1,58.6
61,"email",12,1,45.2
53,"web",2,8,25.6
67,"in-person",15,1,59
69,"in-person",14,7,43.1
25,"web",13,10,15.9
26,"in-person",2,6,43.2
63,"web",3,2,57.5
68,"in-person",13,8,43.3
57,"email",7,1,46.1
79,"in-person",15,1,75.8
62,"phone",7,10,32.9
44,"email",1,10,26.1
61,"web",6,5,38.2
28,"in-person",7,6,29.2
72,"web",10,1,57.2
21,"in-person",4,8,26.2
79,"email",15,5,54.9
27,"email",11,8,25.3
38,"phone",2,9,43.2
63,"web",2,10,23.6
42,"web",0,9,30
30,"in-person",3,10,24.8
80,"email",5,6,49
63,"phone",0,5,48.9
66,"phone",13,2,59.4
67,"web",15,9,32
41,"email",11,7,34.3
78,"phone",5,10,55.3
51,"email",8,7,31.6
23,"phone",3,5,30.5
30,"web",15,5,25.6
31,"web",13,6,28.5
77,"web",14,9,24.2
58,"phone",12,9,60.6
68,"web",10,8,26.3
37,"in-person",1,4,46.4
34,"in-person",4,3,35.6
41,"email",2,9,25.9
63,"web",11,6,42.1
75,"phone",10,8,67.2
39,"email",5,9,23.9
69,"web",9,8,39.7
66,"web",3,4,49.5
79,"web",7,8,49.9
70,"web",1,9,26
71,"web",4,10,40.4
67,"in-person",5,10,36.6
59,"web",12,9,15.6
78,"phone",7,2,76.1
56,"in-person",13,10,29.1
30,"in-person",7,7,39.1
19,"email",7,5,21.4
72,"email",3,7,36.1
65,"email",0,4,44.4
57,"phone",7,4,34.3
63,"in-person",15,9,39.1
32,"in-person",12,9,17.9
31,"web",10,5,26.2
55,"in-person",3,9,31
49,"phone",4,6,33.3
49,"phone",15,6,45.7
21,"phone",7,2,44.2
47,"web",0,10,22.6
44,"email",0,5,31.8
78,"web",2,1,53
35,"web",0,3,21.4
59,"email",13,8,31.7
61,"web",8,2,49.3
77,"in-person",10,2,65.7
68,"in-person",11,9,22.8
65,"in-person",6,6,51.8
41,"phone",6,10,43.2
57,"in-person",3,9,50.7
42,"email",10,9,24.9
50,"in-person",5,5,25.3
55,"phone",11,10,20.9
56,"phone",10,6,60.1
53,"web",14,6,38.1
50,"web",14,1,40.5
52,"in-person",5,10,31.7
25,"in-person",2,7,27
37,"phone",14,3,50.1
25,"email",12,4,27.3
32,"web",0,4,33.7
49,"phone",10,3,58.7
73,"web",12,10,42.6
41,"phone",11,8,34.6
53,"in-person",4,10,18.2
31,"in-person",5,1,54.8
73,"web",1,6,38
79,"phone",2,6,47.9
67,"in-person",2,9,32.2
31,"email",8,9,12
22,"in-person",10,8,27.1
66,"in-person",0,9,37.8
23,"in-person",4,3,25.6
75,"web",9,9,39.5
79,"web",5,2,79.6
45,"email",0,5,29.6
33,"email",3,3,29.4
22,"web",5,2,21.5
21,"phone",8,9,21.7
24,"email",11,9,22.7
76,"email",0,8,45.6
59,"web",13,4,55.4
20,"email",2,3,30.9
60,"web",1,3,56.4
39,"in-person",1,3,36.6
50,"in-person",7,6,46.6
31,"email",10,6,26.8
25,"in-person",1,10,14.6
40,"phone",0,2,51.7
68,"email",7,4,44.2
31,"web",8,6,28.1
76,"in-person",11,4,58.4
55,"web",9,5,47.3
53,"phone",6,8,36.3
19,"in-person",6,9,21.5
48,"web",10,3,39.1
29,"email",3,8,20.2
62,"web",15,2,65.3
76,"web",12,1,58.4
54,"email",9,3,33.4
50,"in-person",13,5,46.1
68,"email",3,4,49.5
77,"email",8,8,33.1
41,"in-person",9,8,33.8
43,"web",14,6,39
41,"phone",7,6,42.2
61,"web",2,4,54.6
51,"web",4,10,20.9
28,"web",4,3,41.8
18,"web",4,8,17
74,"email",9,1,69.3
72,"email",2,8,47.1
47,"phone",4,7,59.6
62,"email",3,8,31.3
69,"phone",15,5,51.8
21,"in-person",11,3,25.9
23,"phone",2,4,33.8
42,"email",0,1,57.9
40,"phone",8,3,49.1
47,"phone",5,3,64.2
32,"phone",2,7,24
41,"web",1,1,51.8
19,"in-person",1,10,30.9
25,"web",2,10,34
46,"email",11,6,36.2
50,"web",13,3,36
29,"web",4,1,33.3
40,"email",12,1,36.2
53,"email",8,9,37.2
71,"email",13,4,48.1
79,"email",12,8,41.3
55,"phone",1,4,58.3
76,"in-person",9,2,51.8
29,"web",6,1,47.1
80,"web",14,8,40.7
42,"web",13,4,47.1
39,"email",12,9,19.7
45,"in-person",4,2,65.7
38,"in-person",14,8,33.9
35,"phone",0,9,35.8
78,"web",10,4,35
28,"in-person",13,5,44.2
27,"email",15,8,14.5
44,"in-person",11,2,62.8
37,"email",5,3,52.4
52,"email",14,10,24.3
65,"phone",0,10,38.7
76,"phone",9,6,51
45,"in-person",3,9,34
46,"phone",2,5,59.1
29,"web",2,1,31.8
67,"email",1,6,54.7
36,"in-person",3,2,42.6
47,"in-person",1,2,42.1
38,"web",12,5,30
69,"web",14,5,39.8
24,"phone",8,9,20.5
38,"in-person",6,8,25
53,"web",6,3,42.2
69,"in-person",7,4,50.7
72,"web",5,1,48.1
23,"phone",13,4,40.1
43,"email",4,4,32.9
70,"web",14,5,40.6
58,"email",1,6,48.4
66,"web",5,9,21
21,"web",11,2,26.1
66,"phone",9,10,49
47,"email",10,2,39.3
67,"phone",3,10,47
46,"web",10,8,25
49,"email",1,9,28.9
69,"email",4,8,34.6
33,"phone",2,8,25.7
19,"email",9,8,28.6
57,"email",11,8,25
20,"phone",2,8,31.6
65,"web",3,2,57.9
69,"web",0,9,47.8
49,"email",4,2,35.6
47,"phone",11,7,42.8
79,"email",4,10,50.9
41,"phone",2,3,45.1
59,"email",0,2,55.2
76,"web",6,6,59.5
71,"phone",2,1,64.2
31,"web",3,5,30.2
63,"phone",7,10,28.4
41,"in-person",11,2,46.1
35,"web",11,2,43.9
57,"email",12,7,27.4
49,"web",0,9,13.9
39,"email",11,3,38.2
66,"in-person",9,1,67.7
25,"email",13,2,38.9
30,"web",3,8,18.7
34,"email",4,3,23.1
44,"in-person",0,5,57.3
48,"phone",4,9,36.4
19,"email",4,6,21.8
43,"email",10,7,37.3
56,"web",2,10,30.9
58,"phone",2,2,65.9
50,"phone",1,9,48.7
46,"phone",7,1,58.8
59,"email",7,3,44.1
56,"in-person",2,1,45.6
57,"phone",8,8,61.1
60,"phone",3,8,50.1
76,"web",1,8,45.4
30,"web",1,8,24.7
75,"email",7,3,48.8
65,"email",15,6,41.6
34,"phone",2,4,49.8
71,"email",2,9,28
25,"in-person",1,5,46.4
47,"email",9,4,42.7
51,"in-person",9,6,31.8
21,"phone",9,4,39.1
43,"phone",6,10,40.8
57,"web",0,4,45.5
47,"web",7,2,50.2
68,"email",8,5,41.6
33,"email",7,1,32.3
64,"phone",6,3,54.4
68,"web",9,2,51.1
71,"web",4,8,37.5
38,"web",13,5,27.6
34,"web",15,6,24.8
51,"web",10,5,47.6
26,"phone",5,7,34.5
56,"web",14,4,27
21,"phone",3,10,40.7
68,"in-person",1,1,64.4
55,"web",1,6,46.4
77,"in-person",8,2,65.7
54,"email",9,10,22.1
55,"web",4,6,47.3
73,"in-person",5,7,33.8
54,"phone",4,8,35.1
65,"web",9,5,49
62,"email",8,10,38.3
45,"web",15,5,21.4
58,"email",5,9,30.4
53,"web",10,7,32.2
68,"web",1,4,45.5
46,"web",0,6,17
22,"in-person",11,9,18.6
22,"web",2,7,7
73,"email",15,3,50.6
76,"email",5,4,46.3
58,"phone",9,8,53.2
80,"phone",9,8,45.8
35,"phone",3,3,46.2
18,"web",6,10,6.5
67,"web",4,2,55.6
73,"in-person",0,6,59.4
69,"email",7,4,50
46,"phone",14,6,54.1
78,"in-person",4,2,60.8
59,"in-person",15,1,52.3
40,"in-person",9,4,49.2
23,"in-person",5,9,27.4
20,"phone",5,9,23.5
44,"web",12,5,46.5
19,"web",5,2,30
22,"phone",2,4,40.5
25,"phone",10,8,30.7
20,"web",13,4,24.6
26,"web",11,9,12.8
78,"in-person",8,10,48.1
65,"phone",12,3,61.3
77,"web",7,8,41.5
22,"phone",7,9,37.9
36,"phone",4,9,36.5
54,"in-person",15,10,31.5
77,"web",8,5,45.1
66,"in-person",10,9,50.5
77,"phone",4,5,71.6
53,"email",11,4,53.3
44,"phone",4,4,35.9
46,"web",4,9,30.5
78,"web",13,5,48
63,"in-person",6,8,48.9
47,"web",11,1,44.7
71,"email",2,6,40.5
69,"email",8,8,42.8
60,"in-person",5,3,56.8
52,"email",3,8,29.9
69,"in-person",2,9,32.6
24,"in-person",7,6,33
68,"in-person",15,2,38
80,"in-person",13,10,57.2
76,"phone",1,3,69
64,"in-person",4,2,70.5
41,"phone",11,7,35.3
59,"email",6,8,20
31,"in-person",10,3,38.8
67,"web",5,7,31.6
65,"web",14,4,43.1
74,"phone",10,3,47.8
76,"email",9,5,40.5
36,"email",6,2,42.6
23,"email",8,8,23.3
60,"phone",10,8,38.5
28,"email",14,8,27.6
79,"in-person",13,5,64.8
42,"email",4,10,44.5
66,"in-person",12,10,46
71,"web",8,9,35.4
48,"email",15,3,36.5
63,"in-person",1,10,37
48,"email",14,7,24.8
29,"phone",1,8,24.6
80,"phone",1,1,56.5
40,"web",7,1,45.5
35,"web",14,3,29.8
47,"email",1,6,28.4
18,"email",9,4,17.9
37,"email",3,6,23.8
46,"web",13,3,36.5
64,"in-person",5,8,43.4
20,"web",11,9,16.4
52,"email",13,4,43.8
55,"in-person",12,7,47.4
67,"phone",0,9,47.2
65,"phone",12,8,59.3
56,"in-person",5,1,51.9
72,"phone",6,9,45.7
35,"in-person",15,4,28
19,"in-person",0,3,39.5
63,"in-person",1,7,48.3
46,"in-person",4,8,31.5
28,"in-person",5,6,26.1
79,"in-person",1,7,39.7
63,"email",3,6,35
59,"web",5,1,23
60,"email",6,9,41.5
25,"email",14,10,12.9
64,"in-person",1,9,47
20,"in-person",2,2,42.3
30,"email",2,8,30.9
42,"web",6,3,46.8
75,"email",0,5,47.9
43,"phone",9,9,34.5
26,"email",7,10,12.7
45,"web",13,6,40.2
23,"email",13,1,42
70,"web",0,4,52
55,"email",9,1,50.7
58,"in-person",6,10,29.4
72,"email",15,10,25.1
68,"phone",11,8,47.4
70,"in-person",8,9,58.3
38,"email",5,1,52.8
75,"in-person",13,5,45.9
44,"phone",13,7,30.3
74,"web",6,5,39
62,"in-person",1,4,35.3
41,"phone",12,3,48.5
58,"in-person",7,3,57.2
72,"in-person",4,7,37.4
19,"in-person",4,7,26.2
26,"web",10,6,33.8
47,"in-person",0,2,44.3
51,"phone",4,10,37.4
62,"email",13,1,63.8
48,"web",1,5,26.2
26,"in-person",6,8,25
62,"web",6,5,45.6
44,"email",2,4,41.2
61,"in-person",12,5,55.4
73,"phone",9,2,70.8
21,"phone",15,6,43.5
58,"in-person",6,8,34.8
71,"web",6,2,65.4
39,"in-person",7,7,34.9
36,"phone",4,8,48.2
32,"web",12,5,41.1
58,"phone",3,5,57.8
32,"email",4,7,31.1
48,"email",0,4,47.8
80,"in-person",12,4,55.6
33,"web",3,6,18.2
65,"email",9,3,37.8
48,"in-person",8,8,39
58,"in-person",7,6,51
35,"in-person",15,3,48.6
45,"web",3,9,29.7
74,"phone",14,9,51
48,"phone",11,3,56.4
48,"email",8,3,30.8
24,"in-person",6,2,31
29,"in-person",11,2,41.3
44,"web",10,6,20.8
58,"email",14,1,56.6
30,"email",9,3,36.3
34,"email",2,6,32.7
19,"phone",1,10,21.2
24,"web",7,3,19.1
47,"in-person",15,1,44.1
78,"email",13,10,32.8
63,"web",11,9,39.6
76,"in-person",5,5,59.8
65,"email",0,2,49
30,"in-person",2,5,42.1
46,"in-person",2,3,36.8
58,"web",11,7,33.6
25,"web",4,1,37.2
62,"email",8,2,44.5
38,"in-person",6,3,42.9
32,"phone",15,2,39.8
63,"web",15,2,50.5
44,"phone",7,1,59.1
73,"email",6,1,66.9
42,"web",0,10,21.6
34,"in-person",4,2,34.5
70,"phone",1,3,75
50,"in-person",14,8,44.2
20,"phone",14,7,38.4
25,"in-person",4,10,15.9
20,"web",6,5,21.8
57,"email",11,5,23.3
67,"email",10,5,42.8
44,"web",11,8,26.7
18,"phone",9,2,40.9
36,"in-person",11,7,36.6
46,"in-person",8,5,48
40,"email",1,1,33.2
20,"phone",10,8,16
77,"phone",11,9,54.2
48,"email",7,8,23.6
62,"in-person",12,5,50.6
41,"email",11,2,33.3
28,"in-person",10,6,22.3
70,"web",14,5,50.1
70,"phone",8,8,38.8
51,"web",14,9,16.7
59,"web",8,9,23.3
58,"in-person",3,4,37.9
51,"phone",7,1,58.1
74,"phone",10,5,56
58,"web",2,3,50.5
37,"web",12,6,26.9
70,"in-person",5,3,55.9
29,"email",4,9,16.3
46,"email",0,9,24.2
22,"email",2,1,43.3
56,"email",0,10,34.9
54,"web",6,9,29.3
40,"web",11,1,49
45,"phone",9,1,55.1
56,"email",4,1,55.7
44,"email",11,3,33.2
22,"in-person",3,2,25.1
55,"email",9,1,57.2
25,"in-person",8,3,39.8
39,"in-person",10,5,44.1
36,"web",0,3,34.5
23,"in-person",10,9,22.2
27,"email",6,9,15.5
60,"email",7,9,33.6
25,"phone",12,2,43.4
63,"web",2,8,48.7
79,"in-person",7,4,60.4
43,"in-person",0,6,38.5
54,"phone",6,2,72.2
56,"email",12,8,40.9
68,"in-person",10,3,48.7
62,"in-person",10,5,46.6
59,"phone",10,2,65
25,"web",0,5,27.8
74,"phone",4,5,44.5
32,"phone",5,9,24.5
18,"email",7,10,8.8
35,"phone",4,7,35.6
20,"in-person",15,7,31.4
50,"in-person",2,10,35.6
38,"phone",12,10,19.3
41,"in-person",2,6,42
21,"email",10,3,45.3
30,"email",14,3,51.3
38,"in-person",12,3,45.5
18,"in-person",5,5,30.7
71,"web",1,6,46.5
21,"phone",10,1,47.7
57,"in-person",8,4,50.3
38,"web",14,2,38.9
57,"phone",7,4,54.1
80,"in-person",10,1,69
56,"email",2,6,43
41,"phone",15,9,37.3
77,"in-person",0,1,62.3
21,"in-person",11,5,44.9
27,"email",13,8,21.5
49,"in-person",15,6,36.1
72,"phone",1,5,53.1
45,"phone",15,4,67.1
22,"phone",2,7,27.5
72,"in-person",9,7,32.2
26,"in-person",8,2,54.8
39,"in-person",10,5,38.5
55,"in-person",0,6,38.1
48,"phone",1,7,48.4
45,"web",5,1,55.3
53,"in-person",4,2,71.5
24,"phone",9,7,34.1
53,"web",11,10,29.9
40,"in-person",11,5,31.2
60,"in-person",7,4,37.6
35,"phone",10,10,24
21,"phone",13,2,37.4
18,"in-person",14,5,31.2
23,"web",5,2,29.9
58,"web",9,5,45
40,"in-person",2,10,33.7
52,"phone",5,2,57.7
26,"web",0,9,10.7
39,"email",13,6,29.7
26,"phone",8,8,46
32,"in-person",3,3,37.2
73,"email",12,6,38.9
27,"web",1,7,19.3
69,"phone",4,9,50.1
39,"email",3,6,22.5
23,"web",8,3,48.7
61,"web",5,1,60.6
73,"web",3,3,42
68,"in-person",3,2,53.7
24,"in-person",2,3,39.2
67,"phone",13,4,54
22,"phone",12,4,37.5
71,"web",11,10,35.2
27,"web",13,6,41.2
24,"phone",1,1,53.6
78,"in-person",8,2,70.5
75,"phone",11,8,55.5
71,"web",14,4,63
73,"web",3,9,51.3
53,"in-person",9,1,53.3
29,"web",7,10,26
31,"email",4,3,30.8
53,"in-person",12,7,46.6
44,"phone",14,4,50.3
34,"phone",8,5,27.1
58,"in-person",6,1,44.6
24,"in-person",11,3,22.7
18,"web",13,1,52.3
46,"phone",10,8,46.2
70,"web",7,1,56
35,"in-person",13,5,41.9
48,"email",14,4,49.6
22,"email",6,10,11.2
21,"in-person",11,6,29.5
45,"email",6,4,31.9
33,"web",15,6,29.7
32,"phone",15,2,56
39,"phone",11,7,24.3
56,"in-person",9,9,39.2
40,"phone",8,7,49.7
21,"email",13,5,42.9
37,"email",6,3,31.6
30,"email",13,10,13.2
80,"phone",13,8,58.8
23,"phone",9,7,26.4
51,"email",2,7,23.3
35,"email",9,5,26
66,"phone",4,9,55.5
56,"web",5,3,54
58,"phone",9,10,43.7
51,"in-person",11,4,40.6
67,"email",8,2,52.7
51,"phone",1,7,36.5
40,"in-person",14,9,42
43,"web",4,9,20.7
20,"web",6,10,6.8
45,"email",10,2,60
62,"phone",1,9,36.5
50,"email",12,8,35.2
79,"email",8,2,61.1
34,"phone",10,1,48.6
50,"web",13,2,39
21,"in-person",1,3,22.9
22,"web",4,5,27.8
72,"email",0,7,40.2
55,"web",3,5,52.3
53,"web",1,3,42.7
45,"web",5,7,44.4
57,"web",7,3,37
76,"web",15,4,46.3
74,"web",4,9,32.2
22,"email",6,9,18.8
30,"web",0,2,38.3
56,"email",7,9,29.3
52,"in-person",0,3,52
48,"phone",5,9,22.8
25,"phone",0,1,34.8
71,"email",3,8,56.5
37,"in-person",9,2,43.6
19,"in-person",13,7,21.5
44,"web",8,3,42.3
18,"in-person",13,10,22.9
72,"web",10,4,49.4
22,"web",10,10,3.6
19,"email",14,6,24.3
34,"web",9,6,40.9
77,"phone",15,5,53.7
22,"in-person",11,2,42.4
61,"email",1,9,38.4
31,"phone",0,1,63.6
57,"email",4,10,17.7
69,"in-person",12,3,57.6
26,"email",2,1,24.1
20,"phone",5,4,42.9
69,"email",2,7,31.2
56,"web",2,2,47.1
78,"in-person",12,9,37.1
32,"phone",3,10,34.9
32,"web",3,10,27.5
55,"in-person",5,9,17
42,"email",15,6,41.4
40,"email",8,8,28.2
69,"phone",11,1,61.6
26,"in-person",13,1,44.5
29,"web",7,8,23
38,"in-person",3,5,38.9
56,"phone",8,10,47.2
23,"phone",4,8,36.5
18,"email",14,8,19.2
25,"in-person",2,3,32.6
43,"phone",1,6,49.7
70,"phone",3,2,72.6
62,"email",13,10,26.7
29,"phone",2,1,57.2
72,"email",3,7,48.2
59,"phone",5,3,59.1
56,"phone",12,9,40.3
38,"phone",3,1,49.3
31,"web",11,7,19.1
68,"web",8,1,71.8
53,"phone",9,3,52.5
36,"phone",1,1,61.6
63,"web",5,5,37.9
39,"email",13,1,32.9
57,"phone",13,9,57.4
58,"phone",2,6,41.6
74,"phone",13,7,53.8
46,"web",2,2,50.7
64,"web",6,6,37.5
71,"email",2,4,56.3
36,"in-person",5,2,38.4
42,"email",1,5,19.1
39,"phone",9,6,30.3
79,"phone",11,6,58.4
21,"web",8,6,27.7
18,"web",7,3,33.2
22,"phone",3,6,42.3
26,"email",9,6,31.4
52,"in-person",1,4,57.5
28,"phone",8,8,24.2
60,"phone",11,9,43.5
74,"phone",12,10,44.4
19,"in-person",11,6,25.9
70,"in-person",11,9,30.1
58,"phone",3,6,42.8
68,"in-person",13,5,52.9
23,"phone",12,8,27.6
31,"email",10,10,17.7
56,"web",6,8,25.3
73,"in-person",6,3,50.2
50,"phone",7,10,42.6
48,"email",11,4,39.4
76,"web",13,10,31
20,"web",12,2,40.7
74,"email",13,7,47.5
42,"web",10,6,7.5
50,"email",3,10,20.4
59,"in-person",3,2,68.3
63,"web",0,3,47
40,"web",14,6,43.9
65,"in-person",6,5,51.1
32,"email",8,6,27.1
64,"web",13,1,51.3
40,"web",7,10,19.6
55,"in-person",14,2,53.9
45,"in-person",14,7,46.2
34,"email",7,3,28.1
36,"in-person",12,6,29.4
49,"in-person",4,9,45.3
36,"web",11,5,15.8
45,"phone",13,6,42.6
19,"in-person",12,1,38.2
50,"phone",0,10,41.1
41,"in-person",7,7,18.1
41,"in-person",14,8,40.9
35,"web",15,1,29.4
73,"phone",5,6,66.9
51,"email",14,6,22.6
65,"web",13,7,49.8
41,"in-person",12,2,49.6
71,"web",7,5,53.7
23,"in-person",7,4,29.1
22,"phone",10,8,21.4
62,"phone",14,5,52.3
63,"email",6,10,30.4
47,"in-person",7,1,59.3
50,"phone",7,10,35.7
64,"in-person",3,4,57.8
70,"in-person",5,10,35.7
65,"phone",5,6,54.1
75,"email",4,3,57
62,"in-person",1,5,55.7
57,"phone",4,9,47.2
75,"in-person",2,6,58.8
23,"web",15,2,48.3
72,"in-person",3,4,67.5
60,"phone",0,2,67.1
24,"web",13,7,13.3
43,"phone",15,6,42.7
66,"web",6,3,50.8
61,"in-person",7,4,57.5
61,"email",15,1,51.9
41,"phone",11,6,49.1
76,"web",6,5,56
67,"email",5,9,33.8
23,"web",1,6,21.5
51,"phone",8,10,23.8
21,"in-person",11,6,32.5
43,"phone",8,5,29
59,"in-person",8,5,44.6
32,"in-person",3,7,40.9
63,"web",4,5,49.8
25,"web",11,2,36.7
63,"email",12,9,27.9
53,"web",0,6,29.9
77,"web",8,1,46.7
68,"email",5,6,55.6
78,"phone",3,9,46.9
70,"phone",8,5,56.3
37,"phone",9,9,48.9
67,"web",14,5,34.2
18,"email",4,6,28.4
21,"phone",10,2,34
57,"phone",2,8,46.6
64,"phone",7,9,46.3
21,"web",5,4,26.4
22,"in-person",12,5,29.5
61,"email",1,4,39.7
80,"email",1,5,41.3
39,"in-person",10,10,18.3
20,"in-person",14,7,32
64,"email",5,8,35.2
53,"phone",3,9,49.3
76,"phone",3,5,51.7
52,"phone",3,6,50.4
52,"email",6,6,27.8
52,"phone",8,6,56.8
49,"web",1,3,45
26,"email",7,1,26.5
29,"phone",12,3,45.1
70,"in-person",4,5,55.8
67,"web",7,9,26.8
64,"phone",8,4,51.7
40,"phone",6,7,42.6
80,"email",12,7,54.5
40,"in-person",10,10,16.7
72,"phone",14,6,42.6
49,"in-person",0,1,56.9
24,"web",15,9,11.2
27,"phone",13,6,41.7
41,"phone",3,1,66.8
73,"email",0,1,70.8
57,"in-person",4,8,34.4
55,"in-person",10,10,28.9
75,"email",12,6,45.2
38,"phone",13,7,47.6
43,"in-person",8,8,26.1
64,"phone",7,5,68.7
56,"email",1,6,28.2
43,"in-person",8,3,56.3
37,"in-person",3,6,39.2
45,"email",14,10,22.7
25,"web",12,9,21
72,"web",10,2,62.1
38,"in-person",8,8,31
27,"phone",6,10,19.6
41,"phone",5,8,30.1
46,"phone",6,4,53.9
38,"email",1,1,50.9
26,"phone",4,4,39
35,"phone",2,6,44.8
80,"email",15,1,69.1
60,"web",7,7,42.5
33,"in-person",15,4,41.8
74,"phone",6,9,52
44,"phone",8,3,51
26,"web",12,3,37.4
58,"phone",4,10,38.8
32,"email",5,7,23.8
80,"email",12,9,38.5
76,"web",6,6,43.1
75,"in-person",13,7,46.2
74,"phone",5,6,59.4
36,"in-person",13,7,36.5
20,"web",3,10,17.1
20,"web",12,5,28.2
30,"email",6,4,33.9
61,"email",11,3,54.9
71,"web",2,6,37.1
68,"email",8,3,35.4
26,"web",0,2,35.7
71,"web",10,10,30.8
76,"web",12,10,25.7
72,"email",6,8,47.1
69,"phone",3,2,64.7
53,"email",1,3,55.3
76,"phone",10,3,64.1
20,"email",0,9,1
27,"email",7,8,17.7
33,"email",1,6,8
18,"phone",8,5,28.3
38,"email",1,1,43.5
33,"web",13,5,27.5
70,"in-person",0,2,68.8
54,"web",3,3,36.7
56,"email",3,8,30.8
45,"email",1,7,29.7
22,"web",4,6,35.1
26,"in-person",6,5,24.5
71,"web",8,6,33.7
50,"phone",0,2,60.4
18,"in-person",15,10,2.3
76,"in-person",5,8,39.6
42,"in-person",4,7,28.7
61,"web",0,1,42.4
80,"phone",14,5,65
72,"phone",7,6,51.7
23,"phone",2,8,43.5
71,"web",4,2,59.3
73,"in-person",7,8,40.7
54,"in-person",13,4,57.1
48,"phone",15,4,56.1
18,"email",14,2,39.2
47,"web",12,9,27.2
30,"email",5,7,23.4
67,"phone",10,1,73.4
44,"in-person",10,5,37.4
63,"in-person",6,10,36
49,"in-person",3,9,43.8
69,"web",4,1,58.5
28,"web",15,9,18.9
50,"web",15,3,35.1
32,"web",11,2,34.3
30,"email",2,2,41
65,"web",3,3,55
65,"email",15,10,41.8
69,"email",9,9,35.5
42,"phone",5,10,31.1
40,"in-person",11,1,54.7
59,"web",7,5,31.3
29,"phone",8,2,59.3
70,"in-person",8,4,50.5
30,"phone",4,1,51.3
37,"phone",1,2,53.6
43,"web",12,8,30.2
77,"email",14,7,38.3
71,"email",10,1,59.8
37,"web",1,4,36.7
48,"email",10,3,35.3
62,"phone",11,2,72.5
49,"web",0,9,19.5
29,"in-person",1,7,25.9
77,"email",13,6,59.6
44,"phone",3,6,48.3
21,"in-person",5,6,30.5
62,"email",11,3,48.7
79,"phone",1,2,64.1
73,"email",10,5,49
80,"in-person",1,4,47.7
50,"in-person",7,2,51.6
54,"web",0,9,33.5
25,"phone",13,7,35.9
72,"email",13,1,61.8
24,"in-person",1,6,31.3
63,"web",1,6,40.8
34,"phone",1,5,47
33,"phone",9,10,33.8
33,"email",12,4,38.2
71,"email",15,3,59.2
27,"email",12,2,32.7
80,"web",3,2,53
59,"email",9,1,41.7
58,"in-person",4,4,64
78,"in-person",9,5,38.4
64,"phone",12,10,32.7
62,"phone",7,7,58.4
42,"in-person",0,4,30.5
52,"phone",15,5,58
27,"in-person",1,1,56.7
50,"web",8,9,16.9
68,"email",11,7,35.3
77,"web",5,3,48.1
62,"in-person",2,4,52.8
48,"web",2,5,31.7
59,"web",7,1,63.4
21,"web",11,7,17.3
78,"in-person",6,6,47.4
79,"phone",4,10,60.6
79,"email",0,10,43.7
51,"web",8,6,44.4
79,"phone",5,7,59.5
54,"email",6,4,52.9
29,"in-person",6,7,29.3
28,"email",4,10,15.4
56,"web",1,5,47.4
22,"web",0,10,17.6
70,"in-person",12,6,47.3
79,"email",13,6,33.3
77,"in-person",5,6,45.3
66,"email",13,2,66.4
41,"phone",11,2,48.6
49,"email",11,4,43.1
35,"phone",2,8,38.9
36,"in-person",2,8,33.5
27,"in-person",0,2,46.5
20,"email",8,7,15.8
53,"phone",3,8,48.5
44,"in-person",10,1,50.3
47,"in-person",14,7,33.6
39,"in-person",2,1,36.1
43,"phone",7,9,44.6
79,"email",1,6,42.4
43,"phone",1,3,61.5
53,"web",10,8,38.9
80,"in-person",3,2,63
78,"phone",11,1,58.3
75,"phone",0,1,59
63,"email",10,10,30.3
77,"web",10,8,43.2
63,"web",9,3,50
45,"email",12,8,23.5
38,"email",0,10,33.1
36,"email",4,10,19.5
45,"in-person",8,3,50.1
50,"email",0,3,44.2
67,"email",12,6,51.2
35,"in-person",7,4,37.2
61,"web",11,7,36.9
59,"in-person",12,9,37.2
33,"email",8,3,28.1
65,"email",0,7,33.8
63,"phone",9,10,26.8
74,"in-person",12,5,63.1
52,"phone",3,2,61.6
71,"email",2,2,40.2
31,"phone",6,5,37.6
70,"web",4,1,42.4
42,"email",8,2,42
77,"phone",7,1,87.8
38,"email",8,10,10.5
78,"web",7,8,47.7
43,"email",0,9,16.3
79,"web",2,1,57.1
38,"web",9,10,24.1
38,"phone",15,4,44.4
77,"phone",7,10,36.4
79,"in-person",8,6,40.1
74,"in-person",3,9,43.1
64,"email",13,9,31.9
68,"email",11,5,37.5
49,"web",8,10,32.2
44,"email",4,3,58.3
41,"email",8,4,37.3
52,"in-person",12,10,29.1
63,"email",10,4,58.9
58,"email",12,7,46.4
44,"web",1,4,45.8
26,"web",7,8,26.2
25,"web",14,9,11.8
23,"web",7,7,7.5
53,"phone",15,2,65.3
70,"email",8,1,40.8
66,"phone",2,8,52.2
65,"phone",6,1,59.1
34,"phone",0,7,41.2
49,"web",7,9,11.4
70,"email",9,3,55.2
42,"email",8,10,18.6
61,"email",3,4,44.3
30,"in-person",15,6,32.4
33,"phone",1,9,47.2
49,"phone",11,2,60
31,"phone",8,3,59.9
69,"in-person",8,7,39.1
26,"email",1,3,42.6
60,"email",14,9,37.6
73,"email",5,3,46.1
68,"web",9,5,51.9
46,"in-person",3,4,48.8
31,"email",0,10,5.4
35,"email",7,8,14.1
70,"email",1,7,36.2
61,"in-person",9,6,41.4
34,"in-person",4,5,45.8
37,"email",6,4,28.3
35,"phone",12,6,38.2
53,"web",7,9,32
20,"phone",15,1,55.3
30,"phone",9,8,40.9
80,"in-person",0,6,47.6
26,"in-person",2,3,45.4
51,"email",5,1,50.6
20,"phone",10,3,52.5
80,"in-person",1,7,47.7
58,"phone",14,4,53.4
46,"email",9,3,39.3
37,"phone",15,2,52.3
20,"in-person",12,7,38.1
54,"phone",3,5,51.7
80,"in-person",7,10,37.2
18,"email",3,3,29.1
44,"phone",2,1,45.4
25,"email",2,6,42.4
71,"phone",13,7,50.8
22,"email",4,9,2.8
78,"in-person",8,8,50.6
37,"email",0,2,26
26,"email",8,1,44.9
69,"web",6,4,46.4
65,"web",15,1,48.6
29,"phone",15,9,22.5
27,"web",8,8,20.4
61,"in-person",10,5,64.3
31,"email",4,8,24.8
35,"in-person",8,4,39.7
71,"email",1,6,56.1
51,"email",9,8,30.3
64,"phone",1,1,58.5
59,"email",1,6,26.8
70,"phone",10,9,48.2
53,"email",2,6,40.6
47,"in-person",10,4,45.7
38,"phone",15,1,56.5
24,"phone",0,1,46.8
60,"phone",3,9,37.8
50,"phone",11,6,39.2
18,"phone",12,9,21.1
79,"phone",12,2,67.3
39,"web",6,9,15.1
65,"email",10,8,37.4
74,"in-person",2,7,52.8
74,"phone",11,8,74.3
66,"email",5,3,56
70,"in-person",3,5,51.4
67,"phone",2,10,45.5
22,"web",10,3,35.4
22,"phone",12,8,25.7
21,"in-person",1,9,24
58,"web",14,7,29.8
38,"in-person",15,6,33.4
19,"email",0,7,21.5
69,"in-person",12,8,48.6
68,"in-person",13,1,65
46,"email",9,8,37.9
68,"phone",15,8,42
41,"in-person",7,2,34.5
45,"in-person",2,5,26.7
50,"phone",4,1,53
64,"in-person",11,2,54.6
62,"web",6,8,21.7
79,"email",11,10,42.3
56,"web",3,1,66.8
57,"email",8,3,34.9
61,"email",9,8,33.6
67,"in-person",2,10,35.1
57,"phone",6,6,54.6
76,"phone",11,9,48.4
72,"in-person",15,4,51.1
21,"web",15,7,9.1
32,"web",4,5,40.2
57,"email",15,5,51.2
42,"phone",10,2,55.1
67,"web",1,10,23.3
68,"phone",15,2,50.1
64,"phone",3,8,42.8
51,"email",9,4,48.5
34,"web",5,7,33.8
76,"web",10,9,31.3
39,"phone",10,8,26
38,"phone",2,3,52.7
66,"web",11,7,35.4
30,"email",1,6,25.1
41,"email",15,7,23.4
64,"email",4,5,37.8
24,"web",8,6,25.9
54,"in-person",14,7,39.4
21,"web",13,9,3.4
66,"email",3,6,33
45,"in-person",13,6,25.8
24,"phone",0,5,40
56,"in-person",12,7,37.2
44,"email",9,1,41.8
78,"web",8,5,50.3
37,"email",11,5,34.7
44,"phone",14,10,47.6
64,"phone",6,8,49.3
49,"email",15,3,32.5
28,"phone",6,10,27.6
59,"phone",14,8,48.3
78,"in-person",5,3,50.8
32,"email",2,8,17.5
43,"phone",7,8,33.5
66,"in-person",5,2,49.9
40,"phone",9,4,53.9
53,"web",2,10,33.7
29,"in-person",12,7,24.5
56,"phone",8,9,36.1
20,"email",5,6,41.1
31,"in-person",13,2,52
68,"web",1,10,24.3
44,"email",0,3,34.6
53,"phone",6,7,56.1
33,"phone",11,7,34.8
80,"email",2,8,38.2
32,"web",5,9,15.3
27,"web",4,4,46
59,"email",0,2,35.8
41,"email",9,8,27.2
65,"in-person",13,1,66.8
48,"email",13,3,53
33,"phone",10,2,45.6
29,"email",10,5,22.4
76,"phone",4,2,56.1
23,"in-person",2,3,37.5
62,"phone",10,3,52.1
31,"email",12,2,31.2
71,"email",5,6,56.3
37,"email",4,9,32.1
79,"web",5,1,61.4
21,"in-person",1,9,20.2
24,"in-person",9,3,44.4
52,"in-person",15,9,24.2
18,"email",2,6,22.3
46,"in-person",2,4,43.5
49,"web",9,9,28.1
65,"web",4,10,35.2
69,"phone",4,10,51.5
26,"web",3,4,46.9
49,"phone",1,6,35.7
64,"web",6,5,40.3
26,"phone",11,8,26.8
78,"web",12,10,40.9
69,"in-person",2,6,48.2
74,"web",11,6,57.8
48,"web",3,9,27.8
68,"in-person",15,6,54.4
26,"web",14,4,44.5
53,"phone",15,4,67.9
73,"phone",6,1,77.6
59,"in-person",10,9,32.3
27,"in-person",7,9,23.7
43,"email",2,7,40.9
18,"email",11,4,31.7
21,"email",11,9,19.4
21,"web",12,2,41.5
56,"phone",12,2,51.7
29,"web",5,7,37.3
50,"email",13,9,18.5
21,"phone",15,9,22.2
42,"in-person",15,4,45.5
49,"web",9,3,31.9
49,"in-person",0,10,35.6
73,"phone",3,5,65.9
38,"in-person",3,2,45.6
75,"web",2,7,45.8
34,"in-person",6,4,49.9
18,"web",8,7,9.2
52,"in-person",12,6,32.4
32,"in-person",15,10,27.8
43,"web",11,4,31.4
54,"in-person",0,2,51.5
44,"email",4,2,43
51,"web",8,1,50.1
60,"phone",0,2,70
74,"phone",14,10,49.3
25,"web",8,2,43.4
72,"email",12,6,43.3
25,"email",15,9,12.8
51,"in-person",4,10,24.8
44,"in-person",10,10,17.6
37,"email",8,8,39.1
57,"in-person",4,1,51.7
39,"email",12,1,29.7
73,"in-person",9,6,47.2
76,"in-person",4,7,34.3
49,"web",3,9,32.8
45,"in-person",14,9,29.4
64,"in-person",11,5,53.8
19,"in-person",4,1,25.6
32,"in-person",10,6,31.3
24,"phone",13,9,35.3
46,"in-person",7,6,33.3
62,"email",11,10,46.3
36,"in-person",7,1,57.9
20,"web",8,1,39.7
26,"web",15,1,51.5
64,"email",15,8,35.7
39,"web",4,6,24.2
73,"email",14,5,43.8
26,"email",0,9,15.1
41,"in-person",8,10,19.9
69,"email",7,2,63.5
45,"phone",7,9,39.8
76,"phone",0,5,54.5
67,"in-person",1,3,62.3
72,"in-person",6,3,62.1
76,"email",13,3,52.1
59,"in-person",0,10,23.7
31,"email",12,10,17.3
40,"in-person",0,1,53.1
35,"phone",15,3,48
71,"in-person",15,7,42.9
25,"email",2,5,36.9
69,"web",1,6,41.6
27,"phone",10,1,38.5
79,"phone",14,6,49.9
59,"email",7,3,50.8
29,"web",7,5,28.9
42,"in-person",12,2,42.4
24,"phone",2,7,33.4
68,"in-person",10,9,33.8
41,"email",14,2,45.9
78,"in-person",10,8,39.6
40,"in-person",0,10,18.8
19,"in-person",4,2,44.2
32,"in-person",7,6,41
58,"web",6,9,21.7
51,"in-person",4,9,24.2
61,"web",12,3,46.9
64,"email",10,6,52.9
38,"in-person",13,3,41.4
71,"email",3,1,47.5
76,"phone",14,4,57.8
70,"phone",11,3,63.5
41,"web",11,2,29.4
64,"in-person",13,2,61.3
37,"web",15,5,31
68,"phone",3,10,43.4
80,"email",0,8,49.8
69,"phone",10,10,44.6
35,"email",13,10,20.8
53,"email",3,4,38.7
66,"phone",0,9,49.2
25,"in-person",4,7,32.4
57,"in-person",11,3,40.7
42,"phone",1,7,24.7
31,"phone",7,4,35.4
70,"web",0,9,49.7
35,"in-person",4,2,38.3
62,"phone",15,6,55
51,"phone",4,1,64.8
48,"email",9,2,46.4
50,"email",13,4,47.9
78,"phone",6,5,55.1
28,"in-person",14,4,46.1
57,"phone",13,6,40.6
44,"in-person",2,3,53.1
79,"phone",4,5,66.1
19,"phone",9,10,22.8
74,"in-person",6,5,60.9
50,"phone",6,1,72.1
27,"web",0,9,27.5
68,"web",7,5,39.3
68,"in-person",8,7,40.2
78,"email",7,1,64.6
55,"in-person",3,5,57.1
45,"web",2,3,44.4
56,"phone",3,6,60.9
73,"in-person",6,8,49.4
47,"phone",2,5,47.2
66,"in-person",0,2,73.6
75,"email",8,9,34.6
18,"email",12,1,33.9
36,"web",13,4,35.4
57,"phone",2,5,49.8
34,"email",11,8,6.6
39,"in-person",15,3,28.7
29,"web",10,5,27.7
26,"phone",15,4,53.6
79,"phone",14,6,64.2
41,"phone",8,7,53.8
34,"in-person",9,3,34.1
19,"phone",10,9,21.7
43,"phone",7,1,53.4
38,"web",5,5,26.1
19,"phone",14,2,42
28,"phone",3,1,54.6
74,"phone",14,10,42.3
67,"email",0,7,28.3
40,"web",4,4,33.5
37,"email",1,5,48.9
41,"phone",8,7,52.2
60,"web",11,2,44.6
25,"email",12,4,32.2
45,"phone",13,3,65.7
36,"web",14,2,48.9
40,"phone",12,9,47.5
22,"phone",14,7,36.6
61,"in-person",10,5,40.8
48,"email",10,4,44.4
36,"web",15,9,12.3
65,"web",10,6,39.9
73,"web",2,5,47.4
23,"phone",12,8,28.3
59,"in-person",10,9,27.6
41,"phone",1,2,45.6
52,"in-person",2,3,46.9
43,"phone",1,1,62.8
72,"web",15,6,51
23,"web",7,2,42
80,"web",10,1,62.3
23,"email",2,4,26.1
29,"in-person",7,3,49
63,"phone",0,4,66.5
42,"in-person",15,5,47.5
64,"web",7,8,31.3
19,"phone",11,2,52.4
77,"phone",13,5,61.7
61,"phone",12,9,37.9
35,"in-person",15,1,41.8
18,"web",5,1,51.8
75,"web",13,8,21.9
73,"email",8,4,35.7
26,"phone",10,3,38.3
35,"web",2,6,31.9
79,"web",15,7,47.1
18,"email",11,5,18.4
19,"phone",15,7,36.5
34,"web",2,2,51
78,"email",11,9,23
38,"phone",2,4,47.7
48,"in-person",15,8,35.6
65,"in-person",6,3,44.9
61,"web",0,8,44
32,"phone",7,7,56.6
67,"in-person",4,8,47.6
38,"phone",12,2,64.1
72,"in-person",15,6,51.4
55,"in-person",4,9,31.4
44,"email",10,8,33.8
53,"in-person",1,5,47.9
56,"in-person",13,8,33.5
65,"in-person",11,4,49.2
71,"email",14,7,32.6
75,"web",5,10,36.2
32,"in-person",6,2,39.5
52,"email",2,9,46.5
63,"phone",6,10,34.2
46,"email",6,2,35.8
38,"email",11,2,41.7
37,"in-person",7,2,39.7
37,"email",5,2,33.8
74,"web",0,4,50.6
71,"email",12,4,44.4
64,"in-person",7,8,48.2
65,"in-person",9,2,29.5
36,"phone",4,10,39.9
77,"in-person",7,7,37
48,"in-person",14,4,40.7
65,"web",9,5,48.2
25,"email",12,7,23.7
59,"email",14,8,23.9
56,"in-person",0,8,29.3
59,"phone",6,5,51.8
28,"in-person",10,10,26.2
39,"email",11,9,26.6
59,"web",10,10,35.6
77,"email",7,9,22.7
23,"web",9,2,37.9
54,"email",13,10,21.8
33,"web",6,8,32.6
41,"web",6,2,40.5
70,"phone",9,5,43.8
18,"web",13,3,24.4
68,"email",0,6,47.9
50,"web",2,3,30
68,"phone",11,10,34.3
40,"email",13,10,20.2
48,"web",11,6,39.1
80,"in-person",4,9,37.6
19,"email",12,2,45.1
43,"web",0,6,29.5
48,"email",10,1,49.2
56,"web",9,1,60.5
75,"phone",7,3,65
40,"phone",5,4,59.5
64,"phone",3,6,47
58,"web",8,10,35.3
75,"web",3,2,50.1
53,"email",13,9,41.1
72,"web",2,1,60.9
23,"phone",11,9,32.8
26,"in-person",5,4,40.1
53,"in-person",4,10,31.9
62,"phone",5,10,48.8
58,"web",11,5,49.6
64,"phone",15,7,50.2
43,"in-person",10,4,29.1
30,"phone",11,5,50.7
64,"in-person",11,3,65.8
34,"in-person",14,9,35.3
46,"web",0,9,19.2
32,"email",7,7,35.1
30,"phone",1,2,46
31,"phone",11,10,34.6
77,"phone",4,10,43.5
47,"in-person",7,5,41.5
76,"web",11,7,45
53,"email",1,10,37.4
55,"web",1,5,25.7
59,"email",10,6,36.6
44,"web",11,9,9.8
21,"email",0,8,22.9
64,"phone",13,6,49.1
51,"web",4,1,45.4
56,"web",5,5,44.4
21,"phone",3,7,30.3
45,"in-person",15,6,44.1
30,"web",6,4,38.7
73,"in-person",5,10,49.6
62,"in-person",10,8,35.3
77,"phone",4,3,58.3
63,"in-person",9,10,37.8
49,"web",12,4,49.9
30,"in-person",5,8,42.8
59,"web",9,3,49.5
51,"web",0,5,54.1
18,"phone",10,2,48.9
71,"in-person",1,3,68.4
79,"in-person",7,7,54.9
20,"email",10,2,27.1
68,"email",4,4,52.5
76,"web",14,10,47
80,"phone",12,1,89.9
78,"email",8,8,34.6
37,"email",4,1,39.6
36,"email",8,10,15.2
51,"in-person",7,8,35.4
68,"web",4,9,45.2
59,"in-person",13,3,58.8
42,"web",14,8,34
48,"in-person",9,6,33.8
30,"phone",14,5,29.5
70,"phone",11,8,69.5
53,"email",5,5,40.1
47,"phone",9,1,60.6
61,"phone",7,1,50
66,"web",0,8,28.2
39,"web",5,8,20.9
74,"email",12,2,64.8
65,"phone",6,5,56.6
27,"phone",6,6,25.6
54,"email",14,5,35.7
62,"email",1,6,38.5
21,"phone",9,10,23.9
50,"web",15,8,48.1
29,"web",14,9,25.4
20,"web",1,10,10.6
79,"email",2,5,48
45,"phone",4,2,49
67,"phone",14,3,64.5
40,"in-person",11,2,51.9
38,"web",2,8,25
69,"phone",10,3,69.8
46,"email",10,5,43.8
71,"email",5,2,47.7
45,"email",14,5,41.6
78,"web",8,7,48.1
41,"email",13,8,45.6
38,"phone",6,7,38.2
29,"email",6,1,39
37,"in-person",7,3,35.9
27,"in-person",9,1,55.7
24,"email",2,6,10.5
36,"in-person",15,3,48
69,"in-person",4,8,39.6
29,"in-person",9,10,11.1
50,"email",6,3,47
46,"email",0,10,31.5
21,"web",4,8,36.1
53,"web",0,6,31
64,"email",6,10,29.8
68,"in-person",8,9,50.8
52,"phone",11,9,50.8
63,"phone",2,5,44.7
19,"phone",12,2,39.4
22,"email",6,4,42.7
63,"web",9,10,22.5
42,"email",4,6,41
52,"in-person",4,3,65.2
22,"web",12,1,40.5
33,"in-person",6,2,43.7
59,"web",12,8,21.9
36,"web",4,1,46.1
66,"phone",14,3,57.8
27,"phone",12,2,50.8
54,"email",12,2,48.7
67,"in-person",8,5,51.7
65,"in-person",15,1,45.6
30,"web",1,5,46.6
68,"web",10,2,55.2
40,"in-person",3,10,37.5
43,"email",6,3,44.4
38,"phone",1,2,62.8
44,"in-person",0,8,22.2
32,"email",7,7,40.2
48,"web",3,5,38.7
44,"phone",2,6,32.3
27,"in-person",4,7,20.2
43,"phone",15,10,41.3
41,"phone",14,10,32.7
30,"email",4,2,39.9
39,"email",1,1,45.5
40,"email",14,7,33.1
55,"in-person",6,2,58.6
66,"in-person",15,1,65.9
20,"email",8,7,28.1
37,"email",13,4,33.1
20,"phone",4,2,51.9
24,"phone",13,1,41.7
21,"web",7,6,27.4
59,"phone",12,6,58.5
49,"email",4,3,44.7
71,"phone",3,8,39.4
31,"email",12,5,29.8
68,"phone",4,1,71
63,"email",14,1,46.3
71,"phone",0,6,49.3
25,"email",8,6,9.5
69,"in-person",0,4,65.1
61,"in-person",13,6,40
44,"web",5,10,30.8
75,"email",3,2,57.8
50,"phone",4,2,59.6
68,"in-person",5,2,51.8
51,"email",11,5,33.5
29,"email",8,8,24.5
43,"web",0,6,29.2
33,"web",15,10,22.9
41,"phone",10,5,64
75,"in-person",8,10,37.6
75,"in-person",13,4,62.6
37,"in-person",7,7,23.6
33,"email",3,8,30
63,"email",15,8,40.3
54,"phone",9,9,35.6
33,"phone",4,2,61.8
38,"email",13,2,47.9
31,"web",7,7,36.5
56,"phone",11,5,57.8
76,"phone",3,9,56.5
56,"in-person",2,3,55.3
26,"email",3,7,3.3
54,"web",2,6,34.5
23,"email",6,6,14.6
30,"phone",1,5,36.9
44,"web",5,3,26.1
60,"web",5,6,46.7
43,"email",10,1,46.1
79,"in-person",1,5,61.2
52,"in-person",10,9,25.5
45,"phone",9,1,61.7
60,"phone",6,10,41.2
41,"in-person",1,1,43.3
70,"phone",14,7,64.1
25,"in-person",1,1,42.1
58,"web",14,2,54
43,"email",1,8,21.9
32,"web",12,7,39.2
21,"phone",5,1,50.1
36,"phone",5,7,37.7
50,"phone",5,6,54.2
49,"email",13,5,20.5
70,"web",0,1,49.9
55,"web",12,5,47.3
38,"in-person",3,7,25.4
57,"in-person",3,7,29
63,"email",13,6,32.2
67,"email",2,1,53.2
57,"in-person",3,4,53.6
35,"web",11,6,24.7
32,"phone",1,4,38.9
76,"web",15,1,59.4
60,"email",10,4,46.6
47,"web",11,3,50.7
30,"email",14,9,27.4
42,"web",0,7,31
77,"web",12,3,47.5
49,"email",8,1,42.4
22,"in-person",3,3,35.8
45,"in-person",9,8,14.7
35,"phone",1,7,35.3
34,"phone",15,10,18.1
78,"phone",15,2,65.7
56,"phone",5,4,52.1
19,"email",7,10,10.5
41,"in-person",5,8,39.6
69,"email",0,8,28.4
67,"web",11,5,53.8
36,"web",12,3,47.6
38,"phone",0,9,27.6
69,"phone",7,8,51
30,"web",12,1,37.4
58,"phone",13,3,63.1
24,"web",13,4,32.9
55,"in-person",14,10,34.9
70,"web",1,9,38.8
20,"in-person",3,4,31.6
42,"in-person",13,2,49.7
56,"in-person",12,4,52.2
45,"web",8,10,28
75,"web",9,2,42.8
50,"web",13,2,52.3
79,"in-person",6,5,50.2
64,"phone",13,7,58.9
19,"in-person",3,8,31.8
80,"phone",2,7,57.6
51,"web",15,6,24.4
37,"in-person",7,5,26.2
51,"in-person",4,9,25.2
22,"web",5,9,7.7
55,"email",14,2,39.2
62,"email",5,7,36.2
23,"email",9,7,33.9
32,"web",7,9,20.8
30,"email",6,8,21.5
67,"web",3,9,24
55,"web",8,1,58.7
52,"phone",2,1,72.6
19,"email",1,8,18.5
37,"in-person",3,4,29.9
36,"phone",7,7,31.5
61,"email",1,7,33.9
74,"email",9,10,44
75,"web",12,7,43.1
33,"in-person",10,3,33.8
47,"in-person",10,7,51.7
44,"web",13,7,25.2
40,"phone",1,2,59.8
44,"web",3,1,41.5
72,"email",13,1,60.6
72,"in-person",12,2,59.6
57,"phone",1,7,41.3
76,"email",10,5,38.7
58,"email",3,9,26.1
30,"phone",1,4,39.8
23,"email",4,2,29.6
36,"phone",13,7,30.9
71,"in-person",12,9,44
52,"phone",0,3,35.4
77,"email",14,10,23.8
28,"web",11,5,38.6
59,"in-person",4,10,29.5
36,"web",15,4,39.3
73,"email",6,4,58.8
34,"email",4,1,35.3
37,"web",14,10,28.9
34,"email",1,10,21.4
78,"email",6,5,39.9
78,"phone",3,8,53
34,"email",7,7,24
24,"email",15,6,27.4
44,"phone",3,7,39
58,"email",2,1,57.7
32,"phone",9,1,55.7
23,"web",3,1,29.4
79,"phone",14,10,35.7
30,"phone",8,3,52.5
59,"phone",8,4,55.5
32,"phone",8,4,31
75,"web",12,8,54
59,"phone",7,9,37.5
29,"email",5,4,29.4
57,"email",10,10,35.3
78,"phone",4,1,72.7
34,"web",8,9,25.1
35,"phone",2,8,35
53,"web",5,3,31.4
62,"email",15,6,40.7
37,"web",4,9,23.4
62,"phone",10,4,51.4
38,"in-person",14,7,39
42,"in-person",13,4,26.5
19,"phone",5,7,23.3
26,"web",8,7,22.2
70,"in-person",6,8,38.9
22,"phone",11,10,16.1
64,"web",9,2,47.3
53,"email",1,3,33.7
50,"phone",10,6,31.2
27,"phone",5,8,29.7
20,"phone",3,7,33.9
32,"phone",8,8,32.1
20,"email",10,2,19.9
56,"in-person",11,9,26.6
35,"in-person",6,6,24.2
73,"web",13,8,42.2
52,"phone",0,2,56.4
54,"phone",2,8,39
46,"phone",9,9,41.5
58,"phone",9,3,49.9
79,"email",5,7,47.5
20,"web",8,2,32.9
48,"phone",11,10,31.2
44,"phone",7,9,38
40,"phone",4,2,49.5
52,"web",9,10,26.6
58,"in-person",14,5,44.3
58,"phone",11,4,64.1
79,"email",5,9,45
52,"email",9,9,15.9
78,"phone",6,9,60.8
18,"in-person",9,2,45.6
79,"email",1,1,49.5
72,"in-person",3,5,43
28,"phone",5,6,39.6
66,"phone",9,6,53.4
61,"phone",6,2,63.8
24,"in-person",2,8,20.7
76,"web",2,9,40.9
51,"in-person",12,3,51.8
65,"in-person",15,4,69.3
63,"in-person",13,9,30
22,"email",12,6,9.1
58,"email",5,7,43.2
64,"in-person",12,5,51.1
73,"phone",11,3,52.9
47,"web",3,5,45.3
26,"in-person",3,10,25.5
60,"email",15,4,45.7
65,"phone",1,10,51.9
58,"in-person",10,8,41.3
53,"email",13,5,37.3
35,"phone",9,9,30.5
26,"email",7,2,34.1
75,"phone",14,9,48.2
54,"in-person",3,3,60.1
32,"in-person",8,3,44
56,"phone",5,1,67.4
52,"web",8,5,26.4
45,"email",7,5,39
57,"phone",11,10,49.2
37,"web",7,3,39
22,"in-person",5,10,10.1
34,"web",9,5,30.1
61,"email",5,10,44.5
22,"email",12,7,26.8
55,"in-person",14,7,31.1
22,"in-person",14,8,11.2
58,"in-person",13,3,56.8
50,"phone",4,8,55
74,"in-person",8,3,49
74,"phone",10,5,62.4
73,"email",1,2,53
79,"phone",6,9,47.8
68,"phone",2,10,51.8
48,"web",2,9,27.6
32,"in-person",12,9,24.8
48,"in-person",14,3,50.2
54,"email",15,5,31.8
23,"phone",9,1,42.3
52,"email",7,10,29.5
44,"web",10,9,22.2
73,"phone",0,8,55.9
18,"in-person",2,2,22.3
50,"web",15,7,34.6
28,"email",10,10,18.1
35,"in-person",4,7,39.4
18,"email",11,3,35.2
80,"email",4,6,53
20,"email",0,10,25
73,"phone",13,5,43.6
73,"in-person",8,6,44.2
36,"email",14,1,45.6
66,"phone",3,1,56.7
20,"phone",15,10,23.8
32,"email",14,3,29.9
37,"email",9,3,36.4
62,"email",15,1,59.2
55,"phone",15,9,29.2
47,"web",4,6,40.9
66,"email",9,8,38.7
64,"phone",2,6,56.7
60,"email",14,7,44.5
47,"in-person",1,5,44.2
75,"web",9,5,39.5
70,"phone",3,10,43.2
73,"phone",3,6,46.7
79,"phone",13,4,53.9
18,"in-person",7,10,22.6
20,"email",2,9,6.3
52,"web",14,6,25.9
69,"web",3,2,43.1
62,"web",15,5,33.4
32,"web",5,1,25.8
76,"phone",9,5,64.1
72,"email",14,3,60
48,"in-person",7,2,42.5
25,"email",2,10,7.4
47,"web",10,9,23.3
19,"email",4,8,8.7
34,"email",9,3,34.6
76,"phone",3,10,43
59,"email",10,9,28.9
45,"web",11,4,42.6
35,"in-person",9,9,27.9
31,"in-person",5,3,29.9
27,"in-person",15,4,30.7
40,"in-person",5,2,61.3
52,"phone",12,8,52.6
53,"web",8,7,38.6
47,"email",1,7,36
65,"web",14,8,39
46,"in-person",2,2,39.3
43,"email",4,5,26.6
25,"in-person",3,8,43.8
29,"in-person",9,2,42
34,"in-person",15,4,20.4
55,"in-person",10,7,47.9
65,"phone",8,7,43.6
49,"in-person",14,7,23.4
38,"phone",11,8,32.9
31,"web",8,1,53.2
73,"web",0,10,25.5
26,"phone",14,9,26.4
76,"email",5,9,36.1
59,"email",4,1,44.5
52,"email",9,9,24.4
71,"email",14,1,52.2
32,"in-person",9,3,34.7
19,"phone",4,7,40.7
68,"phone",8,4,53
27,"web",12,5,35.4
80,"email",3,4,65.8
63,"email",5,8,35.9
47,"in-person",6,2,52.9
72,"phone",13,4,64.8
38,"in-person",0,8,35.4
80,"web",1,5,47.3
41,"phone",4,10,42.8
56,"phone",12,7,50
30,"web",5,2,48.3
32,"email",4,4,19.7
25,"phone",11,1,51.2
22,"in-person",2,10,12.1
73,"phone",13,3,67.7
30,"web",2,3,36.9
39,"email",1,6,16.5
45,"in-person",13,7,25.5
41,"web",15,1,45.4
18,"in-person",2,7,28.5
69,"email",0,4,60.8
21,"email",6,1,40.2
61,"web",2,1,42.6
24,"in-person",10,8,14.4
53,"email",2,6,31.1
47,"email",9,7,26.6
70,"web",5,4,36.8
31,"phone",2,7,40.4
74,"in-person",0,5,62.4
50,"in-person",9,7,28.3
22,"email",9,6,13.9
76,"email",3,9,44.7
37,"phone",15,8,33.5
21,"web",15,10,16.8
50,"phone",2,7,52.4
78,"email",11,9,38.5
40,"email",15,4,44.6
73,"in-person",12,8,38.1
66,"in-person",1,10,45.6
21,"web",8,2,15.6
41,"phone",7,8,44.7
72,"email",9,4,53.4
79,"in-person",10,9,42.9
48,"phone",7,4,48.6
31,"web",14,1,43.9
76,"web",0,2,66.1
23,"email",0,9,17.6
56,"in-person",15,8,39.9
18,"web",13,5,23
56,"in-person",1,7,38.6
41,"web",2,3,27.4
69,"phone",4,10,47.1
25,"web",13,7,16.2
29,"phone",13,3,43.7
32,"web",15,2,36.5
74,"in-person",0,1,58.6
42,"email",2,8,30.1
71,"web",0,1,54.3
26,"email",5,8,38.8
45,"email",4,3,32.8
54,"phone",4,9,40.1
44,"phone",14,3,47.6
31,"in-person",8,7,37.5
63,"in-person",2,4,52.6
33,"web",6,7,43.2
23,"phone",0,9,31.1
24,"in-person",5,10,20.9
76,"in-person",14,6,50.5
33,"phone",15,9,32.9
31,"phone",12,8,35.8
77,"web",4,7,47.9
75,"phone",12,8,68
75,"email",11,6,52.4
48,"web",1,3,34.8
79,"web",15,7,40.7
29,"in-person",2,10,17.7
21,"in-person",1,6,28
27,"email",12,6,32.1
43,"web",8,7,25.3
76,"email",13,4,49.5
20,"web",3,7,14.9
67,"email",13,2,47.5
65,"in-person",8,10,34.5
29,"phone",7,3,43.2
40,"email",4,2,49.3
19,"web",11,3,28.4
71,"web",7,3,47.8
69,"web",13,10,20.8
66,"web",6,3,42.3
36,"phone",0,5,48.1
69,"in-person",14,7,47.5
24,"web",0,2,45
57,"email",13,10,13.3
36,"email",0,6,32.3
80,"email",3,5,50.4
39,"phone",12,1,66.9
64,"email",9,2,49.3
28,"in-person",3,2,37.3
64,"in-person",7,9,34.6
27,"in-person",12,8,20.7
23,"in-person",13,1,32.5
73,"in-person",10,7,40.4
24,"web",0,6,20.4
65,"web",14,3,53.9
38,"email",13,9,19.4
66,"web",1,1,46.8
44,"email",0,3,41.7
53,"web",13,2,46.6
27,"phone",8,10,29.4
51,"email",9,5,47.3
27,"web",8,8,17.1
79,"email",4,6,64.3
27,"phone",7,9,33.5
66,"email",9,8,57.6
74,"phone",8,9,40.9
40,"phone",12,4,42.4
41,"in-person",12,2,50.6
34,"phone",12,9,29.5
36,"email",13,3,36.1
33,"phone",11,10,32.5
20,"phone",7,6,40.9
48,"in-person",7,8,33.5
24,"in-person",3,5,45.6
23,"phone",6,9,30.9
64,"in-person",5,9,46.9
66,"in-person",13,1,62.9
52,"phone",14,8,25.5
48,"email",3,2,42.8
32,"phone",5,3,64.9
32,"email",4,7,14.2
23,"in-person",9,1,38.4
66,"in-person",13,10,44
62,"in-person",13,8,33
21,"in-person",1,4,49.4
61,"web",5,9,21.4
43,"in-person",5,8,21.5
30,"web",0,9,16.8
18,"email",15,3,24.7
59,"phone",1,9,31.1
20,"in-person",8,7,27.7
36,"phone",7,3,40.8
33,"email",6,4,35.9
28,"web",11,1,41.3
39,"phone",0,4,42.9
69,"web",7,6,26.9
35,"phone",9,2,43.5
41,"email",6,9,24.3
26,"phone",2,4,40.1
72,"in-person",6,4,69.1
40,"phone",10,10,50.3
42,"in-person",5,2,40.5
80,"web",2,5,58.1
33,"web",10,1,56
65,"web",14,5,59.7
46,"phone",5,8,32.2
40,"phone",6,9,36.1
36,"web",10,8,34.6
77,"email",9,2,52.8
64,"phone",6,4,63.8
37,"in-person",9,1,51.4
76,"web",9,8,32.3
35,"phone",13,3,56.8
67,"phone",1,6,41
72,"in-person",9,8,37.4
19,"phone",8,4,54.2
23,"web",2,8,17
27,"phone",0,8,40
74,"web",2,10,45.5
68,"email",10,2,52.6
41,"email",5,8,39.1
62,"web",13,1,58.1
64,"web",11,1,51.5
21,"in-person",15,2,34.3
73,"in-person",15,2,64.1
79,"email",0,8,46.1
65,"phone",15,5,55.3
44,"phone",4,1,44.4
65,"phone",11,7,57.4
59,"web",15,1,51.6
40,"in-person",9,1,39.1
73,"email",4,2,53.3
37,"email",2,8,25.6
79,"web",12,4,53.6
62,"in-person",6,7,34.9
80,"web",4,10,31.4
30,"in-person",8,2,47.9
34,"phone",6,1,46
51,"in-person",3,6,43.6
75,"in-person",5,6,56
69,"email",10,9,41.5
68,"email",2,7,38.1
45,"email",7,6,32.2
18,"email",9,3,45.3
79,"phone",8,6,64.3
60,"email",2,8,47.9
67,"in-person",4,4,51.4
22,"phone",13,10,24.5
57,"in-person",5,2,61.1
52,"email",7,5,35.1
21,"email",4,4,40.1
43,"phone",6,9,36.2
47,"in-person",4,10,32.8
72,"phone",10,4,66.3
62,"in-person",11,1,65.8
60,"in-person",0,2,57
29,"email",8,9,9.4
45,"phone",14,10,37.5
73,"email",2,3,48.2
41,"email",2,1,49
26,"web",3,10,19.3
47,"phone",15,8,42.4
70,"email",10,7,42.9
68,"phone",1,8,50.2
31,"web",13,6,29.9
56,"email",13,2,55.8
73,"in-person",10,4,51.2
36,"email",14,3,37.7
67,"phone",5,8,50.3
37,"phone",0,2,58.8
24,"email",4,10,8.9
20,"web",8,9,8.1
64,"email",8,10,28.2
68,"in-person",12,8,41.3
56,"in-person",12,2,47.6
56,"phone",11,2,53.7
72,"email",6,4,44.7
65,"phone",6,2,73.4
25,"phone",3,7,28.3
74,"phone",15,7,50.2
79,"in-person",0,7,56.8
80,"web",2,3,65.3
80,"web",12,4,53.4
49,"phone",10,8,39
74,"web",1,5,29.1
23,"in-person",7,2,58.1
18,"email",0,5,20.9
67,"in-person",1,3,53.7
30,"web",14,9,21.9
70,"in-person",9,5,51.1
35,"in-person",1,6,44.2
78,"web",4,2,47.8
80,"phone",3,8,63.4
23,"web",15,8,38.5
19,"in-person",7,6,30.3
46,"in-person",7,3,44.3
64,"email",5,3,56.4
64,"phone",12,3,60.6
72,"web",9,7,36.3
47,"in-person",12,8,32.5
62,"email",11,8,43.4
31,"phone",9,6,37.2
65,"web",12,10,37.6
34,"phone",5,9,26.9
65,"email",15,1,63.9
30,"email",11,5,16.8
38,"in-person",6,4,44.1
70,"in-person",10,10,39.7
53,"phone",11,1,67.9
34,"email",2,1,43.7
56,"in-person",7,5,51.2
32,"web",5,5,35.8
31,"in-person",9,4,30.1
28,"in-person",8,1,38.1
46,"web",15,4,35.5
80,"phone",15,6,68.1
25,"web",9,4,38.3
40,"email",12,10,11.7
27,"in-person",6,9,34
56,"in-person",13,1,53.5
64,"phone",1,3,66.3
65,"web",0,6,50.9
80,"email",5,8,52.1
74,"email",12,4,64.4
21,"email",1,7,12.7
29,"in-person",4,2,38.2
80,"web",13,8,43.3
41,"web",10,3,31.2
79,"phone",13,7,52
57,"in-person",2,1,54.8
30,"web",11,10,27.5
25,"in-person",11,10,23.4
52,"phone",4,3,49.4
60,"email",15,8,25.3
70,"phone",13,5,48.4
45,"phone",2,8,45.1
68,"email",12,10,33.5
24,"in-person",8,3,32.2
68,"in-person",12,3,57.1
71,"email",0,7,58.7
45,"email",6,4,47.1
51,"email",6,4,30.6
35,"phone",10,2,51
76,"email",6,1,48.2
31,"in-person",10,10,7.6
24,"phone",7,4,45
24,"email",1,10,10
76,"web",15,7,55.3
24,"in-person",15,9,26.1
35,"in-person",2,1,48.2
30,"phone",5,5,50.1
53,"phone",10,8,50.7
77,"phone",1,1,73.1
63,"email",13,10,21.6
54,"web",0,1,56
35,"web",13,6,20.9
18,"phone",14,10,7
48,"email",10,7,40.3
22,"email",0,4,37
48,"in-person",0,7,46.7
30,"email",14,9,14.4
47,"web",15,7,35.5
77,"email",5,2,56.5
48,"email",1,4,42
76,"in-person",2,8,47.5
28,"email",9,4,21.1
51,"phone",14,9,47.6
69,"email",3,7,46.8
65,"phone",7,1,53.5
18,"phone",7,3,47
33,"web",2,5,32.6
53,"web",7,1,53.7
50,"in-person",4,3,48
37,"phone",11,8,45.5
51,"phone",3,5,45.6
52,"web",9,3,42.2
59,"phone",12,2,61.9
49,"phone",1,7,53
73,"email",5,3,47.2
75,"web",14,7,21.8
40,"email",5,2,45.7
39,"in-person",3,7,32
29,"phone",2,1,42.6
76,"email",11,1,52.2
73,"email",13,8,35.4
42,"web",14,7,19.1
57,"phone",13,9,45.9
36,"in-person",10,5,48.6
19,"in-person",6,3,42
73,"email",1,3,52.8
58,"in-person",6,7,38.4
42,"email",14,2,59.9
34,"phone",0,9,18.6
60,"phone",8,8,58.9
69,"phone",15,1,68.5
71,"web",7,8,47.1
64,"phone",6,8,39.8
27,"web",1,3,26.1
24,"email",13,2,37.7
29,"phone",14,2,52
53,"email",10,9,35.2
26,"web",12,5,38.6
38,"web",10,10,29.9
49,"email",14,3,42.8
56,"web",15,10,23
76,"email",11,6,47.2
73,"web",5,2,53.5
72,"email",15,2,48.2
30,"phone",1,1,53.5
62,"email",10,8,13.9
23,"in-person",13,5,30.3
22,"email",0,10,10
56,"web",13,7,40.1
48,"in-person",14,10,24.5
55,"email",9,2,63.8
53,"email",3,2,50.8
29,"web",4,8,27.8
18,"phone",2,5,39.2
33,"email",13,8,23.2
80,"in-person",15,8,55.3
27,"phone",6,2,57.6
44,"in-person",15,5,40.9
33,"phone",6,3,56.3
27,"web",5,9,12.4
60,"phone",14,7,41.5
54,"phone",12,10,36.8
77,"phone",3,9,30.1
48,"web",1,2,38.8
54,"web",6,1,37.4
76,"email",9,2,48.3
49,"email",7,2,41.6
33,"email",3,10,14.5
46,"phone",9,10,38
31,"email",0,9,18.9
18,"web",5,6,5.7
75,"web",14,8,49
52,"email",2,3,60.9
18,"web",2,1,32.5
23,"phone",12,9,21.3
21,"email",4,5,27.2
28,"email",12,2,45.5
62,"web",4,10,43.9
58,"in-person",6,8,49.4
18,"phone",15,8,40.8
52,"web",14,6,35.3
66,"email",8,6,43.2
26,"email",3,7,19.8
77,"in-person",15,8,43.5
25,"in-person",7,4,36.3
69,"phone",10,2,53.3
36,"email",11,10,11.8
27,"email",1,7,14.9
50,"web",6,5,34.4
42,"email",10,4,44.3
43,"phone",9,7,36.8
58,"web",12,4,45.8
21,"web",9,2,29.5
73,"email",11,10,42
33,"phone",3,9,44.5
18,"in-person",14,10,4.7
74,"email",10,5,54
68,"web",10,8,42.3
51,"web",3,8,33.4
32,"email",6,1,40.3
30,"email",15,10,36.2
63,"email",13,1,61.4
59,"in-person",9,3,54.4
42,"email",11,1,35.8
47,"web",7,7,36.6
19,"phone",0,10,29
52,"web",7,3,45.7
27,"email",10,8,13.1
74,"in-person",8,1,50.5
18,"phone",11,4,31.3
65,"phone",6,3,38.2
69,"phone",14,7,36.9
49,"in-person",14,3,44.6
76,"email",9,6,35.2
21,"web",3,5,26.6
47,"in-person",0,2,52.3
70,"phone",5,6,68.6
29,"in-person",1,4,27.4
57,"email",9,2,54.5
52,"in-person",2,4,56.5
22,"email",7,7,19.4
46,"in-person",0,1,64.4
33,"in-person",14,10,17.8
78,"web",10,4,62.6
22,"in-person",3,5,29.4
39,"in-person",1,6,30.5
45,"phone",13,3,59.2
40,"email",10,5,18.6
22,"in-person",2,9,16.6
77,"web",1,7,33.5
56,"web",4,2,36.7
50,"email",12,10,35.3
45,"in-person",15,1,61.7
65,"email",2,8,57.6
69,"email",4,3,42.4
70,"in-person",13,2,52.5
68,"email",15,2,55.2
33,"web",5,3,26.1
36,"in-person",13,3,46.9
32,"web",8,9,18.1
70,"web",15,4,52
60,"in-person",0,7,44.5
33,"web",3,7,11.7
55,"phone",14,3,59.8
31,"email",9,5,27.5
21,"web",10,8,14.8
36,"web",2,9,27.9
70,"in-person",3,7,34.4
73,"in-person",8,10,38.7
34,"email",4,1,39.3
30,"web",6,5,46.5
28,"email",15,5,13.9
47,"in-person",11,3,43.7
50,"phone",1,8,48.2
21,"web",3,1,36.3
73,"in-person",11,8,39.2
48,"phone",4,7,61.4
56,"email",13,7,42.7
50,"in-person",4,7,45.2
63,"web",8,9,54.9
34,"email",12,6,28.3
53,"web",4,9,28.5
31,"phone",14,3,36.3
53,"email",10,4,32.8
21,"web",4,3,41.8
22,"web",1,1,29.6
66,"in-person",1,7,51.3
67,"web",2,2,56.3
28,"phone",15,10,11.5
63,"web",13,9,32.7
70,"email",6,2,46.6
80,"email",8,8,34.5
35,"email",8,2,29.9
56,"email",6,8,26.1
18,"in-person",15,1,57
41,"in-person",0,7,44.9
60,"email",10,6,20.5
49,"phone",5,1,71.6
19,"in-person",15,4,38.1
39,"email",11,8,30
80,"web",9,10,31.5
19,"email",9,5,19.4
46,"in-person",9,1,47.4
41,"web",10,5,39.4
73,"web",1,5,51
25,"in-person",6,2,34.5
67,"web",4,5,39.5
28,"phone",2,3,36.7
47,"email",1,2,41.9
56,"web",14,1,49.1
34,"in-person",6,2,49.8
68,"web",7,4,46.6
21,"web",12,7,20.8
69,"phone",6,4,67.5
62,"web",2,5,68.5
76,"in-person",14,6,50.7
33,"in-person",9,8,30.8
33,"in-person",11,6,40.6
74,"email",9,7,46.3
19,"email",1,3,26.4
34,"web",15,1,50.5
50,"email",2,2,46.8
31,"in-person",4,7,22.6
64,"email",3,1,45.9
66,"web",5,3,57.3
64,"phone",9,1,84.7
64,"web",5,6,32.4
22,"phone",2,9,9.8
36,"phone",5,8,26.2
45,"in-person",10,8,35.6
41,"email",9,7,27.9
73,"in-person",11,10,39.1
66,"in-person",15,4,58.8
58,"email",15,5,42.7
50,"in-person",2,2,52.6
66,"email",8,10,30.1
41,"web",7,2,42.2
80,"email",2,3,57
26,"in-person",15,10,21.9
60,"email",0,1,47.5
80,"email",5,10,34.3
38,"in-person",0,6,38.3
30,"email",9,2,33.2
70,"in-person",2,3,57.8
40,"web",5,1,47.9
69,"in-person",11,8,54.7
30,"web",2,7,19.2
35,"in-person",8,8,29.1
18,"phone",2,8,27.8
31,"in-person",12,3,42
68,"in-person",6,8,39.4
43,"web",14,3,47.1
70,"web",4,10,29.1
57,"phone",5,6,49.4
44,"in-person",5,6,27.6
25,"email",6,10,1.2
45,"phone",4,6,55.5
55,"email",15,8,35
40,"email",4,5,41.7
35,"phone",9,6,37.8
24,"in-person",1,5,35
75,"in-person",13,7,50.9
65,"phone",14,3,60
66,"email",10,3,51
52,"web",0,4,41.7
39,"phone",4,4,57.9
39,"phone",14,10,29
29,"phone",6,6,50.8
69,"in-person",11,6,48.4
29,"phone",6,4,46.5
50,"phone",10,6,40.7
27,"email",8,3,22.4
52,"phone",4,8,23.9
18,"phone",8,7,19.8
74,"in-person",2,7,44.2
27,"in-person",4,10,14.2
34,"web",6,9,31.8
38,"web",7,10,19
40,"phone",9,3,49.5
19,"phone",14,4,25.2
58,"email",7,1,55.9
35,"email",0,3,25.3
60,"web",8,9,51.6
24,"in-person",10,3,33.4
41,"in-person",1,5,39.3
75,"in-person",15,1,69.8
46,"in-person",15,5,33.7
27,"phone",1,5,38.5
26,"phone",15,9,38.2
25,"phone",15,10,36
61,"in-person",9,6,42.9
44,"in-person",9,2,52
18,"email",13,8,11.9
58,"phone",4,8,42
41,"phone",15,7,37.6
65,"in-person",9,7,43.5
50,"in-person",14,2,39.9
55,"email",1,1,50.1
71,"web",4,8,42.1
28,"web",12,9,38.9
70,"in-person",5,6,48.9
21,"web",14,2,28.5
60,"phone",12,5,57.7
58,"in-person",13,2,66.8
72,"web",5,6,48
62,"web",1,9,31.2
76,"in-person",3,9,32.2
24,"web",15,3,34
44,"phone",5,2,42.4
66,"phone",13,10,57.4
69,"phone",5,7,41.7
23,"phone",2,10,16
51,"phone",10,4,45.7
71,"email",8,2,45
54,"email",4,2,42.1
28,"phone",12,1,55.3
18,"email",2,4,30.4
55,"phone",1,8,60
24,"phone",0,8,22.5
51,"email",3,8,35.7
18,"phone",11,5,37.1
68,"in-person",13,8,40
65,"web",15,6,37.6
56,"web",2,5,40
49,"web",6,6,45.6
67,"web",3,7,26.5
39,"phone",14,4,34
76,"phone",9,2,68.7
79,"email",12,7,37.8
56,"web",0,9,46.1
45,"web",14,8,23.9
69,"email",6,6,38.2
44,"in-person",11,2,49.9
53,"in-person",15,4,54.8
48,"in-person",6,8,24.7
38,"phone",10,5,46.1
78,"in-person",10,9,38.1
30,"phone",6,10,34.5
44,"web",14,7,29.7
53,"phone",9,3,59.5
44,"phone",6,6,42.7
35,"email",7,2,41.9
71,"email",14,10,36.1
51,"web",11,8,44.4
52,"email",6,8,23.2
30,"email",12,6,39.2
19,"phone",2,9,23.6
46,"phone",12,9,46.1
46,"phone",5,5,41.1
29,"web",15,4,37.8
77,"web",3,2,54.9
67,"in-person",7,6,43.1
75,"web",8,7,55.6
37,"phone",10,9,38.6
80,"phone",11,7,53.2
47,"web",5,6,24
29,"web",15,2,40.8
29,"web",13,9,16.7
44,"email",5,7,12.1
58,"email",8,5,35
55,"phone",4,3,65.1
66,"in-person",4,2,63
36,"phone",0,9,26.7
61,"phone",10,9,39
64,"in-person",8,8,37.7
19,"email",1,1,40
47,"in-person",7,7,27.7
61,"phone",9,8,65.3
60,"email",4,3,61.7
78,"in-person",14,7,50.2
54,"email",7,3,43
74,"web",0,4,58.2
25,"web",8,2,44.5
56,"phone",0,4,56
42,"email",2,2,54.2
31,"web",9,7,33.4
49,"phone",11,1,61.8
58,"phone",0,7,44.9
68,"in-person",7,7,36.1
23,"email",8,10,12.4
48,"email",2,3,48.1
32,"in-person",9,10,26.9
23,"in-person",11,7,33.2
58,"in-person",13,8,26.4
42,"web",6,6,26.7
53,"email",1,5,40.7
23,"email",14,6,20
69,"phone",15,2,73.5
44,"phone",11,7,59.2
27,"in-person",11,8,33.4
43,"in-person",3,6,42.3
65,"email",0,3,61.7
39,"web",3,7,38.7
64,"web",2,4,43.4
43,"phone",15,7,53.7
67,"in-person",12,2,60.5
37,"in-person",1,1,55.3
75,"phone",3,7,51.9
22,"web",1,2,33.7
44,"phone",6,5,49.4
46,"in-person",7,3,48
36,"web",6,3,44.9
46,"in-person",5,10,26.6
54,"phone",7,2,58.6
74,"email",12,8,41.4
59,"email",12,4,47.9
53,"email",4,3,46.2
19,"in-person",8,2,51.1
76,"phone",6,8,61.4
65,"web",4,5,45.3
62,"phone",7,3,59.5
33,"phone",3,8,24
72,"web",12,7,51.6
43,"phone",11,8,32.1
45,"in-person",10,10,24.5
68,"phone",6,9,51.2
34,"phone",9,2,49.5
18,"email",6,8,23.4
33,"email",6,9,11.5
63,"web",10,3,39.1
67,"web",15,4,51.4
41,"phone",10,2,66
19,"email",1,4,29.8
45,"in-person",10,8,31.6
45,"phone",2,9,48.9
66,"web",1,6,30.9
68,"phone",2,5,61.2
61,"phone",3,1,81.6
42,"in-person",4,7,45.1
70,"phone",10,4,66.4
20,"phone",15,6,39.7
43,"phone",12,7,37.5
34,"email",12,5,30.9
24,"email",0,7,19.4
57,"web",12,2,56.7
51,"web",12,10,35.3
26,"web",11,4,34.4
63,"in-person",14,10,25.4
55,"phone",0,5,55.3
69,"in-person",10,8,39.3
29,"in-person",9,3,49.7
24,"phone",15,6,37.5
68,"in-person",1,5,43.3
47,"phone",13,5,63
67,"email",8,5,54.1
54,"in-person",15,1,56.2
22,"web",4,4,28
68,"web",8,3,53.6
28,"phone",3,10,32.4
19,"web",2,3,37.8
27,"phone",14,1,44.1
63,"email",2,6,45.2
58,"email",3,8,29.5
42,"in-person",3,6,32.9
54,"web",10,1,55.1
59,"phone",0,1,51.5
44,"in-person",4,1,55
78,"in-person",15,9,37.4
50,"web",6,7,30.6
51,"phone",14,9,32.7
58,"in-person",2,1,47.7
80,"phone",4,8,65.2
67,"web",9,4,58.2
71,"web",0,8,48
65,"email",13,5,36.8
72,"email",3,4,45.2
46,"web",11,9,21.7
64,"email",14,2,34.5
74,"phone",4,4,68
67,"web",10,8,40.9
45,"in-person",14,2,64.4
57,"web",0,9,21.7
29,"email",8,3,31.5
32,"phone",12,4,38.3
42,"email",4,7,36
34,"phone",14,8,27.2
66,"in-person",9,9,41.1
64,"phone",11,4,57.3
41,"phone",6,6,56
51,"phone",12,8,41.8
57,"phone",12,6,56.5
47,"phone",2,8,38
54,"web",0,1,59.2
31,"email",11,6,29.9
34,"phone",14,4,35.4
49,"in-person",1,4,42
38,"web",15,8,25.2
75,"email",8,7,50.9
28,"email",10,7,22
39,"web",13,2,37.6
38,"email",7,1,49.1
80,"email",6,5,57.9
58,"in-person",9,9,55.5
27,"web",6,5,26.4
67,"email",3,1,62.5
69,"email",2,7,40.9
70,"email",8,6,41.4
72,"email",10,5,31.7
28,"in-person",14,4,37.1
20,"phone",4,8,45.1
46,"email",7,3,53.7
47,"web",7,3,55.9
79,"web",10,2,58.6
28,"email",0,5,38.2
79,"in-person",6,3,65.6
30,"in-person",11,10,30.8
34,"web",4,9,26.3
48,"web",13,4,34.8
74,"web",6,1,70.5
28,"in-person",9,9,28.1
35,"web",0,4,36.2
79,"web",11,9,50.9
35,"phone",6,5,39.1
68,"phone",1,9,36.8
41,"phone",15,3,34
79,"web",7,6,57.9
34,"web",2,4,39.7
69,"in-person",4,10,18.8
34,"email",8,3,42.1
28,"phone",1,6,42.2
79,"email",15,1,79.5
30,"in-person",6,5,37
71,"web",10,2,50.1
79,"web",2,5,54.6
50,"web",9,6,20.5
28,"in-person",2,3,60
49,"web",10,6,19.5
30,"in-person",11,10,15.5
18,"email",0,7,40.6
30,"web",9,2,44.4
76,"in-person",4,6,59.9
59,"web",7,7,30.6
25,"email",15,7,23.4
75,"web",0,8,46
35,"in-person",13,6,35.6
66,"email",7,4,62.6
73,"in-person",13,10,22.9
39,"in-person",10,10,32.2
68,"web",5,2,61.4
33,"email",14,9,9.7
23,"email",3,4,30.9
68,"web",9,5,53.4
40,"web",11,3,31.4
55,"web",10,2,36.9
18,"email",13,3,29.4
36,"web",9,8,25.1
50,"in-person",0,8,37.5
61,"in-person",14,5,58.3
58,"email",8,9,44.6
30,"in-person",3,9,34.2
68,"in-person",2,9,44
35,"phone",5,10,25.6
62,"phone",15,1,67
45,"phone",10,1,62.7
53,"web",0,3,55.6
24,"phone",3,10,12.8
79,"in-person",14,6,61.7
74,"web",13,8,42
49,"web",14,6,43.1
75,"phone",2,2,90
43,"phone",10,7,41.1
37,"email",6,4,31.8
72,"email",7,1,56
70,"in-person",13,6,38.9
32,"phone",4,2,58.5
64,"phone",8,10,30.9
70,"phone",3,5,56.5
24,"phone",8,7,46.2
78,"in-person",2,7,40.8
27,"phone",1,6,36
55,"in-person",7,9,33.5
57,"email",12,1,50.1
63,"web",14,7,32.2
27,"phone",2,5,49
28,"email",5,9,30.8
53,"web",1,4,42.8
78,"email",14,3,48.8
31,"web",6,3,33.1
70,"email",12,4,44.7
76,"in-person",4,8,35.2
30,"in-person",9,6,27.3
66,"phone",6,7,62.4
75,"web",9,3,50.2
20,"phone",13,2,50.2
35,"email",2,9,10.1
62,"in-person",4,4,44
71,"in-person",5,7,46.7
65,"email",14,1,48.5
39,"web",3,5,39.8
51,"web",2,3,39.8
72,"web",1,2,57.8
78,"in-person",5,9,53
19,"email",8,2,30.1
47,"phone",13,1,48.4
61,"web",12,10,35.8
69,"phone",4,10,42
43,"in-person",8,7,42.3
44,"email",2,7,23.6
47,"web",4,10,19.9
55,"phone",10,9,43.3
51,"email",2,1,40.1
54,"email",11,9,23
77,"phone",10,5,59.9
38,"email",15,8,34.5
24,"phone",10,6,33.3
57,"in-person",15,4,29
52,"phone",5,9,42.3
54,"email",11,6,26.4
60,"in-person",14,6,34.8
49,"phone",10,1,56
45,"in-person",14,5,34.3
19,"phone",6,7,39.8
50,"in-person",5,7,43.7
79,"in-person",15,7,50.1
22,"in-person",4,4,37.6
56,"phone",10,5,46.2
46,"email",10,9,15.8
78,"web",8,1,58.3
65,"phone",7,3,54.8
51,"web",13,7,24.7
49,"web",10,1,40.9
20,"web",7,8,21.8
43,"phone",5,2,42.1
62,"in-person",14,1,42.8
69,"web",14,6,52.8
48,"web",10,9,25.2
24,"phone",2,4,44.9
57,"phone",10,5,44.2
25,"web",13,4,24.6
19,"phone",8,9,37.9
29,"web",7,2,37.4
49,"in-person",13,8,32.7
71,"phone",3,9,50.6
38,"in-person",5,2,55.8
53,"phone",10,3,59.1
54,"email",4,4,36.4
51,"phone",13,4,71.3
65,"phone",6,2,62
20,"email",3,9,24.3
41,"web",9,1,37.6
71,"email",5,3,48.8
50,"in-person",10,4,47.8
59,"email",6,1,61.1
48,"phone",3,10,41.7
55,"email",5,1,42.8
35,"web",7,5,22.1
77,"phone",10,4,74.9
62,"email",14,6,47.2
65,"in-person",1,1,60.2
59,"phone",8,4,56.2
73,"email",14,10,34.7
70,"in-person",7,4,66.8
58,"email",15,5,58.1
21,"phone",2,9,32.1
65,"in-person",4,1,50.1
56,"email",1,10,29.4
57,"email",2,6,39.4
60,"email",7,3,54.1
61,"email",3,9,32.6
55,"in-person",4,4,45.7
64,"in-person",4,8,46.1
77,"web",2,1,60.9
58,"in-person",15,4,41.4
41,"phone",13,10,21.4
18,"email",8,8,17.8
43,"in-person",6,2,42.1
40,"in-person",10,5,42.9
64,"email",11,8,16.4
77,"web",6,1,50
55,"phone",9,5,58
25,"phone",5,9,17.3
43,"web",6,8,24.1
68,"phone",3,7,65.2
54,"web",5,10,50.4
31,"email",8,4,47.3
36,"in-person",5,6,35.6
39,"email",5,10,12.1
21,"web",6,4,32.1
46,"web",6,1,47
77,"email",0,1,64.7
66,"email",7,7,32.9
36,"web",15,2,44.8
41,"web",4,8,25.1
24,"in-person",7,9,13.6
41,"in-person",13,3,51
74,"email",1,7,25.1
22,"web",12,10,16.5
65,"email",7,10,17
27,"web",9,5,38.5
65,"in-person",3,8,54.6
35,"email",15,4,26.7
42,"in-person",10,1,45
29,"phone",11,9,42.7
22,"email",13,2,27.5
79,"in-person",11,2,67.5
47,"web",11,3,31.7
25,"phone",13,3,44.9
39,"in-person",2,8,21.5
23,"phone",11,5,54
72,"web",0,8,30.4
73,"phone",8,3,59.5
74,"email",12,6,43.6
25,"phone",0,8,17.6
54,"web",4,2,48.8
33,"in-person",13,10,16.3
20,"in-person",5,1,47.8
80,"in-person",3,3,67.8
56,"web",2,6,32
70,"phone",14,5,50.4
60,"email",0,7,38.8
70,"phone",7,6,62.5
44,"web",11,7,14.8
25,"phone",1,3,38.3
47,"in-person",10,2,45.2
65,"web",6,3,48.1
44,"email",2,6,18.8
66,"web",12,1,54.7
50,"email",0,1,41.7
48,"phone",9,8,40.9
26,"phone",7,3,43
76,"email",0,7,47.7
69,"phone",4,7,47
37,"in-person",12,6,36.3
70,"web",6,4,51.9
21,"web",10,9,3.2
64,"email",9,7,40.5
58,"email",1,3,49.9
71,"phone",6,1,59.8
51,"phone",1,9,26.2
20,"web",1,3,21.6
56,"email",8,7,19.3
23,"web",10,6,34.2
73,"web",1,6,43.9
49,"web",0,9,29.4
43,"in-person",0,7,33.5
19,"phone",3,2,27.1
24,"email",1,6,21.3
42,"email",3,10,28.4
22,"email",2,5,13.6
47,"in-person",15,8,30
52,"phone",0,7,36.2
30,"web",15,8,21.8
19,"phone",3,3,50.4
54,"web",1,4,40.4
59,"email",7,3,32.3
21,"in-person",13,9,18.4
35,"phone",11,7,35.6
37,"in-person",11,1,40.9
32,"in-person",6,9,29.2
78,"web",8,3,30.5
57,"phone",14,9,43.7
54,"in-person",5,4,40.1
71,"in-person",3,3,49.5
47,"web",15,10,26.6
48,"in-person",2,5,31.7
53,"phone",7,7,43
58,"web",7,7,49.9
49,"in-person",8,9,40.6
80,"phone",12,7,59.3
52,"email",11,5,37.2
59,"phone",15,2,52.6
79,"in-person",11,6,54.4
50,"in-person",7,4,47.5
29,"web",9,4,26.2
56,"phone",6,9,41.3
78,"phone",15,4,62.8
60,"phone",6,8,48.2
51,"web",10,3,49.3
79,"in-person",9,6,50.5
69,"web",8,8,35.5
40,"in-person",4,6,28.3
69,"phone",10,1,67.6
54,"email",3,3,42.3
34,"email",14,5,47.4
66,"in-person",5,8,39.3
64,"phone",13,4,81.6
45,"web",7,10,21
76,"web",10,7,37.2
62,"in-person",3,10,34.5
18,"in-person",1,8,36
41,"web",9,5,36
24,"web",11,4,26.3
39,"email",1,9,21.7
50,"web",4,9,16.2
48,"email",10,3,46.9
34,"phone",2,8,21.3
68,"phone",14,1,81.3
24,"in-person",0,7,20.2
37,"email",9,7,33.1
80,"web",7,1,53.3
64,"email",15,9,39.7
59,"in-person",8,7,38.3
55,"in-person",12,10,29.2
43,"web",6,10,11.1
39,"in-person",2,4,50.3
22,"email",1,6,12.2
30,"phone",13,10,31.2
35,"in-person",15,8,46.5
19,"in-person",2,5,36.7
47,"phone",0,3,63.8
71,"email",3,8,33.9
39,"web",13,8,18.8
31,"in-person",1,3,55.4
36,"web",12,6,43.1
50,"phone",3,3,56.7
46,"web",4,6,27.4
25,"web",8,1,31.2
33,"in-person",0,5,37.9
28,"email",7,2,36.6
56,"in-person",1,10,30.2
57,"in-person",15,7,29.4
47,"phone",5,8,49.8
31,"email",9,7,14.5
47,"in-person",1,10,21.2
43,"phone",1,9,33.9
63,"phone",7,9,49.6
80,"phone",7,4,67.3
62,"email",4,4,34.2
31,"web",1,8,25.5
35,"phone",15,4,52.1
60,"phone",5,7,43.8
65,"web",13,9,30.5
41,"email",4,7,29.8
66,"email",14,3,53.1
46,"phone",7,6,57.8
60,"email",0,4,35.4
24,"in-person",1,9,11.9
23,"in-person",13,7,27.5
27,"in-person",14,6,21.5
80,"web",9,4,50.1
59,"phone",6,9,43.8
67,"phone",14,3,62.9
35,"email",11,10,16.7
32,"web",14,2,35.5
67,"web",1,4,52.1
42,"phone",10,8,40.5
25,"in-person",4,10,9.5
58,"phone",8,5,51.5
58,"web",11,2,47.9
28,"email",8,10,2.1
19,"phone",1,6,39.5
70,"phone",5,10,55.9
57,"email",12,9,23.9
26,"web",7,9,15.2
56,"web",1,1,41.6
69,"web",13,5,44.8
20,"email",3,2,36
32,"in-person",14,10,18.9
31,"web",7,6,15.8
75,"web",7,9,42
68,"in-person",13,2,61.9
48,"email",3,4,43.4
19,"in-person",0,4,25.7
57,"web",2,3,39.1
74,"in-person",8,3,58.6
47,"in-person",8,1,62.3
63,"email",0,4,52.6
49,"in-person",2,7,42.2
34,"phone",8,7,53.2
76,"in-person",12,8,54
34,"phone",7,10,44.3
18,"web",12,8,26.2
34,"email",13,8,17.8
68,"phone",1,10,46.5
34,"phone",8,8,36.1
30,"email",4,10,6.9
46,"phone",6,7,48
78,"web",14,8,54.4
72,"email",12,8,30.1
72,"phone",6,4,65.5
61,"in-person",10,1,62.5
18,"email",10,9,18.6
27,"web",1,4,18.7
78,"phone",8,2,60.9
22,"web",1,6,24.7
40,"phone",4,4,38.8
79,"in-person",0,3,65.6
59,"in-person",0,5,58.1
18,"phone",2,3,30.8
46,"web",8,10,21.3
55,"web",1,1,47.6
18,"phone",8,9,23.8
31,"email",1,5,39.4
27,"in-person",10,9,25.4
78,"web",13,9,31.5
31,"in-person",14,7,35.1
65,"email",5,6,56.9
29,"email",13,3,38.6
56,"phone",13,9,35.3
51,"web",0,5,48.8
50,"web",2,3,43
65,"web",2,2,46.2
26,"in-person",13,1,33.5
45,"in-person",8,7,33.8
24,"email",7,9,1
22,"phone",7,7,45.1
67,"web",6,7,48.3
68,"web",4,1,63.6
56,"web",5,5,36.1
45,"email",5,8,21.9
45,"web",6,4,48
75,"email",6,5,43.3
42,"web",12,7,49.2
31,"phone",12,5,36
79,"email",8,5,44.7
54,"in-person",3,7,27.5
79,"email",9,9,31.3
66,"in-person",12,3,56.7
70,"phone",0,5,64.8
43,"web",7,5,21.3
63,"web",15,10,29.1
71,"email",1,9,35.5
33,"phone",1,6,49.3
75,"email",5,5,37.9
57,"web",0,8,25.8
50,"in-person",0,9,38.7
43,"in-person",1,3,52.1
58,"web",5,9,30.7
56,"phone",5,1,71.3
79,"email",12,10,33.4
41,"in-person",8,10,28.4
20,"web",4,6,29.5
21,"phone",3,2,40.2
23,"email",11,7,25.9
50,"in-person",1,7,38.8
46,"email",7,1,50.3
49,"email",7,6,25.4
50,"in-person",15,2,59.2
28,"web",2,1,36.7
50,"phone",10,2,57.7
78,"phone",11,8,49.5
71,"phone",12,4,66.5
66,"email",2,10,40.5
47,"phone",2,7,40.4
37,"phone",10,6,35.5
42,"phone",1,7,33
61,"email",1,8,23.7
22,"email",12,7,9.3
37,"phone",1,6,33.8
62,"in-person",2,5,41.7
21,"web",9,8,16.4
30,"email",7,7,6.7
32,"phone",13,7,29.2
51,"email",5,8,19.9
62,"email",1,1,47.8
26,"web",9,5,21.2
24,"in-person",0,4,32.7
40,"phone",2,6,54.1
40,"phone",7,8,48.3
30,"web",11,9,23.3
33,"in-person",4,8,16.6
45,"email",9,10,21
46,"email",6,5,48.3
59,"phone",0,9,45.1
51,"email",10,7,32.7
52,"in-person",0,9,43.7
22,"web",0,10,12.1
76,"email",10,5,56.8
64,"in-person",9,2,56.9
19,"web",10,1,29.2
80,"phone",6,9,54.8
37,"in-person",13,5,49.4
21,"email",2,3,34.8
34,"web",13,1,47.3
35,"in-person",2,2,40.3
31,"email",8,1,47.7
26,"phone",15,2,38.6
69,"email",0,2,66
75,"in-person",5,6,59.5
22,"web",15,6,14
42,"web",15,3,38.2
25,"email",7,9,21.6
54,"phone",6,3,59.3
79,"phone",6,10,55
27,"in-person",4,2,49.2
43,"in-person",6,4,35.7
26,"in-person",1,2,44.9
52,"web",15,5,40.1
79,"web",2,3,61
73,"in-person",9,2,67.9
47,"web",6,9,21.8
71,"email",0,10,29.2
26,"phone",4,6,15.2
64,"phone",2,5,57.3
60,"in-person",10,10,36.1
66,"email",4,10,33.5
34,"in-person",4,6,25.8
56,"email",10,7,34.4
45,"in-person",0,1,51.8
73,"email",3,9,48.6
67,"web",14,8,38.6
73,"email",13,9,38.5
29,"in-person",1,9,31.2
30,"web",3,1,38.6
60,"in-person",7,1,60.1
62,"web",9,4,43.4
51,"web",15,6,30.1
74,"web",3,9,33.1
25,"phone",4,5,30.4
76,"phone",6,5,62.9
18,"web",0,9,7.9
31,"email",10,7,19.1
50,"phone",11,7,49.8
28,"web",9,5,19.6
39,"web",13,2,49.4
36,"web",10,5,27.5
41,"phone",10,5,35.7
59,"phone",11,8,39.5
46,"in-person",2,5,46.2
62,"web",6,8,44.8
34,"email",12,1,29.8
58,"phone",0,3,49.7
37,"email",2,2,34.6
25,"phone",12,3,41.4
31,"email",11,5,40.6
29,"email",11,1,47.1
26,"phone",11,5,32.1
21,"web",0,8,10.4
79,"web",7,9,34.6
67,"in-person",13,4,59.5
61,"email",15,3,55.3
47,"email",0,6,44.6
60,"web",6,7,40.2
65,"web",4,10,44.5
57,"in-person",2,5,47.9
66,"web",14,10,8.9
55,"email",5,10,21.4
78,"web",3,8,40.1
43,"in-person",6,6,32.2
57,"in-person",6,4,46.7
77,"email",4,7,61.7
36,"phone",10,3,37.7
33,"web",5,7,22.1
18,"web",2,5,22.2
66,"web",6,1,49.7
25,"email",2,7,16.6
37,"phone",15,10,37.4
38,"web",8,2,36.1
26,"phone",12,2,40.6
63,"in-person",12,5,41.8
26,"email",15,2,57.1
80,"phone",10,9,48.4
22,"phone",0,1,57.7
18,"in-person",10,2,35
68,"phone",8,1,58.9
80,"in-person",4,6,39.6
31,"web",15,6,27.9
29,"phone",1,5,37.3
23,"in-person",14,9,40.4
44,"email",10,5,53.1
40,"email",3,2,34.2
62,"email",4,7,42.7
29,"web",1,2,48.8
60,"phone",10,9,49
55,"email",3,4,43.3
51,"in-person",3,1,62.7
72,"in-person",1,10,35.1
55,"email",5,1,62.3
79,"email",11,3,65
62,"phone",5,6,50.6
67,"email",8,4,57.2
45,"web",4,3,43.8
49,"in-person",3,1,48.4
26,"in-person",13,7,17.3
74,"email",3,8,30.7
66,"phone",2,5,47.9
75,"web",14,8,43
51,"in-person",12,8,47.2
73,"phone",8,9,64.4
79,"phone",15,9,53.5
53,"email",13,2,31
32,"email",2,3,37.9
61,"in-person",10,4,48.7
79,"email",11,2,59.5
45,"in-person",0,10,27.8
54,"in-person",10,4,60.1
55,"phone",7,8,36.2
30,"in-person",13,9,25.7
52,"in-person",3,2,50.7
23,"email",2,6,25.3
28,"phone",0,10,19.7
71,"web",6,3,39.1
63,"web",0,10,31.8
73,"email",14,1,48.7
37,"phone",0,7,35.9
80,"in-person",0,1,62.2
62,"in-person",5,9,33.8
26,"email",6,7,5.9
69,"phone",5,2,56.4
60,"email",3,10,46.2
47,"web",0,10,22.7
43,"phone",13,5,38.5
80,"phone",1,2,71
19,"phone",0,8,19.3
46,"email",1,5,41.9
47,"web",11,10,30.8
48,"web",11,4,35.3
38,"web",12,10,26.1
47,"web",7,7,41.8
60,"in-person",9,8,36
47,"in-person",9,4,44.1
54,"email",15,1,39.3
66,"phone",13,8,44.3
24,"in-person",3,3,34.4
47,"phone",7,3,55.6
23,"in-person",15,3,36.7
37,"phone",15,1,72.9
28,"in-person",8,7,32.7
79,"web",0,7,41.4
32,"web",1,1,38.7
65,"in-person",9,4,37.6
48,"email",5,4,34
28,"email",4,2,30.4
19,"web",11,10,26.4
60,"phone",12,9,42.2
41,"email",10,1,43.6
53,"in-person",9,9,38.8
60,"email",10,1,50
69,"phone",1,2,61.1
52,"in-person",9,4,43.5
40,"email",7,4,38.7
39,"web",11,5,34.4
59,"email",3,6,36.7
61,"phone",7,5,44.9
74,"web",14,2,59.2
43,"phone",14,10,26.7
53,"web",15,8,27.5
46,"in-person",1,3,51.2
48,"web",2,10,20.6
44,"web",10,10,28.1
47,"in-person",15,1,42.6
45,"web",10,1,48.8
52,"phone",4,8,43.5
79,"web",1,1,53.4
29,"email",10,9,14.6
71,"phone",9,5,51.8
19,"email",13,1,30.3
59,"web",11,1,28.6
62,"in-person",9,5,39.7
35,"email",12,2,43.9
40,"web",14,10,23.5
23,"email",3,8,24.5
78,"phone",13,3,68.6
74,"in-person",6,2,57.8
50,"email",4,6,41.4
70,"in-person",12,10,34.6
22,"web",2,4,34.1
49,"web",13,10,22.1
59,"email",8,2,37.9
22,"email",8,6,25.6
65,"in-person",13,2,65.9
26,"phone",14,7,33.9
50,"in-person",15,7,13.9
68,"web",1,9,20.1
23,"web",13,10,26.9
29,"email",7,5,28.5
34,"phone",5,7,47.7
41,"in-person",13,10,23.7
65,"phone",8,9,45
67,"phone",12,2,68.5
20,"web",8,10,16.4
80,"in-person",4,4,51.2
36,"in-person",3,10,39.4
19,"web",13,4,19.5
23,"phone",9,1,54.5
39,"web",15,3,40.6
46,"web",15,4,32.9
24,"email",1,9,21.8
24,"in-person",15,4,50.3
35,"in-person",7,1,51.4
39,"web",4,8,43.2
45,"email",6,9,24.1
73,"in-person",7,4,39.5
25,"phone",8,6,32.8
67,"email",8,6,32.6
39,"email",9,5,29.1
49,"in-person",8,2,52.4
38,"web",14,5,25.9
55,"in-person",9,8,44
73,"phone",13,9,50.7
63,"phone",7,4,56.3
29,"email",3,2,34
62,"web",14,2,46.9
32,"web",15,3,22.4
20,"in-person",13,9,15.6
53,"email",13,9,29.9
74,"phone",3,6,53.8
38,"web",7,6,24.9
75,"email",10,3,52.6
61,"email",14,7,39.4
64,"phone",7,3,74
60,"phone",2,5,52.9
43,"phone",10,8,31.8
37,"in-person",13,3,48.6
57,"email",5,10,21.2
78,"email",11,8,45.8
30,"in-person",4,9,24.6
30,"phone",13,1,58.6
47,"email",5,10,22.4
60,"web",11,1,45.7
77,"phone",10,5,62.4
73,"in-person",4,4,44.7
40,"in-person",10,2,41.5
35,"email",11,2,33.5
69,"email",2,7,44.1
43,"phone",12,5,52.6
21,"web",11,6,19.4
60,"in-person",8,9,27.8
65,"in-person",11,8,37.4
25,"email",10,3,28.2
40,"email",14,5,27.9
34,"phone",3,3,48.8
33,"web",1,5,45.2
61,"in-person",1,8,37
54,"web",1,6,53.6
56,"web",6,9,31.3
49,"phone",4,3,49.6
55,"in-person",7,7,29.4
33,"web",13,4,30.7
70,"in-person",5,5,53.2
44,"phone",1,4,54.3
69,"email",15,3,53
39,"email",5,9,17.9
19,"email",13,10,22.6
41,"email",15,2,35.2
72,"email",0,7,40.6
29,"in-person",15,10,30.9
56,"web",6,7,40.8
30,"email",15,8,19.4
40,"in-person",8,10,19.9
68,"phone",15,6,45.9
18,"web",3,10,11.7
47,"phone",10,10,54.2
26,"email",14,3,21.2
51,"in-person",6,1,53.7
19,"phone",9,9,20.6
66,"in-person",12,3,54.6
52,"in-person",8,1,50.4
76,"web",11,10,23.2
78,"web",2,7,42.4
52,"web",9,3,52.4
59,"web",1,5,31.4
56,"phone",13,6,49.4
67,"phone",8,1,62.6
56,"email",7,9,26.8
61,"phone",8,5,61.2
52,"phone",11,9,43.6
47,"web",12,9,24.9
51,"in-person",4,3,48.9
46,"phone",2,7,37.3
32,"web",8,3,18.1
73,"phone",7,6,52.4
39,"in-person",13,3,47.2
39,"phone",11,6,41.7
51,"email",15,9,12.1
75,"web",1,9,45.2
67,"email",4,6,51.9
70,"phone",9,7,43.3
58,"in-person",9,5,46.4
67,"in-person",1,1,52.3
65,"phone",2,10,46.7
58,"email",5,8,50.7
61,"phone",1,6,41.4
56,"email",3,2,59.9
79,"in-person",7,2,66.2
31,"in-person",9,3,34.9
42,"phone",1,6,29.6
75,"email",1,5,41.4
23,"web",11,9,19.4
63,"in-person",3,5,34.4
56,"phone",7,1,53.9
45,"email",0,8,20.1
20,"in-person",3,2,27.1
65,"phone",7,3,61.8
25,"web",5,6,32.8
32,"phone",4,6,32.9
21,"phone",4,8,27.7
63,"phone",13,5,53.9
79,"email",1,5,27.1
34,"email",9,7,32.9
70,"phone",9,9,36.6
75,"web",13,2,61.3
32,"phone",13,10,36.1
25,"phone",11,10,27.4
19,"in-person",9,9,25.8
25,"web",11,10,17.8
71,"in-person",1,10,51.7
71,"web",6,1,60.5
68,"email",1,5,44.2
52,"web",9,8,35.6
42,"phone",15,6,28.5
33,"phone",13,1,49.6
21,"web",0,7,18
37,"in-person",7,6,32.9
18,"email",7,10,8
34,"in-person",3,6,33.9
43,"email",6,8,21.9
25,"email",15,10,11.7
70,"email",15,5,41.8
64,"phone",15,7,53.1
59,"in-person",1,2,52.3
30,"web",13,1,47.3
49,"web",4,3,37.8
44,"email",5,6,38.5
73,"phone",13,10,46.5
65,"email",9,6,34
65,"email",3,1,62.6
66,"web",8,6,44.3
23,"in-person",13,8,33.7
79,"phone",4,6,54.5
50,"email",2,5,40.7
53,"web",4,5,43.7
47,"in-person",8,5,35.3
53,"web",8,5,30.7
56,"email",4,6,34.9
38,"in-person",4,8,26.7
38,"phone",12,7,37.1
40,"in-person",5,1,56.2
39,"in-person",2,7,22.3
56,"email",13,4,57.9
43,"in-person",4,10,18
60,"email",1,6,39.6
41,"in-person",14,6,39
19,"email",0,2,34.3
41,"web",6,5,39.9
67,"email",11,1,60.1
27,"web",5,6,16.5
41,"email",10,6,36.1
55,"phone",5,4,48.9
39,"phone",2,5,46.2
64,"email",5,2,59.5
44,"email",14,6,19.4
48,"web",7,4,38.5
60,"in-person",7,8,40.4
67,"email",9,1,63.9
65,"email",5,2,56.7
20,"email",4,4,21.1
71,"phone",0,5,72.8
73,"email",2,1,48.4
79,"email",7,3,41.6
23,"web",4,3,37.1
41,"email",9,4,47.9
43,"in-person",7,2,31.9
72,"phone",7,3,57.9
51,"phone",10,8,42.8
76,"web",0,2,51.4
55,"in-person",6,9,38.3
67,"in-person",11,4,58.3
63,"email",14,4,43.2
24,"web",6,9,22.1
73,"web",14,10,32.6
77,"email",14,7,42
39,"web",2,2,32.1
45,"phone",12,2,60
35,"email",15,8,28.7
22,"web",10,5,20.1
57,"phone",3,10,46.3
65,"in-person",1,7,58.1
73,"in-person",7,3,43.8
20,"in-person",10,1,55.5
78,"phone",9,5,43.8
28,"email",12,4,39
31,"in-person",2,5,46.6
60,"web",6,2,57
64,"phone",10,3,43.1
26,"web",9,7,25.1
53,"email",14,5,31.2
48,"email",4,6,42.4
22,"in-person",3,8,30.5
69,"in-person",13,7,39.5
69,"web",0,6,36.3
69,"web",15,9,40.3
32,"email",2,6,17.6
35,"phone",8,6,26.7
37,"web",5,10,20.1
31,"in-person",2,10,27.7
36,"phone",1,8,41.3
29,"in-person",4,5,36.3
42,"phone",6,10,37.6
32,"email",7,5,23.8
45,"email",0,6,24.4
35,"web",1,2,33.6
20,"email",5,3,27.4
18,"web",3,2,19.3
29,"web",6,10,26.9
56,"web",1,1,47.4
70,"phone",3,4,62.3
32,"email",9,7,33.1
42,"phone",12,6,63.6
67,"in-person",2,3,53.8
23,"web",2,6,11.6
20,"email",0,9,30.8
51,"in-person",15,1,49.3
39,"email",5,3,23.4
29,"web",6,3,34.2
54,"email",15,8,45.2
71,"phone",4,9,55.5
50,"phone",14,7,40.8
73,"email",0,2,60.3
26,"email",11,2,33.5
25,"email",12,10,23
43,"web",15,7,32.5
68,"web",10,6,45.8
77,"in-person",14,5,62.9
35,"email",4,1,45.9
51,"phone",2,6,40.1
48,"phone",6,4,51.7
59,"phone",15,4,50.2
18,"web",4,10,19.3
53,"in-person",7,8,50
80,"email",15,5,49.6
75,"in-person",3,4,66.8
43,"phone",13,3,57.9
73,"web",5,1,57.7
28,"web",6,2,21.9
48,"email",13,10,29.6
26,"email",8,10,16.1
20,"phone",2,1,55.9
62,"web",1,1,52.4
47,"web",5,8,27.5
66,"web",9,2,57.1
18,"email",9,6,22.9
57,"web",8,9,29.2
29,"in-person",12,7,32.6
57,"in-person",15,7,30.9
45,"phone",3,6,38.6
22,"in-person",8,6,31.9
24,"phone",11,1,60.2
61,"email",5,6,44
72,"email",3,9,24.7
21,"in-person",4,7,35.5
77,"web",2,6,59.1
20,"in-person",7,3,25.9
53,"web",15,2,38.4
76,"web",3,5,44.5
19,"phone",14,3,35.8
71,"in-person",15,4,52
73,"in-person",15,1,75.9
22,"web",2,3,27.5
22,"phone",14,6,39
36,"phone",14,7,33.1
35,"email",14,10,6.3
62,"web",8,4,47.9
66,"email",6,5,58.9
59,"phone",0,4,50.1
35,"email",2,3,32.9
40,"email",10,6,21.6
69,"email",9,6,49.3
53,"email",12,7,34.2
71,"phone",7,5,48.2
32,"in-person",8,7,37
59,"phone",10,1,62.3
60,"web",14,1,48.2
53,"in-person",6,3,61.5
78,"in-person",14,10,43.4
70,"email",2,9,35.6
28,"web",7,8,16.5
37,"email",9,5,32.9
61,"in-person",2,6,39.2
26,"web",7,5,34.7
66,"email",3,1,47.2
40,"email",11,10,31.3
62,"email",12,3,45.5
68,"web",6,4,42.6
40,"in-person",12,8,13.5
80,"email",2,3,57
77,"web",12,9,36.3
59,"in-person",6,8,57.6
31,"phone",0,5,34
71,"phone",5,4,65.5
62,"phone",13,6,62.4
37,"in-person",0,5,33.7
47,"phone",14,1,61.9
36,"email",12,1,31.4
63,"email",1,10,18.4
20,"web",8,6,35.1
34,"in-person",10,3,24.8
65,"in-person",9,8,29.3
20,"in-person",14,7,20.6
26,"phone",7,9,18.8
53,"in-person",4,1,66.8
19,"email",7,4,36.4
67,"email",4,3,49.5
49,"web",0,4,38.6
55,"email",10,10,21.9
33,"web",14,9,24.6
40,"email",3,2,25.2
76,"email",5,7,35.5
51,"in-person",9,10,33.4
70,"email",5,4,35.9
71,"phone",8,2,65.5
53,"phone",11,3,52.4
55,"web",12,6,42.3
36,"web",13,8,31.1
51,"web",6,3,38.5
61,"email",0,3,47
47,"email",3,3,35.5
21,"web",12,8,28.8
40,"phone",9,3,54
31,"email",5,3,41.7
29,"web",1,7,12
60,"web",6,9,33.9
44,"web",4,6,26.5
38,"in-person",14,9,26.7
64,"email",5,8,38.8
71,"in-person",0,7,40.3
47,"phone",2,8,43.9
43,"web",2,9,35.5
60,"email",2,4,48
52,"phone",8,5,46.7
52,"email",7,5,23.7
78,"in-person",11,10,36.4
40,"phone",3,7,27.2
62,"phone",0,4,58.9
21,"email",0,5,29.6
51,"web",12,9,37.2
40,"email",14,1,24.8
28,"web",6,2,41.3
78,"in-person",9,8,47.9
20,"phone",2,5,36.5
42,"in-person",7,7,41.8
74,"email",7,8,42.9
33,"email",11,9,16.3
79,"phone",1,3,74
72,"email",8,1,69.4
78,"email",1,8,46.6
53,"phone",1,4,50.2
56,"email",3,7,32.2
22,"email",10,6,19.9
41,"web",15,5,37.3
41,"web",8,5,42.8
40,"email",1,8,25.2
49,"email",2,10,30.4
64,"web",3,7,17.9
61,"web",6,9,38.1
75,"in-person",5,2,62.1
75,"web",8,8,34.4
74,"web",7,3,50.5
78,"web",9,5,48.3
67,"in-person",11,10,47.5
37,"email",10,5,38.7
48,"email",9,10,17.4
75,"web",7,8,38.8
61,"email",6,5,31.7
38,"in-person",1,1,30.4
43,"phone",7,7,53.7
48,"phone",7,8,29.3
79,"phone",0,8,45.1
25,"in-person",0,9,28.1
24,"phone",0,1,38.8
40,"phone",11,5,42.2
58,"email",14,1,43.2
48,"in-person",5,3,50.3
20,"in-person",2,1,61.9
65,"email",1,5,49.2
71,"email",15,2,61
71,"email",2,7,36.7
73,"phone",2,6,54.9
20,"in-person",10,8,21.6
54,"phone",5,6,57.4
21,"phone",8,1,44.3
36,"email",7,9,13.4
65,"in-person",12,8,50.9
29,"in-person",14,6,43.5
36,"phone",7,1,53.4
37,"web",14,3,55.5
73,"email",2,10,37.3
25,"in-person",15,5,36
54,"email",11,2,50.8
65,"web",13,1,52
20,"email",8,6,6.4
24,"phone",4,5,45.2
36,"email",3,1,50
78,"in-person",1,2,56.8
39,"phone",0,2,47.6
38,"email",3,5,25.9
30,"email",7,3,35.4
42,"web",8,10,18
51,"web",5,2,45
41,"email",1,8,9
52,"phone",1,3,69.2
68,"phone",7,1,72.3
65,"email",4,4,34.1
42,"web",14,8,17.6
50,"web",3,6,31.2
20,"phone",11,6,50
56,"web",14,5,30.6
36,"email",10,10,22.4
43,"email",5,5,28.6
74,"email",11,8,52.9
78,"in-person",13,3,57
78,"email",6,10,40.4
35,"phone",8,6,35.2
73,"email",7,8,28
55,"email",15,8,38.7
40,"in-person",5,3,39.3
30,"in-person",1,1,49.2
29,"in-person",15,4,42.7
18,"email",4,3,24.9
38,"web",10,4,33.6
73,"phone",6,6,60.5
36,"in-person",10,9,15.9
37,"phone",0,7,48.3
77,"email",8,8,46.3
57,"in-person",12,3,28
25,"in-person",0,3,27.8
75,"in-person",1,5,42.9
68,"phone",0,6,40.3
44,"email",13,4,31.2
46,"web",1,7,26.3
31,"phone",3,4,47.3
64,"in-person",0,9,33.8
49,"in-person",4,2,52.1
30,"in-person",4,3,31.6
51,"email",12,10,20.4
54,"phone",4,6,56.4
38,"phone",5,4,38.2
37,"email",14,7,32.6
35,"web",0,10,18.1
56,"in-person",5,10,41.9
72,"in-person",15,6,43
29,"phone",0,8,24.8
46,"in-person",1,6,47.6
62,"in-person",13,9,57.6
55,"in-person",4,6,35.4
49,"email",14,6,53.2
22,"phone",2,9,20.6
62,"email",10,7,24.7
47,"web",13,6,41.2
46,"email",15,10,17.4
30,"phone",9,6,50.3
47,"in-person",5,10,39.2
21,"email",11,8,13.8
70,"email",8,4,47.7
37,"phone",8,10,29
19,"web",7,7,28.3
36,"phone",12,3,44.4
50,"email",14,4,38.9
74,"email",15,6,37.9
51,"web",5,7,27.4
36,"in-person",15,8,28.8
76,"email",8,6,35.5
69,"phone",15,9,57.4
62,"email",13,3,48.6
45,"phone",7,4,56.1
44,"in-person",9,1,44.7
36,"phone",10,5,36
33,"phone",4,4,35.5
73,"email",4,8,42.2
58,"web",11,9,32.7
47,"phone",13,3,46.8
78,"web",9,7,53.1
70,"web",2,8,44.4
76,"email",11,4,51.3
53,"web",1,5,50.9
64,"in-person",4,3,48.6
71,"email",6,6,51
20,"email",4,4,28.7
80,"email",15,2,60.5
18,"phone",14,1,49.5
19,"web",10,4,30.4
29,"in-person",9,4,36.9
41,"phone",4,5,54.7
38,"email",11,7,37.7
50,"in-person",13,4,54.1
24,"phone",6,2,45.9
45,"email",4,6,29.9
72,"web",6,3,64.1
26,"in-person",3,2,25.4
63,"in-person",9,9,35.8
55,"web",1,6,37.6
37,"in-person",4,3,27.5
41,"phone",3,8,29.3
26,"web",0,9,21.2
43,"web",12,2,41.8
68,"in-person",5,2,48.9
20,"email",9,9,24.6
51,"email",11,8,24.5
52,"phone",10,5,48.2
64,"email",14,3,49.7
28,"email",5,9,17.3
76,"web",2,2,50.3
48,"in-person",15,5,50.9
71,"in-person",12,2,53.4
50,"phone",14,1,61.7
72,"in-person",5,5,54.8
60,"email",14,3,59.1
22,"web",5,7,17.1
54,"web",9,6,33.9
26,"in-person",4,10,12.9
35,"in-person",15,4,49.2
55,"phone",6,8,45.4
80,"email",10,5,47.1
36,"web",10,1,40.3
55,"in-person",0,9,38.3
46,"phone",3,2,50.9
50,"web",3,1,43.1
67,"email",9,3,53.4
24,"in-person",7,2,39
76,"email",4,10,43
61,"web",13,10,33.3
71,"web",5,6,58.6
28,"in-person",8,6,27.9
39,"web",2,6,21.6
53,"in-person",13,9,36.4
23,"phone",5,10,36.1
67,"phone",9,3,60.7
41,"phone",11,2,63.6
42,"email",7,2,42.7
23,"in-person",11,5,32.5
76,"email",12,9,22.6
79,"email",3,5,52.5
65,"email",14,4,40.6
66,"web",2,1,59.3
37,"in-person",6,6,41.6
30,"web",8,7,26.9
75,"in-person",9,6,51
52,"phone",7,7,33.2
77,"in-person",11,4,43.1
34,"web",9,1,36.2
75,"email",11,8,41.7
79,"in-person",14,5,69.6
74,"in-person",4,10,44.4
55,"web",12,3,40.7
24,"in-person",9,9,24.7
35,"email",4,6,33.7
66,"in-person",12,8,28.1
72,"phone",12,3,71.1
18,"web",3,2,39.1
72,"in-person",5,5,52.1
22,"phone",6,3,47
32,"phone",9,1,64.2
30,"phone",0,3,45.6
71,"in-person",15,1,49.2
20,"email",10,8,21.8
26,"phone",10,3,48.3
19,"email",7,9,1
55,"in-person",7,3,42.7
78,"web",3,2,46.6
20,"in-person",2,6,38.3
36,"phone",3,2,45.2
25,"phone",11,9,16.9
38,"email",8,2,28.6
19,"email",2,1,36.1
41,"phone",9,3,51.2
68,"email",14,10,28.3
39,"in-person",10,6,31.8
27,"phone",14,1,63.8
63,"email",4,6,43.7
53,"phone",15,8,45.8
67,"in-person",0,3,58.4
33,"email",12,1,54
45,"email",8,4,41
22,"in-person",0,10,16
32,"email",10,9,29.2
77,"in-person",6,10,46.3
28,"phone",11,10,27.4
69,"email",10,8,48.4
25,"email",5,6,43.9
39,"email",2,2,43.4
56,"web",8,4,42.2
36,"phone",0,8,23.4
61,"in-person",4,9,31
71,"email",1,7,38.1
23,"phone",9,7,31.7
60,"phone",13,1,53.6
70,"web",7,7,46.5
46,"email",7,9,23.2
34,"phone",8,10,26.5
46,"in-person",2,6,36.8
59,"phone",3,9,41.1
27,"web",5,4,27.7
40,"email",10,8,37.8
22,"phone",7,5,37.5
29,"email",11,10,18.1
50,"web",2,2,36.8
28,"web",5,9,29.8
68,"web",15,3,57.2
74,"email",10,8,47.6
75,"web",12,10,26.4
48,"email",0,7,47
66,"phone",5,1,59.4
79,"in-person",3,8,54.4
68,"email",15,6,37.3
28,"in-person",13,8,18.2
54,"phone",6,6,53.9
75,"web",3,3,60.7
27,"in-person",3,2,46.3
68,"email",10,9,34
25,"email",7,6,26.5
18,"email",0,3,14.7
23,"email",11,5,12.6
26,"phone",10,3,48.6
20,"email",10,4,23.4
41,"phone",13,6,38.4
66,"in-person",5,2,49.8
80,"web",9,4,63
52,"phone",2,2,62.7
30,"in-person",10,6,28.6
70,"phone",4,8,56.9
41,"in-person",13,2,61.3
42,"email",1,5,29.5
39,"phone",6,8,30.7
22,"email",13,5,21.3
70,"in-person",11,4,50.6
30,"in-person",7,9,35.1
44,"phone",2,5,44.4
32,"phone",15,5,41.4
48,"web",6,5,39.1
43,"phone",12,5,38.6
71,"email",15,2,58.5
56,"web",3,4,41
28,"web",2,5,36
43,"in-person",10,6,42
39,"web",3,6,44.5
32,"web",14,7,12.2
77,"email",2,3,47.4
24,"email",14,2,32.6
48,"phone",7,7,44.4
43,"email",12,10,19.2
34,"web",7,1,39.1
28,"web",13,5,19.6
43,"phone",1,6,45.1
66,"web",4,5,43.1
47,"phone",4,1,53.5
54,"web",6,3,45.2
47,"email",4,1,37.5
80,"email",3,4,59.1
42,"email",15,9,26.1
55,"in-person",5,10,42.9
38,"phone",4,5,41.3
29,"phone",6,4,39.4
46,"web",2,8,45.4
79,"web",5,6,51.8
41,"phone",7,7,28.7
80,"email",6,3,52.9
33,"email",12,4,43.9
24,"in-person",11,9,1
29,"phone",13,9,29.6
80,"phone",3,7,58.2
56,"web",5,8,39.2
50,"web",8,10,18.2
61,"email",7,3,53.5
40,"email",9,4,35.4
46,"email",14,4,26.3
39,"email",2,1,36.2
26,"email",8,10,12.3
46,"phone",2,6,62.2
69,"web",12,6,34.9
70,"web",2,6,55.5
71,"in-person",0,3,60.3
25,"phone",6,7,31.2
53,"phone",5,3,61.8
68,"in-person",3,6,48.8
76,"web",14,2,59.2
27,"phone",13,6,36.7
45,"in-person",0,5,48.6
50,"phone",2,6,35.3
58,"in-person",5,3,55.4
46,"web",8,2,47.5
75,"web",12,1,47.7
56,"in-person",13,8,43.1
27,"phone",8,6,27.2
78,"email",5,4,47.9
22,"phone",13,3,44.2
57,"web",6,5,55.9
79,"web",10,7,35.9
33,"web",2,6,25.4
51,"in-person",7,10,14.6
62,"in-person",14,3,61
67,"email",1,3,42.2
45,"email",13,10,21.2
80,"in-person",7,9,50.1
45,"in-person",4,5,42.4
65,"web",7,7,36.2
28,"email",15,1,38.4
32,"web",2,1,44.6
19,"web",5,10,18
39,"in-person",10,3,34.3
22,"phone",3,4,49.5
50,"phone",10,2,67.3
60,"phone",9,1,55.9
56,"email",10,2,52.7
53,"in-person",10,8,39
80,"phone",12,9,48.1
80,"email",0,4,52.9
27,"in-person",4,4,32.6
45,"web",7,9,18.5
48,"email",6,9,22.8
65,"phone",5,2,70
59,"email",3,7,33.7
58,"email",4,3,45.1
33,"phone",3,2,44.2
75,"email",8,10,26.7
72,"web",6,2,76.1
63,"email",5,8,28.8
35,"phone",0,1,57.8
59,"web",10,4,48.9
55,"email",13,7,28.9
73,"email",10,4,41.8
37,"web",8,6,30.9
39,"web",14,1,39.1
73,"email",8,8,43.4
22,"phone",4,10,35.4
45,"phone",10,8,34.8
30,"in-person",8,4,38.6
45,"email",11,7,29.9
68,"phone",3,5,41.5
23,"web",9,3,30.6
49,"phone",7,4,40.3
74,"phone",2,9,54.1
56,"in-person",8,6,42.2
39,"email",5,9,27.5
20,"web",11,8,42.3
65,"in-person",5,5,45.5
53,"web",14,3,34.5
72,"email",15,10,32.9
46,"email",10,7,31.4
20,"web",7,2,34.7
57,"phone",5,4,62.1
25,"email",2,3,35.6
51,"web",14,9,38.5
19,"email",5,8,19.8
60,"phone",7,6,60.5
66,"web",9,10,28
72,"phone",9,6,66.1
29,"in-person",3,3,41
22,"phone",12,9,28.7
55,"web",12,7,21.6
65,"email",13,5,58
72,"email",11,3,51.9
42,"email",4,8,11.6
36,"in-person",0,7,28.7
60,"web",9,9,52
22,"web",7,5,13.7
66,"in-person",8,8,37.4
41,"in-person",9,10,29.1
22,"phone",7,10,34.2
36,"phone",5,6,45.8
37,"web",9,3,29.7
41,"web",0,6,27.9
52,"web",12,10,31.4
64,"phone",15,2,56.2
28,"web",14,4,38.5
63,"email",2,6,48.7
73,"in-person",13,10,22.2
21,"email",5,8,1
52,"web",8,3,43.8
58,"email",10,7,42
45,"web",0,7,30.2
30,"web",9,4,25.7
46,"in-person",5,3,47.5
31,"phone",11,3,43.7
80,"phone",1,5,71.4
73,"web",7,5,56.8
80,"web",5,10,32.3
44,"email",7,10,15.9
57,"in-person",11,9,30.8
79,"email",3,4,52
76,"in-person",14,8,30.7
34,"web",3,2,39
79,"web",9,1,72.4
60,"web",12,3,54.8
20,"phone",8,3,48.6
30,"web",14,6,22.5
19,"email",8,2,29.1
42,"email",13,7,29.1
79,"email",12,10,50.5
29,"phone",2,1,53.8
59,"in-person",10,5,53.6
40,"email",2,1,43.3
50,"web",14,10,33.3
18,"email",7,3,31.1
32,"in-person",4,7,34.3
51,"email",9,8,28.8
31,"phone",7,2,50.6
46,"phone",4,6,26.6
61,"email",2,6,50.8
30,"web",0,8,19.6
57,"email",7,10,24.9
77,"email",8,3,53.7
56,"phone",3,4,57.7
57,"web",14,10,37.5
23,"in-person",11,6,30.1
28,"phone",1,3,29.7
48,"web",12,10,25.5
63,"email",13,5,53.3
76,"phone",3,10,36.5
32,"email",7,6,24.2
37,"phone",9,7,37.6
61,"phone",9,9,32.4
24,"web",9,10,7.8
75,"web",5,9,39.4
24,"email",4,3,15.1
37,"web",13,4,34.9
41,"in-person",3,1,58.7
54,"in-person",1,2,46.4
50,"in-person",6,5,56.2
25,"phone",7,7,34.3
77,"email",8,3,42.6
39,"in-person",14,2,42.1
22,"in-person",2,2,36.4
42,"web",2,6,44.3
43,"email",11,9,26.3
20,"in-person",3,4,41.9
27,"web",14,3,43.8
26,"web",4,1,38
21,"email",10,5,19.5
22,"web",8,3,16.7
55,"web",15,8,11.4
67,"in-person",7,4,30.9
29,"web",11,5,39.2
25,"email",9,6,33.5
47,"in-person",14,3,51.8
32,"web",11,4,34.9
25,"email",5,8,22.5
56,"email",14,8,33.3
50,"in-person",3,2,62.4
69,"email",8,9,35
38,"email",6,10,25.2
41,"in-person",11,2,56.2
69,"phone",1,7,55.2
32,"email",10,6,25.7
66,"email",11,8,44.5
39,"in-person",9,1,50
25,"phone",2,1,38.2
55,"email",3,5,51.2
76,"web",13,8,49.6
19,"email",13,1,37.2
42,"phone",7,7,39.8
52,"email",10,9,29.3
18,"in-person",8,5,23.2
32,"phone",11,7,32.7
22,"web",5,7,22
79,"web",15,8,39.7
22,"in-person",8,8,27.8
50,"email",1,9,25.5
57,"phone",4,3,70.7
71,"in-person",13,2,49.2
77,"web",0,7,44.3
37,"web",5,4,39
55,"in-person",0,1,67.6
75,"in-person",4,9,45.2
70,"web",11,4,31.5
65,"web",8,10,28.4
62,"email",5,5,38.8
18,"in-person",6,8,34.1
66,"phone",6,6,51.8
65,"web",4,6,45.4
24,"web",14,1,39.2
57,"in-person",3,4,42.9
49,"phone",4,6,51.2
59,"email",15,6,23.6
37,"web",13,7,34
22,"in-person",4,4,35.4
79,"in-person",10,7,42.8
21,"in-person",15,8,36.2
27,"email",2,9,33.2
78,"phone",3,5,70.2
49,"email",8,4,39.1
43,"in-person",5,7,38
70,"web",4,2,49.9
23,"phone",6,9,24.6
57,"phone",11,2,55.9
25,"web",6,5,35.5
64,"web",8,8,35.4
37,"in-person",1,5,33.4
50,"phone",3,3,62.3
65,"phone",15,6,50
69,"email",10,9,36.3
52,"in-person",13,1,66.2
77,"email",6,5,50.7
56,"in-person",4,9,39.5
56,"web",13,9,29.4
33,"phone",3,4,49.3
56,"phone",6,3,43.3
40,"email",13,5,37.6
23,"phone",12,9,29.1
48,"in-person",1,7,39.3
46,"in-person",1,7,48.2
41,"in-person",11,8,15.5
46,"phone",10,5,35.7
18,"phone",12,3,46.4
80,"phone",0,5,56
18,"web",6,8,23.9
53,"email",10,3,44
38,"phone",1,5,56.1
36,"in-person",0,1,46
75,"phone",14,3,68.8
46,"web",1,2,45.2
31,"phone",10,9,24
64,"in-person",12,4,44.1
50,"web",15,1,48.6
65,"phone",4,4,52.4
26,"phone",13,2,42.8
60,"web",11,9,26.9
59,"web",0,6,35.2
54,"email",12,6,38
75,"web",0,9,20.5
50,"email",8,2,38.4
61,"web",2,6,47.8
46,"email",0,6,36.3
72,"in-person",7,3,52.6
74,"in-person",1,2,52.8
80,"web",12,7,43.7
41,"in-person",15,4,35.9
62,"phone",3,5,59
57,"in-person",7,9,35.4
40,"phone",3,5,39.1
51,"in-person",11,4,52.1
73,"phone",5,2,37.6
50,"email",12,3,36.8
22,"email",12,7,30.4
31,"phone",7,5,47.1
47,"email",12,5,37.4
68,"email",7,6,33.1
62,"in-person",15,10,37.2
62,"web",12,2,51.4
66,"phone",10,4,58.2
68,"email",5,8,27.7
24,"web",14,1,28.2
53,"email",9,3,43.9
72,"in-person",0,1,55.7
60,"phone",12,3,58.9
33,"in-person",0,9,24
25,"web",7,8,20.2
53,"web",12,7,40.2
47,"in-person",12,6,33.5
50,"in-person",4,2,65
21,"email",10,8,10.8
37,"in-person",15,7,38.5
65,"phone",8,2,56.4
70,"web",10,5,40.5
21,"phone",15,10,39.7
66,"web",15,5,47.6
29,"web",4,7,26.5
28,"phone",15,8,35.6
19,"web",1,6,11.1
61,"web",14,9,17
48,"web",10,5,27.8
52,"phone",1,5,49.2
25,"email",12,5,30
34,"web",10,3,48.6
67,"phone",14,9,44
59,"phone",10,10,34.5
68,"web",13,5,54.2
30,"phone",8,1,57.3
58,"web",8,1,54.3
74,"email",10,5,45.3
41,"in-person",15,4,47.1
25,"in-person",5,1,54.4
58,"phone",8,9,40.4
27,"phone",15,7,34.7
64,"web",11,6,50.8
71,"in-person",6,1,57.5
51,"email",15,2,52.8
67,"email",15,4,38.3
68,"web",3,2,58.8
76,"email",11,8,44.9
71,"in-person",10,2,55.3
78,"phone",8,7,58.2
38,"phone",14,8,35.9
41,"email",2,3,30.9
39,"in-person",10,9,23.4
33,"email",6,1,25.4
62,"web",3,2,50.3
43,"web",15,4,39.5
64,"web",5,2,48.5
39,"web",2,5,25.4
79,"email",12,1,57.4
76,"phone",7,7,50.7
21,"phone",14,7,37.6
44,"phone",3,9,16
76,"web",15,8,44.2
52,"web",15,6,36.7
62,"email",11,8,46.4
76,"email",5,6,29.6
67,"phone",0,9,63.3
73,"web",0,2,57
53,"phone",5,1,59.4
20,"email",12,3,34
56,"web",2,3,44.3
57,"in-person",8,10,43.3
23,"in-person",10,6,18.1
20,"in-person",12,1,40.6
29,"email",6,10,29.2
78,"phone",8,6,59.2
18,"phone",3,1,52
80,"email",13,5,47.8
37,"phone",0,5,52.5
36,"web",3,10,27
77,"web",14,10,28
40,"phone",1,8,42.7
21,"web",8,7,19.7
25,"phone",10,1,60.3
19,"phone",8,3,38.1
31,"phone",14,1,50.8
75,"web",12,7,37.3
73,"phone",11,5,58.5
38,"web",9,4,36.2
21,"email",4,10,19.3
18,"phone",7,7,38.7
31,"email",3,9,9.2
75,"web",4,5,47.4
41,"web",2,9,21.4
75,"phone",8,4,73.4
55,"email",13,2,60.4
28,"web",2,6,31.6
24,"email",9,6,26.6
71,"in-person",1,2,71.5
49,"in-person",13,8,20.7
64,"web",1,7,35.7
66,"web",1,3,37.9
18,"web",15,8,17
28,"email",11,1,27.4
65,"in-person",14,3,61.6
21,"email",10,10,5.2
71,"web",10,4,50.7
35,"web",9,4,32.5
28,"email",7,6,35.6
57,"web",1,7,43.4
34,"web",11,4,38.9
19,"phone",4,6,40.6
55,"phone",6,3,52.9
52,"web",3,8,34.9
68,"in-person",4,6,43
34,"web",14,2,39.8
66,"web",4,5,35.9
50,"in-person",2,10,31.7
50,"in-person",4,9,39.8
48,"email",11,5,42.1
78,"phone",4,7,49.9
37,"web",3,6,29.9
49,"phone",4,2,52.4
58,"web",14,3,46.5
28,"web",10,7,26.3
63,"web",3,6,36.7
44,"email",5,3,49.9
75,"in-person",10,10,39.3
20,"in-person",2,10,15.3
31,"web",5,4,25.6
60,"phone",10,5,56.9
64,"in-person",15,2,50
59,"in-person",2,2,60.5
60,"in-person",6,7,44.9
42,"web",15,2,25.7
79,"web",14,10,37.1
63,"phone",2,7,45
47,"phone",10,8,48.3
38,"phone",11,1,64.7
66,"in-person",3,3,49.4
44,"phone",9,3,42.8
23,"phone",15,6,27.4
37,"email",6,5,35
26,"email",9,6,21.5
27,"email",5,3,26.6
51,"email",0,1,31.9
56,"in-person",11,3,56.6
62,"phone",11,6,35.1
43,"phone",1,9,36.8
33,"web",15,5,33.1
71,"email",4,8,36.2
65,"in-person",6,2,46.6
30,"web",1,9,23.9
50,"email",4,7,31.4
49,"phone",9,10,44.1
43,"web",9,5,36.3
45,"web",1,4,46
72,"email",14,2,59.2
45,"phone",9,6,51.4
77,"phone",12,3,78
50,"phone",6,5,48.3
72,"web",8,6,53.8
63,"in-person",14,7,54.1
26,"web",5,9,20.4
63,"phone",9,10,35.8
73,"phone",6,1,71.7
66,"phone",7,5,53.3
56,"web",12,5,24
54,"phone",7,3,55.9
71,"in-person",6,2,65.9
20,"email",0,6,33.5
32,"email",4,1,43.4
67,"web",9,6,30.1
52,"web",10,6,45.8
35,"email",15,7,44.5
40,"in-person",7,2,59.2
72,"web",9,10,30.5
34,"in-person",13,3,41.2
69,"email",15,8,27.7
22,"email",2,9,12.3
24,"web",13,5,25.3
46,"in-person",11,3,39
43,"in-person",0,10,34.9
37,"in-person",15,3,53.4
62,"web",5,10,23.6
28,"phone",6,1,41.9
30,"email",6,4,34.4
22,"in-person",1,1,20.8
46,"web",15,5,21.8
65,"in-person",12,3,58.3
62,"in-person",13,8,50
66,"email",13,6,47.9
27,"phone",12,1,60.3
41,"phone",2,10,26
47,"web",7,10,27.6
41,"phone",6,7,48.4
20,"phone",8,1,50.3
55,"web",10,4,36.6
59,"email",4,5,49
58,"web",3,1,54.8
34,"web",11,9,17.4
70,"phone",1,4,50.1
23,"email",5,5,19.1
23,"web",3,8,21.5
35,"phone",14,5,44.5
24,"in-person",7,4,39.7
37,"web",3,3,24.8
79,"in-person",7,8,40.4
30,"email",2,9,16.8
67,"email",12,9,33.7
68,"phone",1,3,66.4
21,"phone",3,2,45.8
42,"in-person",11,2,35.4
54,"web",7,8,43
40,"in-person",5,5,38.6
56,"web",12,2,54.9
60,"email",8,6,21.3
49,"email",14,2,42.8
34,"email",0,4,21.3
65,"email",4,3,41
52,"email",15,2,50.7
69,"phone",0,4,47.2
35,"email",15,4,35.6
64,"email",10,2,53.3
19,"web",7,2,40.5
56,"email",13,8,29.2
67,"phone",6,9,52.2
31,"email",0,1,48.5
39,"email",6,7,15.5
43,"phone",5,1,54.7
67,"in-person",3,6,40
73,"phone",0,5,56.3
68,"web",11,7,39.7
80,"web",0,10,28
49,"phone",4,1,54.3
23,"email",12,5,38.7
21,"in-person",9,7,31.2
18,"web",12,1,43.3
51,"in-person",7,4,47.1
69,"phone",15,5,54.9
65,"web",4,3,47.1
60,"in-person",13,4,63.4
45,"web",2,8,25.7
38,"web",9,7,28.2
53,"email",6,5,38.6
76,"email",7,7,57.6
56,"email",0,2,39.7
49,"web",8,10,6.5
38,"phone",7,10,38.4
61,"phone",14,2,57.7
35,"phone",12,10,29.1
18,"web",2,7,22.7
45,"email",14,9,17.5
23,"in-person",9,7,36.9
29,"in-person",6,3,33.4
70,"in-person",1,6,66.6
34,"web",12,6,23
75,"web",2,10,34.7
68,"email",15,1,62.4
29,"phone",5,5,40.4
36,"email",2,3,50.3
68,"in-person",0,1,66.8
41,"phone",12,7,29.5
72,"email",4,8,43.6
67,"web",3,10,46.5
25,"email",1,8,24.2
41,"web",7,10,23.8
56,"web",12,9,19.2
44,"phone",6,4,35.8
45,"web",10,5,29.3
43,"web",15,6,23.1
28,"in-person",2,8,27
66,"in-person",5,1,68
44,"email",11,8,13.5
45,"phone",5,2,53.5
31,"in-person",11,8,22.3
36,"email",7,10,19.6
50,"web",11,10,30.2
53,"phone",13,3,49.3
34,"email",0,5,32.5
76,"in-person",2,4,69.2
25,"email",7,4,33.2
39,"email",15,7,27.8
64,"phone",3,10,32.1
30,"web",12,10,15.2
75,"web",9,9,38.3
54,"phone",12,7,58
72,"in-person",12,7,56.6
38,"web",14,9,27.4
77,"email",11,9,36.6
39,"in-person",10,1,57.1
52,"in-person",14,5,37.2
75,"phone",5,2,75.2
64,"email",11,5,44.1
55,"web",15,8,31
23,"in-person",8,6,29.7
38,"web",2,7,33.3
39,"email",1,8,30.1
49,"phone",11,3,37.6
46,"email",9,10,38.3
22,"phone",9,10,21.4
30,"phone",13,3,43.9
51,"email",7,5,43.7
40,"in-person",10,10,10
18,"web",2,5,21.8
19,"email",7,8,3.8
25,"in-person",8,7,37.9
29,"in-person",1,10,29.6
35,"email",14,6,28.2
47,"in-person",2,1,54.8
27,"web",9,9,16.8
59,"in-person",8,4,45
26,"web",14,1,33.9
41,"email",10,3,46.9
45,"email",9,3,58.6
64,"email",4,9,27
44,"web",6,10,20
57,"in-person",6,10,44.5
61,"web",14,5,35.9
23,"email",1,10,16.4
26,"web",0,1,38.3
23,"in-person",14,3,31.8
55,"email",3,6,31.7
27,"in-person",10,4,33.3
18,"phone",2,1,48.6
79,"phone",2,4,60.9
56,"phone",11,1,36.5
40,"email",11,8,24.5
28,"web",15,3,36.7
38,"in-person",3,6,32.7
29,"email",14,5,31.3
23,"phone",7,9,36.8
72,"email",12,6,51.5
26,"email",13,7,27.5
52,"email",7,7,40.1
59,"in-person",5,4,51.2
27,"web",7,5,35.2
34,"in-person",15,3,28.8
45,"email",5,7,45.4
65,"in-person",2,4,58.6
29,"web",3,7,21.4
64,"phone",14,2,79.1
73,"in-person",4,9,42.2
37,"in-person",12,1,34.1
61,"phone",2,5,60.5
68,"email",0,3,51.5
32,"in-person",12,2,23.9
27,"in-person",8,8,47.8
48,"email",12,9,43.9
71,"email",7,7,36.7
54,"phone",6,3,65.6
33,"email",1,5,20.7
26,"phone",11,2,56.2
60,"in-person",3,7,47.8
40,"web",7,10,13.6
35,"email",14,9,24.5
41,"in-person",11,4,31.3
36,"email",6,6,36.4
78,"phone",6,2,70.9
22,"in-person",10,2,35.6
48,"web",13,7,29.1
23,"in-person",5,3,56.8
45,"in-person",0,10,44.5
56,"web",2,6,34.1
28,"in-person",14,3,43.2
73,"email",0,1,73.1
68,"email",3,9,33.3
57,"email",5,3,48.7
74,"in-person",0,7,53.9
38,"in-person",11,5,37.6
56,"web",9,2,46.8
54,"email",2,8,45.4
48,"in-person",0,5,43
80,"in-person",13,5,54.6
48,"web",7,9,34
53,"phone",12,5,57.1
61,"in-person",7,10,35.6
77,"web",4,4,51.8
43,"email",4,3,37.8
33,"web",15,3,37.4
67,"email",1,3,31.3
39,"email",7,3,38.7
27,"web",11,1,27.6
44,"web",6,5,21.3
70,"web",4,6,42.5
63,"phone",15,2,42.1
42,"phone",13,8,36
52,"web",5,7,41.2
45,"web",7,6,27
23,"web",7,1,29.3
29,"phone",3,6,41.1
52,"email",11,4,44
36,"in-person",9,5,39.5
34,"phone",13,10,39.4
72,"phone",13,9,45.5
47,"email",10,8,32
54,"phone",4,1,72.1
27,"phone",0,5,50.9
46,"email",11,5,48.3
70,"web",5,1,56.4
63,"in-person",4,7,45.4
51,"phone",0,6,55
23,"phone",1,2,65.6
30,"email",2,5,25.9
66,"in-person",9,2,57
48,"phone",15,10,36.5
48,"web",2,9,27.1
37,"email",7,1,53.9
38,"web",15,10,19.7
50,"email",10,7,21.1
79,"web",14,4,60.6
22,"email",1,6,30.5
44,"web",5,1,41
29,"in-person",2,3,52.6
73,"web",9,3,57.3
69,"web",4,6,46.5
70,"web",10,2,46.7
59,"phone",7,9,38.2
40,"phone",15,6,40.9
74,"in-person",2,9,43
29,"phone",11,2,52.2
61,"in-person",13,9,34.2
31,"in-person",0,9,20.7
46,"in-person",11,2,60
68,"email",5,3,55
31,"phone",6,8,34.1
58,"in-person",10,1,51.9
40,"web",9,7,32.5
33,"phone",4,9,31.3
23,"in-person",13,8,26
32,"web",0,3,37.4
25,"web",3,6,29
31,"phone",0,6,26.4
42,"phone",13,4,42.1
22,"web",5,9,8.1
52,"email",12,8,43
22,"phone",2,9,25.9
63,"in-person",13,1,52.1
24,"phone",6,6,32
71,"web",4,3,43
51,"email",14,7,26.7
23,"web",8,4,36.5
60,"email",3,7,36.6
38,"in-person",11,6,41.9
26,"web",3,7,29.4
19,"phone",0,8,20.7
80,"web",0,8,44.3
34,"web",7,8,24.8
19,"in-person",14,8,14.2
76,"web",10,9,34.2
19,"email",1,7,6.3
40,"email",6,1,49.2
23,"in-person",6,8,33
44,"phone",5,3,57
58,"in-person",14,7,45
33,"phone",8,4,52.2
60,"phone",12,2,64.9
64,"web",3,1,53.3
21,"in-person",14,10,26.8
54,"in-person",5,10,39.8
62,"phone",5,5,43
68,"web",15,1,47.3
80,"in-person",6,3,64
76,"email",3,5,49.4
45,"phone",15,9,50.1
25,"in-person",13,9,21.7
61,"web",14,8,46.8
20,"email",2,2,28.5
28,"phone",8,6,12.5
77,"in-person",9,8,48.6
22,"phone",4,8,45.4
18,"phone",5,7,35.2
68,"web",13,6,45.3
78,"email",7,2,56.1
40,"email",11,4,31.7
30,"web",14,4,20.4
64,"web",6,2,54.9
31,"email",12,6,26.3
50,"web",11,1,58
24,"phone",3,10,10.8
76,"web",13,10,29.2
47,"phone",10,7,36.8
67,"web",4,4,49.9
22,"phone",2,3,38.9
28,"in-person",5,8,29.2
32,"phone",10,3,66
72,"in-person",14,9,44
49,"in-person",8,1,53.3
37,"email",7,7,29.3
26,"phone",7,1,56.1
65,"web",8,5,47.6
53,"phone",6,3,42.5
64,"web",13,2,28.8
44,"in-person",3,2,49
21,"in-person",3,6,33.7
44,"phone",9,7,48.9
79,"phone",15,1,72.3
69,"phone",2,7,56.3
44,"web",5,3,38.6
59,"email",8,8,41.6
64,"in-person",3,10,32
61,"in-person",14,6,50
45,"phone",5,10,30
53,"phone",13,2,67.7
19,"email",8,4,25.5
30,"in-person",15,9,38.7
77,"web",4,9,42.7
77,"email",5,10,33.3
21,"web",11,4,26.2
74,"email",9,3,73.1
37,"in-person",9,10,11.7
23,"web",12,10,15.4
77,"in-person",10,4,59.3
44,"in-person",7,1,51.9
41,"email",8,10,25.5
57,"in-person",11,5,41.1
23,"email",15,3,34.5
53,"web",1,7,35.3
56,"phone",9,3,66.9
32,"web",2,3,39.8
50,"in-person",8,8,27.7
23,"email",12,2,26
32,"email",8,10,29.7
55,"in-person",0,2,54.2
34,"web",4,9,28.4
65,"in-person",11,2,28
47,"phone",7,6,38.4
42,"web",0,8,27.9
78,"web",8,2,53.4
33,"email",13,8,33.8
51,"email",2,7,19.9
64,"web",10,7,35.2
76,"in-person",10,5,61.7
42,"in-person",4,2,56.3
79,"email",12,1,66.8
41,"email",0,8,31.6
43,"in-person",4,10,22.5
48,"email",2,9,26
22,"phone",3,10,22
79,"phone",4,2,70.6
50,"email",6,4,36.9
23,"phone",10,7,19.8
25,"phone",7,3,28.6
55,"web",4,3,29.7
69,"email",3,1,48.9
61,"web",4,5,35.1
34,"phone",13,1,47.4
32,"web",7,9,24.6
51,"email",13,8,33.3
53,"phone",7,4,53.9
32,"email",2,9,23.9
52,"web",12,4,42.2
80,"in-person",15,5,62.4
21,"in-person",0,7,26.4
43,"web",10,4,42.5
40,"phone",0,3,41.4
49,"web",12,6,43.5
29,"email",13,6,24.6
73,"email",15,4,50.4
40,"phone",3,2,45.9
41,"phone",15,2,62.4
43,"web",15,7,45.6
20,"phone",11,10,16.5
22,"phone",7,1,53.9
30,"email",14,5,33.8
72,"web",5,9,29.5
48,"web",11,8,35.4
26,"web",9,8,24.2
20,"email",4,6,15.5
35,"email",8,3,48
34,"web",3,1,56.5
67,"web",6,10,21.4
80,"in-person",6,9,34.7
61,"email",11,8,38.8
62,"in-person",8,5,67.3
50,"web",0,9,8.9
45,"email",6,8,30.8
51,"web",6,3,46
66,"phone",8,6,57.5
58,"web",10,7,36
73,"phone",4,7,60.7
68,"web",1,5,53
76,"phone",2,1,60.1
53,"in-person",1,2,64.6
71,"email",11,6,45.2
53,"web",15,7,34.9
21,"web",10,3,39.8
42,"in-person",7,8,51.7
56,"web",13,1,61.9
48,"phone",14,7,40.4
49,"email",3,8,30.8
48,"email",11,2,30.9
31,"email",1,1,47.4
47,"web",8,7,12.1
23,"web",6,6,14.6
28,"in-person",2,9,18.5
74,"email",9,1,69.1
73,"in-person",4,6,65
73,"in-person",12,9,35.4
53,"web",12,2,35.6
40,"phone",14,2,47.2
67,"email",13,7,39.2
62,"email",8,7,45
29,"email",10,9,10.1
64,"web",15,8,33.8
46,"web",7,3,54.1
72,"web",11,7,39.3
34,"web",5,10,21.5
57,"in-person",2,8,25.9
64,"phone",3,5,63.2
71,"in-person",5,5,54.8
71,"email",5,5,48.2
57,"email",13,10,45.3
56,"web",10,8,42.4
49,"email",14,3,35.8
48,"email",6,7,25.6
45,"web",5,5,42.5
24,"web",9,7,13.2
42,"phone",7,4,52.7
59,"email",15,5,44.6
23,"web",8,7,24.1
35,"web",8,4,35
71,"in-person",3,4,55.2
78,"web",14,7,58.2
57,"in-person",12,3,50.3
51,"web",15,2,31.6
46,"email",7,5,24.4
27,"email",9,5,37.4
67,"in-person",11,6,48.3
29,"web",8,1,41.2
30,"phone",2,8,33.8
25,"phone",13,5,35.3
63,"in-person",6,1,48.8
55,"web",4,9,22.3
27,"phone",1,3,37.5
60,"web",15,6,37.6
66,"web",2,7,40.7
67,"phone",13,7,53.4
72,"phone",15,5,60.9
67,"phone",14,5,67.2
36,"in-person",3,2,41.8
42,"in-person",15,4,49.9
22,"phone",6,2,57.6
19,"phone",7,1,34.7
26,"in-person",3,6,28
23,"phone",4,5,59.2
64,"in-person",14,5,51
59,"email",13,4,37.7
36,"in-person",5,9,25.2
69,"email",15,9,27.6
46,"email",3,8,41.3
37,"web",14,9,15.5
63,"web",10,7,42.6
59,"email",11,8,42.3
26,"web",3,8,24.3
38,"phone",14,1,52.7
62,"web",6,7,36.1
63,"in-person",8,6,54.4
41,"email",8,8,25.9
59,"in-person",8,7,45.1
25,"web",4,1,28.8
60,"phone",2,4,67.2
79,"phone",14,5,66.8
31,"in-person",1,8,32.7
71,"email",3,5,50
63,"phone",9,7,44.9
29,"in-person",11,3,39.2
20,"email",12,2,44.8
31,"email",2,9,31.8
28,"email",7,5,42.3
58,"in-person",10,3,54
70,"phone",6,3,64.2
26,"phone",14,1,61.5
43,"phone",9,10,44.8
48,"email",6,5,49.1
32,"web",1,2,50.4
32,"phone",5,10,23.9
26,"email",12,8,30.9
51,"web",14,10,35.3
41,"email",2,5,18.3
43,"phone",2,9,46.2
79,"in-person",10,9,47.4
77,"in-person",12,4,55.7
63,"web",5,2,38
35,"email",15,4,37.9
48,"email",2,7,37.9
40,"web",4,4,24.4
30,"in-person",4,4,26.8
73,"web",6,10,41.9
71,"email",11,7,38.1
44,"phone",6,5,56.8
23,"phone",2,8,32
52,"in-person",8,10,31.2
80,"email",4,8,37.7
51,"email",15,10,15.5
34,"phone",2,8,29.3
31,"email",4,1,39.5
75,"email",2,6,50.5
43,"in-person",1,1,57.5
45,"in-person",11,9,40.3
61,"web",2,4,47
20,"phone",11,2,40.7
69,"in-person",8,10,46.1
79,"web",1,5,50.4
49,"phone",11,2,42.6
37,"email",6,7,29.9
80,"in-person",1,10,52.4
50,"email",15,8,42.3
58,"email",2,10,43
67,"in-person",10,1,53.2
29,"phone",8,8,46.4
63,"in-person",15,3,57.3
64,"phone",4,10,45.2
48,"in-person",9,8,33.3
70,"in-person",5,4,57.4
44,"phone",8,1,65.7
75,"in-person",13,8,61.6
58,"phone",4,4,60.8
58,"web",15,10,12.9
59,"in-person",1,7,43.5
76,"phone",13,9,52.8
67,"email",10,5,38.5
74,"phone",1,6,53
53,"web",0,4,40.7
20,"in-person",12,5,37.5
27,"email",14,6,32.4
53,"in-person",10,8,33.9
20,"phone",7,3,37
20,"in-person",10,5,44.4
46,"in-person",8,8,31.9
26,"web",15,6,36
19,"email",12,3,34.1
44,"phone",2,1,51.4
38,"web",9,3,38.2
50,"in-person",13,10,33
32,"email",13,6,38.4
66,"email",2,1,51.6
43,"email",0,9,21.4
63,"email",8,2,46.8
48,"web",4,4,21.3
18,"in-person",14,2,44.4
35,"in-person",7,1,39.7
65,"email",11,3,53.2
71,"email",14,10,30.2
53,"phone",9,5,54.6
55,"in-person",9,1,65.6
33,"web",10,3,47.5
66,"phone",5,9,44.3
19,"phone",7,10,28
63,"in-person",8,3,45.1
34,"phone",14,8,42.8
20,"in-person",2,6,29.4
29,"web",9,9,30.4
78,"in-person",6,6,74.7
41,"phone",2,4,45.3
68,"web",2,8,43.7
31,"email",7,2,43.7
55,"in-person",11,6,41.5
63,"email",11,9,29.8
26,"phone",7,4,52.5
51,"phone",5,10,59
20,"web",1,5,30
76,"email",0,1,52.8
72,"phone",13,3,65.3
53,"email",9,8,25.9
27,"web",15,2,28.6
61,"in-person",7,10,35.4
76,"in-person",1,2,65.6
45,"in-person",1,2,33.1
21,"in-person",15,2,46.9
59,"phone",2,9,38.5
42,"in-person",9,8,19.1
61,"phone",9,1,78.2
33,"in-person",14,6,47.9
43,"email",3,8,35.3
61,"in-person",13,8,24.1
80,"web",6,9,52.7
40,"phone",5,10,18.2
60,"phone",5,4,57.2
22,"email",7,1,31.5
23,"email",9,1,32.7
18,"web",14,1,38.3
32,"phone",5,2,48.6
64,"web",3,3,52
74,"web",15,8,45
37,"phone",10,5,42.4
44,"in-person",4,2,58.8
21,"in-person",5,5,16.9
66,"web",3,10,27.9
38,"phone",8,7,35.9
73,"email",9,7,47.1
78,"web",6,9,23.6
28,"in-person",8,8,25.7
54,"in-person",5,6,47.8
18,"in-person",5,1,29.2
50,"email",2,1,65.6
79,"in-person",5,10,50.8
20,"phone",3,1,44.5
49,"in-person",11,8,29.9
43,"in-person",8,5,33.3
60,"phone",7,6,49.5
76,"web",12,5,51
36,"email",15,5,42
62,"phone",0,1,65
71,"email",15,1,50.7
36,"web",0,6,29.2
43,"in-person",14,1,42.8
28,"phone",12,1,51.2
37,"email",0,10,23.4
55,"email",3,4,52.9
49,"in-person",3,7,33.9
77,"web",15,2,51.8
47,"web",2,2,30
77,"email",6,3,61
21,"in-person",8,4,34.3
62,"email",12,6,32.8
77,"email",11,1,69.3
74,"in-person",0,7,53.2
45,"in-person",7,7,26.7
70,"email",8,5,52.3
43,"web",2,7,25.8
73,"email",0,4,52.5
79,"email",6,6,37.7
78,"email",7,5,42.3
78,"phone",9,4,57.8
71,"email",5,3,56.3
59,"in-person",9,9,32.6
33,"web",5,6,17.9
31,"in-person",7,6,43.1
78,"phone",4,8,57.1
73,"web",0,5,36.7
67,"in-person",0,5,38.1
72,"email",12,6,45.1
31,"email",11,7,12.5
61,"phone",0,7,31.6
72,"phone",10,7,60
29,"in-person",11,3,38.1
54,"phone",2,3,47.9
36,"in-person",10,7,26.4
80,"phone",0,4,59.3
65,"in-person",4,5,49.8
64,"in-person",10,8,39.1
32,"web",4,8,21.9
64,"phone",7,8,52.4
72,"in-person",10,8,42.6
54,"phone",9,4,51.2
48,"in-person",2,7,46.6
23,"web",6,3,32.6
60,"web",12,1,39.1
79,"phone",0,4,64.2
59,"web",4,7,37.2
80,"in-person",14,9,44.6
66,"phone",7,7,51
34,"phone",5,8,37.8
70,"phone",6,9,48.9
70,"web",3,5,47.3
46,"phone",9,5,64.5
31,"phone",3,2,46.6
40,"in-person",13,5,16.3
21,"in-person",0,3,32
58,"in-person",14,3,61.3
35,"phone",11,10,36.4
41,"in-person",1,9,34.5
47,"phone",7,5,48.4
37,"in-person",10,9,28.6
39,"web",13,2,55.3
60,"phone",2,7,57.4
33,"web",10,8,21.6
27,"in-person",14,8,21
70,"web",12,3,44
35,"web",3,8,20
25,"web",3,4,31.8
49,"phone",6,5,45.3
79,"phone",5,4,64.2
63,"web",3,5,47.4
19,"phone",9,4,40.3
30,"in-person",10,9,25.8
50,"in-person",9,7,49.3
19,"phone",6,1,46.4
57,"email",13,5,53.9
75,"in-person",7,5,39.5
77,"phone",10,6,55.7
66,"phone",8,10,55.9
73,"web",0,3,60.5
77,"email",8,6,51.9
70,"phone",10,2,82.1
51,"web",8,8,28.3
70,"email",1,5,50.2
77,"phone",5,6,54.3
78,"web",10,9,43.1
56,"phone",1,2,61.1
67,"email",13,4,40.9
73,"email",15,9,30.2
69,"in-person",11,7,49.5
31,"phone",11,6,26.7
46,"phone",9,1,40.6
55,"web",5,2,53.9
21,"web",9,6,8.2
18,"email",12,7,8.9
53,"in-person",8,6,45
55,"email",3,3,33.8
37,"web",5,8,25.2
24,"email",13,5,39
38,"phone",11,5,56.5
80,"web",8,4,54.2
37,"in-person",3,8,23.1
18,"web",1,2,40.9
69,"email",0,5,53.6
79,"web",3,8,41.9
58,"phone",6,4,46.3
57,"phone",5,10,41.6
20,"email",15,6,29.5
76,"in-person",12,5,54.4
19,"web",11,2,24.6
59,"in-person",7,6,43.7
24,"phone",10,7,26.1
47,"phone",4,5,38.5
41,"web",5,9,12
49,"phone",0,4,54.1
78,"web",4,7,53
72,"email",14,1,47.6
44,"web",12,8,30.3
62,"web",15,3,52.8
45,"phone",0,7,43.6
67,"email",5,1,69.3
67,"email",11,7,46.1
53,"phone",3,7,47.7
62,"web",12,10,32.2
72,"email",15,10,31.5
68,"web",9,1,51.6
19,"web",11,10,14.7
28,"web",15,4,24.5
33,"web",7,4,26.2
34,"email",14,3,57.7
37,"web",10,2,48
58,"web",1,4,36.3
48,"phone",2,2,62.6
61,"web",6,10,37.3
24,"phone",0,4,36.5
75,"web",11,6,52.5
39,"email",10,10,19.2
70,"in-person",7,3,43.2
27,"web",0,3,38.6
40,"in-person",6,10,42.2
28,"phone",15,8,41.3
66,"in-person",11,9,35.7
21,"in-person",15,9,11
55,"in-person",3,3,53.6
56,"web",4,3,48
78,"email",2,6,50.1
32,"web",0,9,27.2
56,"phone",5,2,69.7
44,"phone",8,6,46.4
67,"web",14,5,39.3
51,"in-person",15,1,67.7
18,"web",1,2,36.8
28,"in-person",4,3,32.6
48,"phone",4,9,30.8
19,"in-person",1,7,46.3
72,"in-person",14,7,42.5
67,"web",2,9,26.2
35,"in-person",12,7,25.1
35,"phone",9,2,46.3
50,"web",1,2,43.3
27,"web",9,3,42.6
21,"phone",12,2,47.9
28,"phone",1,5,33.2
77,"in-person",1,5,44.6
61,"in-person",0,5,46.8
57,"web",15,4,57.7
36,"in-person",12,7,29.4
28,"phone",14,5,36.1
64,"phone",10,6,59.3
18,"web",0,2,29.2
76,"email",15,4,41.4
46,"email",13,5,51.6
74,"in-person",14,3,53
62,"in-person",1,4,41.8
72,"web",0,3,56.4
78,"phone",3,7,71.7
75,"in-person",13,2,61.3
27,"web",10,2,35.9
68,"email",6,10,29
45,"in-person",4,8,33.4
42,"in-person",2,5,41.1
45,"in-person",14,9,30
46,"in-person",11,1,58.5
76,"in-person",12,4,65.9
59,"web",13,8,32.5
64,"in-person",9,9,39.5
33,"email",15,8,21.2
33,"in-person",7,5,30.8
78,"web",3,2,62.6
25,"web",8,9,19.1
76,"in-person",11,1,54.8
63,"email",7,2,55.3
24,"email",2,7,17.7
40,"in-person",0,10,24.9
52,"in-person",0,2,53.4
26,"in-person",8,10,23.5
45,"email",10,1,43.4
36,"phone",3,9,27.4
31,"phone",1,3,28.4
76,"web",0,8,48.1
35,"email",14,4,48.2
66,"in-person",6,8,70.6
64,"web",14,6,37.7
78,"web",1,3,52.2
49,"web",4,3,43.6
77,"email",7,10,38.3
48,"web",9,6,38
73,"email",13,9,38.5
49,"in-person",0,6,40.5
65,"web",15,10,36.4
71,"email",12,6,45.7
49,"in-person",12,7,35.3
42,"email",3,10,27.6
24,"phone",13,5,46.9
19,"in-person",1,9,19.9
28,"in-person",11,8,40.2
29,"web",4,6,42.7
29,"in-person",6,3,30.2
76,"phone",6,7,58.3
80,"web",1,7,44
38,"phone",11,3,41.1
46,"web",13,1,30.5
44,"email",1,6,22.8
51,"phone",3,3,51.6
75,"phone",2,8,55.7
75,"phone",5,8,55.4
46,"in-person",10,1,48.2
44,"web",13,8,20.3
71,"in-person",5,4,75.5
30,"web",13,9,13
35,"web",7,4,31.8
43,"email",2,6,32.1
18,"web",8,3,38.2
59,"in-person",7,7,44
65,"web",6,1,64.8
36,"email",11,6,27.7
77,"email",6,3,63
59,"email",3,4,44.6
49,"phone",2,9,56.5
43,"phone",9,1,58.8
34,"in-person",14,10,14.1
37,"in-person",7,9,28
41,"in-person",12,4,45.9
64,"in-person",9,5,59.6
40,"email",14,3,47.8
35,"web",15,6,34
64,"email",6,10,17.4
80,"phone",11,10,49.1
56,"in-person",15,8,20.7
69,"phone",9,3,49.5
64,"in-person",8,8,43.8
63,"web",13,3,45.5
38,"in-person",13,10,19.4
46,"web",10,3,44.5
54,"email",3,2,43
53,"web",9,4,39.7
48,"in-person",3,1,52.4
66,"email",14,9,41.3
73,"in-person",4,9,48.1
30,"phone",7,7,38.2
40,"in-person",3,10,15.2
71,"in-person",4,3,57.2
66,"phone",4,3,63.4
36,"in-person",7,10,30.2
30,"email",7,2,37.5
73,"phone",12,3,75.8
37,"web",8,4,32.5
38,"web",7,10,12.7
68,"email",11,5,33.2
40,"email",0,2,57
35,"phone",2,2,76.5
74,"email",9,1,52.1
66,"web",13,1,48.2
47,"in-person",4,1,41.5
24,"web",8,10,22
27,"phone",0,2,38.2
49,"in-person",2,7,42.7
53,"in-person",12,7,39.7
49,"email",8,1,54.7
27,"phone",4,9,16.3
33,"email",15,7,28.5
80,"in-person",6,6,56.8
35,"phone",2,4,35.6
69,"email",2,6,45.4
24,"web",8,6,35.1
31,"in-person",14,2,40.8
27,"phone",3,6,27
21,"in-person",14,6,25.6
57,"email",4,9,27.2
66,"phone",11,8,37.5
46,"in-person",1,8,43.2
73,"in-person",4,2,66.7
43,"email",15,2,29
49,"phone",9,7,33.7
48,"web",15,1,36.9
74,"in-person",6,8,37.3
36,"email",3,5,27.5
27,"phone",11,6,30.4
67,"in-person",1,5,42.6
43,"email",8,9,31.3
47,"web",9,4,54.8
30,"email",7,8,14.9
27,"phone",9,6,33.5
28,"phone",10,3,39.2
47,"in-person",7,6,44.7
31,"email",11,2,42.6
34,"web",4,1,19.5
76,"phone",0,5,58.8
46,"web",7,2,36
35,"web",15,7,17.4
74,"in-person",8,4,52.3
64,"in-person",10,7,47.1
54,"web",2,3,44.3
64,"phone",15,10,32.8
41,"phone",6,4,48.7
63,"in-person",10,2,61.8
43,"in-person",1,4,43.3
55,"in-person",3,2,51
65,"email",14,6,44.1
18,"phone",1,2,44.8
57,"email",14,10,27.5
40,"phone",3,3,43.7
70,"phone",15,4,66
65,"in-person",6,8,36.6
44,"email",13,8,33.4
50,"in-person",13,8,33.9
22,"web",3,7,14.9
70,"web",0,10,33.6
42,"phone",6,9,42
44,"phone",10,7,41.6
42,"email",4,5,28.5
23,"in-person",14,1,53.8
31,"email",15,8,29.7
71,"phone",8,10,34.8
27,"email",3,7,23.3
39,"phone",0,2,56.2
19,"email",10,3,32.1
80,"email",4,7,62.3
55,"in-person",1,2,63.8
70,"web",6,8,43.9
39,"email",12,8,23.5
34,"phone",9,9,30.1
37,"email",6,3,37.1
60,"phone",7,9,27.9
53,"email",14,4,31.1
60,"in-person",14,2,43.6
22,"email",8,5,24.2
52,"in-person",14,1,50.3
47,"web",2,3,54.1
78,"phone",6,1,65.2
41,"phone",0,8,36.5
25,"web",3,10,22.2
77,"phone",15,7,66.2
75,"in-person",9,8,62.6
27,"web",15,1,25.9
38,"email",14,1,43.7
78,"phone",9,10,39.1
20,"web",7,5,18.6
51,"email",2,7,29.6
70,"email",14,1,43.7
34,"in-person",7,10,18.6
20,"phone",9,4,49.1
77,"web",7,5,68.5
43,"email",13,10,10.7
71,"email",14,1,55.3
42,"email",11,7,30.4
19,"web",2,6,26.9
32,"web",1,1,38.2
27,"phone",1,3,54.4
80,"web",11,2,50.6
71,"web",12,1,62.7
54,"web",9,4,51.3
30,"phone",8,10,25.6
68,"in-person",15,10,42.2
59,"phone",7,7,44.7
30,"in-person",13,7,25.8
66,"email",2,7,53.8
74,"email",4,6,35.2
34,"web",0,8,14.8
70,"web",15,3,48.6
42,"web",0,8,23.6
74,"phone",2,9,50.2
56,"phone",10,8,52.4
67,"email",5,1,58.7
47,"phone",8,7,50.7
50,"phone",10,6,43.9
70,"email",10,1,62.5
79,"web",4,3,58.7
68,"in-person",4,10,32.1
25,"web",4,4,26
74,"phone",8,2,65.5
75,"email",8,2,53.6
35,"email",0,6,28.8
78,"phone",13,8,57.1
55,"email",10,2,54.9
80,"in-person",4,9,45.3
51,"email",15,3,48.9
60,"web",13,4,44.2
49,"web",9,8,15.7
78,"in-person",9,6,64.6
64,"in-person",6,3,29.1
63,"in-person",14,8,29.3
75,"email",6,4,50.9
59,"in-person",5,9,35.8
27,"email",0,7,15.2
58,"email",15,7,31.9
53,"email",15,6,25.7
60,"email",10,8,21.3
50,"web",13,4,45.7
70,"phone",13,8,44.8
25,"web",1,2,38.2
73,"in-person",10,3,57
22,"phone",1,10,19.3
58,"in-person",0,8,54.8
60,"web",13,7,36
71,"email",4,9,36.7
56,"in-person",15,3,51.4
64,"phone",3,8,34.2
23,"web",0,2,31.6
74,"email",6,9,31.5
80,"in-person",12,4,71.3
57,"in-person",13,6,29.2
52,"email",7,8,24.9
69,"in-person",15,2,53.7
57,"in-person",5,2,58.8
38,"phone",15,10,34.2
48,"email",12,5,35.2
71,"web",4,1,49.5
61,"phone",1,4,65.1
74,"web",1,1,47
20,"web",10,10,15.8
59,"in-person",10,7,26.1
40,"email",1,9,32.1
29,"web",8,5,36.8
50,"in-person",10,9,20.9
49,"phone",12,5,46
22,"email",13,6,27.7
37,"in-person",4,9,27.7
56,"web",13,6,32.3
47,"web",5,5,45.8
36,"email",12,8,28.3
77,"phone",6,2,67.6
67,"phone",2,8,45.8
24,"email",5,8,16.3
25,"email",15,2,40.9
42,"web",10,10,16.6
43,"web",10,7,28
34,"web",0,2,38.2
71,"web",10,3,59.3
45,"in-person",6,9,47.6
31,"in-person",1,1,41.8
53,"email",11,4,34.9
54,"web",11,3,41
22,"email",7,5,23.5
32,"web",14,1,55.2
25,"email",5,8,20
40,"web",0,1,48.8
31,"phone",10,6,53.4
76,"in-person",2,6,34.8
65,"email",9,4,47.8
63,"phone",5,8,61.5
30,"in-person",10,7,38.9
49,"in-person",3,10,37.8
23,"email",7,10,30.2
40,"in-person",10,3,52.2
48,"web",14,7,27
63,"email",11,1,39.9
44,"email",0,8,22.5
77,"web",7,4,65.1
33,"phone",14,10,30
43,"email",11,3,51.6
50,"in-person",8,7,38
64,"email",3,6,34.3
45,"phone",0,8,41.7
44,"phone",1,6,59
41,"email",8,1,38.1
69,"in-person",7,8,48.9
78,"web",7,7,44.6
55,"web",15,7,33
52,"email",10,2,42.6
42,"email",12,4,45.4
63,"in-person",11,8,44.6
41,"in-person",9,1,49.5
22,"phone",13,1,44.1
29,"email",3,10,10.2
70,"in-person",9,2,50.6
21,"email",0,5,19.6
29,"email",5,10,24.5
39,"phone",8,3,67.7
78,"email",8,4,51.7
18,"phone",11,9,21.5
29,"in-person",3,7,35.9
40,"in-person",2,2,53
18,"in-person",11,2,19.6
18,"in-person",14,7,18.6
69,"web",3,9,31.8
68,"in-person",12,7,39.7
33,"phone",9,3,48.1
57,"web",4,8,25.4
27,"in-person",8,1,33.7
63,"web",7,7,18.1
69,"phone",12,7,57.1
46,"web",11,2,48
76,"email",0,1,66.1
62,"email",11,9,28.3
70,"web",14,5,42.7
39,"web",10,9,14.2
61,"email",9,3,30
43,"in-person",14,5,35.7
51,"phone",5,9,33.1
37,"email",14,6,37.6
49,"web",14,7,33.4
77,"in-person",13,6,59.2
46,"phone",12,3,46.7
29,"web",15,2,38.2
28,"in-person",5,4,36.7
65,"web",5,3,38.8
28,"email",14,6,22.8
78,"phone",9,9,38.5
38,"email",5,8,12.2
28,"phone",13,2,42.6
30,"in-person",2,5,44.2
20,"phone",14,10,27.5
61,"email",15,8,43
66,"web",1,2,53.9
71,"phone",1,3,50.9
59,"web",6,7,41.1
27,"web",2,7,27.2
69,"email",3,7,38.5
25,"phone",13,8,40.1
29,"email",0,6,34.8
72,"in-person",3,10,39.4
35,"in-person",14,10,16.5
80,"phone",13,7,58.1
69,"phone",3,2,59.7
20,"in-person",9,4,24
25,"email",4,10,7.3
27,"web",7,6,33.6
26,"web",4,8,11
44,"phone",14,5,45.3
29,"web",8,6,17.3
57,"email",12,6,42.1
65,"web",8,3,47
76,"web",4,6,42.7
74,"web",6,10,26.4
18,"email",10,10,21.7
53,"in-person",6,9,54.6
44,"phone",13,10,33
64,"email",13,6,60.9
21,"in-person",8,2,46.2
40,"web",0,5,44.3
64,"web",4,10,13.9
36,"in-person",15,3,51.3
54,"email",10,5,60.8
56,"phone",10,5,54
46,"in-person",5,5,48.5
69,"email",3,9,32
52,"email",0,10,32.6
61,"phone",15,8,34.9
31,"phone",7,10,39.6
72,"phone",1,3,64.3
56,"email",14,4,43.4
76,"email",8,5,51.4
39,"in-person",9,9,38.4
53,"web",10,7,28.5
62,"web",2,2,41.2
50,"email",0,4,35.3
19,"phone",7,5,32.8
31,"email",14,8,24.6
72,"email",1,8,41.8
43,"web",1,10,32.6
33,"web",14,4,23.4
38,"web",11,7,23.2
34,"web",15,10,26
31,"web",14,2,41
37,"web",13,3,36.5
70,"email",0,7,30.2
66,"web",0,10,22.3
80,"web",3,1,62.1
45,"phone",13,9,35.6
31,"email",9,10,27.6
35,"web",12,9,8.9
26,"in-person",15,10,13.3
42,"in-person",1,2,45.6
46,"phone",12,6,32.1
18,"phone",9,4,46.4
